id,title,original_title,url,archive_url,date,people,generation,language,outlet,type,tags,summary,post_file,status,era_skin
,Pokemon Peer 官方专访：杉森建、大村祐介、井部真那与田上怜子谈《黑·白》设计秘辛,‘Pokemon Peer’ Interview Translations: Designing the Unova Pokémon,https://www.pokebeach.com/2010/09/pokemon-peer-interview-translations,https://web.archive.org/web/*/https://www.pokebeach.com/2010/09/pokemon-peer-interview-translations,2010-09-10,杉森建; 大村祐介; 井部真那; 田上怜子,Gen 5,EN,Pokemon Peer (ポケモン ピア) / Pokebeach,Web Interview,增田顺一; 杉森建; 井部真那; 田上怜子; 第五世代; 黑白; JP; Gen 5; EN; Notion精选,宝可梦主创访谈数据库收录项目：‘Pokemon Peer’ Interview Translations，关注Gen 5开发幕后。,_posts/2010-09-10-interview-pokemon-peer-sugimori-ohmori-designers.md,imported,2011
,“为全世界所有孩子创造喜爱的作品，让人既感动又心怀敬畏”——西班牙《国家报》专访增田顺一与大森滋,"“Crear algo que todos los niños aman, abruma”",https://elpais.com/cultura/2014/11/01/actualidad/1414798048_551223.html,https://web.archive.org/web/*/https://elpais.com/cultura/2014/11/01/actualidad/1414798048_551223.html,2014-11-01,增田顺一; 大森滋,Gen 6,ES,El País,Web Interview,增田顺一; 大森滋; 第六世代; ORAS; ES; Gen 6; Notion精选,宝可梦主创访谈数据库收录项目：“Crear algo que aman todos los niños del mundo abruma”，关注Gen 6开发幕后。,_posts/2014-11-01-interview-elpais-oras-masuda-ohmori.md,imported,
,Notion收录：[Enquête] Game Freak en Dordogne : le futur de Pokémon ? GF 前往南法取材,[Enquête] Game Freak en Dordogne : le futur de Pokémon ? GF 前往南法取材,https://www.pokemontrash.com/news/2017-game-freak-dordogne-enquete/,https://web.archive.org/web/*/https://www.pokemontrash.com/news/2017-game-freak-dordogne-enquete/,2017-11-06,增田顺一; 大森滋; 海野隆雄; 岩尾和昌,Gen 6,FR,Notion Archive,Web Interview,增田顺一; 大森滋; 岩尾和昌; 海野隆雄; 第六世代; XY; Gen 6; FR; Notion精选,宝可梦主创访谈数据库收录项目：[Enquête] Game Freak en Dordogne : le futur de Pokémon ? GF 前往南法取材，关注Gen 6开发幕后。,,unimported,
,Notion收录：《Pokemon GO》完成度仅10%？热潮超过预测100 倍？开发秘辛圆桌会议深入报导,《Pokemon GO》完成度仅10%？热潮超过预测100 倍？开发秘辛圆桌会议深入报导,https://gnn.gamer.com.tw/detail.php?sn=137973,https://web.archive.org/web/*/https://gnn.gamer.com.tw/detail.php?sn=137973,2010-01-01,Game Freak 开发团队,综合专题,JA,Notion Archive,Web Interview,综合专题; JA; Notion精选,宝可梦主创访谈数据库收录项目：《Pokemon GO》完成度仅10%？热潮超过预测100 倍？开发秘辛圆桌会议深入报导，关注综合专题开发幕后。,_posts/2016-09-30-interview-gnn-pokemon-go-tokyo-roundtable.md,imported,
,4Gamer 现场直击：增田顺一与景山将太谈《宝可梦 X·Y》音乐制作秘辛、布拉塔诺博士设定与横滨粉丝见面会全记录,「ポケットモンスター X・Y」のサウンド制作秘話を開発陣が披露。ポケモンセンターヨコハマで開催されたファンミーティングをレポート,https://www.4gamer.net/games/198/G019893/20131116014/,https://web.archive.org/web/*/https://www.4gamer.net/games/198/G019893/20131116014/,2013-11-16,増田順一; 景山将太,Gen 6,JA,4Gamer.net,Web Interview,增田顺一; 景山将太; JP; 第六世代; XY; Gen 6; JA; Notion精选,宝可梦主创访谈数据库收录项目：「ポケットモンスター X・Y」のサウンド制作秘話を開発陣が披露。ポケモンセンターヨコハマで開催されたファンミーティングをレポート，关注Gen 6开发幕后。,_posts/2013-11-16-interview-4gamer-xy-music-fanmeeting-masuda-kageyama.md,imported,2014
,Nintendo Dream 专访增田顺一：《宝可梦 黑／白》合众大桥世界观设定·高迪美学、喷火龙剪影与力学隐喻,「ポケットモンスター ブラック ホワイト」のイッシュ地方の「橋」（ブリッジ）の設定,http://pokemon-memo.com/2011/02/21/black-white-bridge/,https://web.archive.org/web/*/http://pokemon-memo.com/2011/02/21/black-white-bridge/,2011-02-21,增田顺一,Gen 5,JA,Nintendo Dream (Pokemon-Memo),Web Interview,增田顺一; 第五世代; 黑白; JP; Gen 5; JA; Notion精选,宝可梦主创访谈数据库收录项目：「ポケットモンスター ブラック ホワイト」のイッシュ地方の「橋」（ブリッジ）の設定，关注Gen 5开发幕后。,_posts/2011-02-21-interview-nintendodream-bw-bridges-masuda.md,imported,
,Notion收录：｢ポケモン ソード・シールド｣ゲームフリークの増田順一氏と大森滋氏インタビュー,｢ポケモン ソード・シールド｣ゲームフリークの増田順一氏と大森滋氏インタビュー,https://ameblo.jp/angelique-kiss/entry-12539834798.html,https://web.archive.org/web/*/https://ameblo.jp/angelique-kiss/entry-12539834798.html,2010-01-01,增田顺一; 大森滋,Gen 8,JA,Notion Archive,Web Interview,增田顺一; 大森滋; 第八世代; 剑盾; JP; Gen 8; JA; Notion精选,宝可梦主创访谈数据库收录项目：｢ポケモン ソード・シールド｣ゲームフリークの増田順一氏と大森滋氏インタビュー，关注Gen 8开发幕后。,_posts/2019-10-25-interview-famitsu-sword-shield-masuda-ohmori.md,imported,
,《宝可梦 探险寻宝》与《Let's Go！皮卡丘·伊布》新作发布会现场深度全记录与主创访谈,「ポケモンクエスト」「ポケモン Let's Go! ピカチュウ・Let's Go! イーブイ」、そしてSwitch向け完全新作にも言及したポケモン新作発表会をレポート,https://www.gamer.ne.jp/news/201805300063/,https://web.archive.org/web/*/https://www.gamer.ne.jp/news/201805300063/,2018-05-30,石原恒和; 增田顺一; 高桥伸也; 大森滋; 松崎翼; 齐田和生; 野村达雄,Gen 7,JP,Gamer.ne.jp,Web Interview,增田顺一; 大森滋; 石原恒和; 松崎翼; 斉田和生; 高橋伸也; 野村達雄; 第八世代; JP; LGPE; QUEST; Gen 7; ES; Notion精选,宝可梦主创访谈数据库收录项目：「ポケモンクエスト」「ポケモン Let's Go! ピカチュウ・Let's Go! イーブイ」、そしてSwitch向け完全新作にも言及したポケモン新作発表会をレポート，关注Gen 7开发幕后。,_posts/2018-05-30-interview-gamer-pokemon-press-conference-2018.md,imported,
,正因为“唯有宝可梦”才有趣：将一切押注在宝可梦身上的两位领舵人,「ポケモンだから」面白い。ポケモンにすべてを懸ける2人の挑戦,https://newspicks.com/news/2833811/body/,https://web.archive.org/web/*/https://newspicks.com/news/2833811/body/,2018-02-23,宇都宫崇人; 河本拓,Gen 7,JP,NewsPicks,Web Interview,宇都宫崇人; 第七世代; 宝株; JP; 河本拓氏; Gen 7; JA; Notion精选,宝可梦主创访谈数据库收录项目：「ポケモンだけ」だから面白い。ポケモンにすべてを懸けるふたり，关注Gen 7开发幕后。,_posts/2018-02-23-interview-newspicks-pokemon-utsunomiya-kawamoto.md,imported,
,Notion收录：『ポケットモンスター X・Y』のトークイベントをレポ！ 増田順一さんらがBGMや未公開の設定資料などについて語った!!,『ポケットモンスター X・Y』のトークイベントをレポ！ 増田順一さんらがBGMや未公開の設定資料などについて語った!!,https://dengekionline.com/elem/000/000/753/753933/,https://web.archive.org/web/*/https://dengekionline.com/elem/000/000/753/753933/,2010-01-01,增田顺一,Gen 6,JA,Notion Archive,Web Interview,增田顺一; XY; 第六世代; JP; Gen 6; JA; Notion精选,宝可梦主创访谈数据库收录项目：『ポケットモンスター X・Y』のトークイベントをレポ！ 増田順一さんらがBGMや未公開の設定資料などについて語った!!，关注Gen 6开发幕后。,_posts/2013-11-16-interview-dengeki-xy-masuda-kageyama-setting-art.md,imported,
,Notion收录：『ポケットモンスター X・Y』増田P×声優・岡本信彦氏インタビュー＆攻略大特集！ 電子版配信もスタートした『電撃Nintendo12月号』を紹介,『ポケットモンスター X・Y』増田P×声優・岡本信彦氏インタビュー＆攻略大特集！ 電子版配信もスタートした『電撃Nintendo12月号』を紹介,https://dengekionline.com/elem/000/000/737/737734/,https://web.archive.org/web/*/https://dengekionline.com/elem/000/000/737/737734/,2010-01-01,增田顺一,Gen 6,JA,Notion Archive,Web Interview,增田顺一; 第六世代; JP; XY; Gen 6; JA; Notion精选,宝可梦主创访谈数据库收录项目：『ポケットモンスター X・Y』増田P×声優・岡本信彦氏インタビュー＆攻略大特集！ 電子版配信もスタートした『電撃Nintendo12月号』を紹介，关注Gen 6开发幕后。,,unimported,
,CGWORLD 专访：揭秘《宝可梦 太阳·月亮》超千只3D资产管线与 Game Freak × Creatures × 宝可梦社 高度协同体系,『ポケットモンスター サン・ムーン』の3Dアセット制作とそれを可能にする高度な3社協業体制,https://cgworld.jp/feature/201707-cgw227GG-pokemon.html,https://web.archive.org/web/*/https://cgworld.jp/feature/201707-cgw227GG-pokemon.html,2017-07-10,大森滋; 海野隆雄,Gen 7,JA,Notion Archive,Web Interview,海野隆雄; 大森滋; 氏家淳子; 畠祐貴氏; 中廣健吾; 植松俊介; 第七世代; 日月; JP; Gen 7; JA; Notion精选,宝可梦主创访谈数据库收录项目：『ポケットモンスター サン・ムーン』の3Dアセット制作とそれを可能にする高度な3社協業体制，关注Gen 7开发幕后。,_posts/2017-07-10-interview-cgworld-pokemon-sun-moon-3d-pipeline.md,imported,
,Fami通 E3 直击专访增田顺一与大森滋：《宝可梦 剑·盾》旷野地带、极巨化与全国图鉴决断,『ポケットモンスター ソード・シールド』の“いま聞きたいこと”について増田順一氏、大森滋氏を直撃。「連れて来られるポケモンの話」にも言及！【E3 2019】,https://www.famitsu.com/news/201906/13177936.html,https://web.archive.org/web/*/https://www.famitsu.com/news/201906/13177936.html,2019-06-13,增田顺一; 大森滋,Gen 8,JA,ファミ通.com (Famitsu),Web Interview,增田顺一; 大森滋; 第八世代; 剑盾; JP; Gen 8; JA; Notion精选,宝可梦主创访谈数据库收录项目：『ポケットモンスター ソード・シールド』の“いま聞きたいこと”について増田順一氏、大森滋氏を直撃。「連れて来られるポケモンの話」にも言及！【E32019】，关注Gen 8开发幕后。,_posts/2019-06-13-interview-famitsu-e3-2019-pokemon-sword-shield-masuda-ohmori.md,imported,2019
,Notion收录：『ポケットモンスター』受け継がれる音楽のバトン,『ポケットモンスター』受け継がれる音楽のバトン,http://www.2083.jp/contents/201410gamefreak/,https://web.archive.org/web/*/http://www.2083.jp/contents/201410gamefreak/,2010-01-01,增田顺一,Gen 6,JA,Notion Archive,Web Interview,一之濑刚; 增田顺一; 足立美奈子; 佐藤仁美; 第六世代; XY; JP; Gen 6; JA; Notion精选,宝可梦主创访谈数据库收录项目：『ポケットモンスター』受け継がれる音楽のバトン，关注Gen 6开发幕后。,_posts/2014-10-31-interview-2083-gamefreak-sound-team-red-green-to-oras.md,imported,
,Fami通《宝可梦 究极之日·究极之月》剧透解密：岩尾和昌与杉中克考谈阿罗拉“核心”剧情与彩虹火箭队诞生,『ポケモン ウルトラサン・ウルトラムーン』あのエピソードの真意は？ 開発者たちが明かす、ストーリー制作秘話【ネタバレ注意】(1/5),https://www.famitsu.com/news/201801/02148529.html,https://web.archive.org/web/*/https://www.famitsu.com/news/201801/02148529.html,2018-01-02,岩尾和昌,Gen 7,JA,Notion Archive,Web Interview,岩尾和昌; 第七世代; 究极日月; 杉中克考; JP; Gen 7; JA; Notion精选,宝可梦主创访谈数据库收录项目：『ポケモン ウルトラサン・ウルトラムーン』あのエピソードの真意は？ 開発者たちが明かす、ストーリー制作秘話【ネタバレ注意】(1/5)，关注Gen 7开发幕后。,_posts/2018-01-02-interview-famitsu-usum-iwao-suginaka-story-secrets.md,imported,
,Fami通《宝可梦 究极之日·究极之月》开发团队深度访谈：大森滋与岩尾和昌谈阿罗拉终极进化与年轻体制,『ポケモン ウルトラサン・ウルトラムーン』について気になることをすべて聞いた！ マル秘情報も飛び出す開発者スペシャルインタビュー(1/5),https://www.famitsu.com/news/201710/19143850.html,https://web.archive.org/web/*/https://www.famitsu.com/news/201710/19143850.html,2017-10-19,大森滋; 岩尾和昌,Gen 7,JA,Notion Archive,Web Interview,大森滋; 岩尾和昌; 第七世代; 究极日月; Gen 7; JA; Notion精选,宝可梦主创访谈数据库收录项目：『ポケモン ウルトラサン・ウルトラムーン』について気になることをすべて聞いた！ マル秘情報も飛び出す開発者スペシャルインタビュー(1/5)，关注Gen 7开发幕后。,_posts/2017-10-19-interview-famitsu-usum-ohmori-iwao-director.md,imported,
,Game Informer 独家深度专访增田顺一：《宝可梦 X／Y》开发秘话——AZ与三千年前的最终兵器、学习装置革新、钥圈儿设计与卡洛斯美学哲学,【XY】AZ関連、学習装置の仕様変更の理由など(インタビュー記事和訳),http://raim2005.blog18.fc2.com/blog-entry-1177.html,https://web.archive.org/web/*/http://raim2005.blog18.fc2.com/blog-entry-1177.html,2014-02-14,增田顺一,Gen 6,JA,Game Informer,Web Interview,增田顺一; 第六世代; XY; JP; Gen 6; JA; Notion精选,宝可梦主创访谈数据库收录项目：【XY】AZ関連、学習装置の仕様変更の理由など(インタビュー記事和訳)，关注Gen 6开发幕后。,_posts/2014-02-14-interview-gameinformer-masuda-afterwords-xy.md,imported,
,Fami通一周年深度专访：宝可梦社 COO 宇都宫崇人 × SELECT BUTTON 主创团队详解《Pokémon Sleep》睡眠算法、生活方式变革与未来生态,【ポケスリ】『ポケモンスリープ』ポケモンCOO宇都宮崇人氏＆SELECT BUTTONインタビュー。初期イメージやカビゴンのごはん事情など、リリース1年とちょっとを振り返る。今後の展望と開発移管についても言及,https://www.famitsu.com/article/202411/23904,https://web.archive.org/web/*/https://www.famitsu.com/article/202411/23904,2024-11-20,宇都宮崇人; 中畑虎也; 宮川佳祐; 塚田拓実,Gen 9,JA,ファミ通.com,Web Interview,宇都宫崇人; 第九世代; TPC; 宝可梦Sleep; Gen 9; JA; Notion精选,宝可梦主创访谈数据库收录项目：【ポケスリ】『ポケモンスリープ』ポケモンCOO宇都宮崇人氏＆SELECT BUTTONインタビュー，关注Gen 9开发幕后。,_posts/2024-11-20-interview-famitsu-pokemon-sleep-1st-anniversary-utsunomiya-nakahata.md,imported,2019
,Notion收录：【劇場版ポケットモンスター ココ】音楽プロデュースを務める岡崎体育さんインタビュー!!　「掟の歌」は○○モチーフ!?　楽曲制作の裏側を聞いた！,【劇場版ポケットモンスター ココ】音楽プロデュースを務める岡崎体育さんインタビュー!!　「掟の歌」は○○モチーフ!?　楽曲制作の裏側を聞いた！,https://corocoro.jp/special/152162/,https://web.archive.org/web/*/https://corocoro.jp/special/152162/,2010-01-01,Game Freak 开发团队,综合专题,JA,Notion Archive,Web Interview,岡崎体育; JP; 综合专题; JA; Notion精选,宝可梦主创访谈数据库收录项目：【劇場版ポケットモンスター ココ】音楽プロデュースを務める岡崎体育さんインタビュー!!　「掟の歌」は○○モチーフ!?　楽曲制作の裏側を聞いた！，关注综合专题开发幕后。,_posts/2020-12-25-interview-corocoro-coco-okazaki-taiiku.md,imported,
,Notion收录：【対談】ポケモンと考える『現実世界と仮想世界をより豊かにする方法』｜宇都宮崇人（株式会社ポケモン代表取締役）×伊藤伸（構想日本理事）,【対談】ポケモンと考える『現実世界と仮想世界をより豊かにする方法』｜宇都宮崇人（株式会社ポケモン代表取締役）×伊藤伸（構想日本理事）,http://www.kosonippon.org/news/2020/taidan0901/,https://web.archive.org/web/*/http://www.kosonippon.org/news/2020/taidan0901/,2010-01-01,宇都宫崇人,Gen 8,JA,Notion Archive,Web Interview,第八世代; 宇都宫崇人; JP; GO; Gen 8; JA; Notion精选,宝可梦主创访谈数据库收录项目：【対談】ポケモンと考える『現実世界と仮想世界をより豊かにする方法』｜宇都宮崇人（株式会社ポケモン代表取締役）×伊藤伸（構想日本理事），关注Gen 8开发幕后。,,unimported,
,Game Informer 专访增田顺一与井部真那：宝可梦 15 年的过去、现在与未来,"Pokémon: Past, Present, And Future - Game Freak on 15 Years of Pokémon",https://www.gameinformer.com/b/features/archive/2011/03/07/pokemon-past-present-future.aspx,https://web.archive.org/web/*/https://www.gameinformer.com/b/features/archive/2011/03/07/pokemon-past-present-future.aspx,2011-03-07,增田顺一; 井部真那,Gen 1,EN,Game Informer,Web Interview,增田顺一; 第一世代; 第五世代; EN; 赤绿; 黑白; Gen 1; Notion精选,宝可梦主创访谈数据库收录项目：2011 宝可梦的过去 现在 与未来 GI，关注Gen 1开发幕后。,_posts/2011-03-07-interview-gameinformer-masuda-past-present-future.md,imported,2011
,专访宝可梦领舵人：“20年前我们根本不敢想这样的游戏能风靡全球”——《GQ》西班牙专访增田顺一与大森滋,"Entrevistamos a los responsables de Pokémon: ""No creíamos hace 20 años que un juego así pudiese triunfar en todo el mundo""",https://www.revistagq.com/noticias/articulos/entrevista-creadores-pokemon-sol-luna/25043,https://web.archive.org/web/*/https://www.revistagq.com/noticias/articulos/entrevista-creadores-pokemon-sol-luna/25043,2016-12-05,增田顺一; 大森滋,Gen 7,ES,GQ España,Web Interview,增田顺一; 大森滋; 第七世代; 日月; ES; Gen 7; Notion精选,"宝可梦主创访谈数据库收录项目：2016  Entrevistamos a los responsables de Pokémon: ""No creíamos hace 20 años que un juego así pudiese triunfar en todo el mundo"" 20年前我们并不相信会如此成功，关注Gen 7开发幕后。",_posts/2016-12-05-interview-gq-spain-sun-moon-masuda-ohmori.md,imported,
,宝可梦剧场版官方频道深度专访：总监督汤山邦彦谈〈光轮的超魔神 胡帕〉、传说宝可梦大决战与全设定画精选,A Special Movie Pre-Premiere Interview with Director Yuyama,https://www.pocketmonsters.net/content/Pokemon_movie_channel_Movie_Details,https://web.archive.org/web/*/https://www.pocketmonsters.net/content/Pokemon_movie_channel_Movie_Details,2015-07-14,Game Freak 开发团队,综合专题,EN,Pokémon Movie Channel / PocketMonsters.net,Web Interview,汤山邦彦; EN; 剧场版; 综合专题; Notion精选,宝可梦主创访谈数据库收录项目：A Special Movie Pre-Premiere Interview with Director Yuyama，关注综合专题开发幕后。,,imported,
,Game Informer 独家专访增田顺一：《宝可梦 X·Y》全景事后解密与宝可友友乐诞生,Afterwords – Pokémon X & Y (Unabridged Interview with Junichi Masuda),https://www.gameinformer.com/b/features/archive/2014/02/14/afterwords-unabridged-pokemon-x-and-y.aspx,https://web.archive.org/web/*/https://www.gameinformer.com/b/features/archive/2014/02/14/afterwords-unabridged-pokemon-x-and-y.aspx,2014-02-14,增田顺一,Gen 6,EN,Game Informer,Web Interview,增田顺一; 第六世代; EN; XY; Gen 6; Notion精选,宝可梦主创访谈数据库收录项目：Afterwords – Pokémon X & Y，关注Gen 6开发幕后。,_posts/2014-02-14-interview-gameinformer-masuda-afterwords-xy.md,imported,2014
,Notion收录：An Exclusive Interview with the makers of Pokémon Ultra Sun and Pokémon Ultra Moon!,An Exclusive Interview with the makers of Pokémon Ultra Sun and Pokémon Ultra Moon!,https://www.pocketmonsters.net/content/Interview_GAME_FREAK_USUM,https://web.archive.org/web/*/https://www.pocketmonsters.net/content/Interview_GAME_FREAK_USUM,2010-01-01,Game Freak 开发团队,综合专题,EN,Notion Archive,Web Interview,综合专题; EN; Notion精选,宝可梦主创访谈数据库收录项目：An Exclusive Interview with the makers of Pokémon Ultra Sun and Pokémon Ultra Moon!，关注综合专题开发幕后。,_posts/2017-11-09-interview-pokemon-com-usum-ohmori-iwao.md,imported,
,任天堂社长问（Iwata Asks）《宝可梦 黑／白》全五章深度访谈：岩田聪 × 石原恒和 × 增田顺一 × 杉森建,Iwata Asks: Pokémon Black Version and Pokémon White Version,https://iwataasks.nintendo.com/interviews/#/ds/pokemon-black-white/0/1,https://web.archive.org/web/*/https://iwataasks.nintendo.com/interviews/#/ds/pokemon-black-white/0/1,2010-09-10,岩田聪; 石原恒和; 增田顺一; 杉森建,Gen 5,EN,Iwata Asks,Web Interview,第五世代; 黑白; EN; 石原恒和; 增田顺一; 杉森建; Gen 5; Notion精选,宝可梦主创访谈数据库收录项目：BW 社长问，关注Gen 5开发幕后。,,imported,
,Notion收录：corocoro 初代 扫描,corocoro 初代 扫描,https://corocoro.jp/news/49271/,https://web.archive.org/web/*/https://corocoro.jp/news/49271/,2010-01-01,Game Freak 开发团队,Gen 1,JA,Notion Archive,Web Interview,第一世代; JP; 赤绿; Gen 1; JA; Notion精选,宝可梦主创访谈数据库收录项目：corocoro 初代 扫描，关注Gen 1开发幕后。,,unimported,
,Notion收录：Creatures history special interview,Creatures history special interview,https://www.creatures.co.jp/history_special_interview/,https://web.archive.org/web/*/https://www.creatures.co.jp/history_special_interview/,2010-01-01,石原恒和,综合专题,JA,Notion Archive,Web Interview,石原恒和; 田中宏和; JP; 综合专题; JA; Notion精选,宝可梦主创访谈数据库收录项目：Creatures history special interview，关注综合专题开发幕后。,_posts/2021-11-08-interview-creatures-history-special-ishihara-tanaka.md,imported,
,IGN E3 2004 独家专访增田顺一与石原恒和：无线适配器革命、火红叶绿重制哲学与初探 NDS 愿景,E3 2004: The Pokemon Creators Speak,https://www.ign.com/articles/2004/05/13/e3-2004-the-pokemon-creators-speak,https://web.archive.org/web/*/https://www.ign.com/articles/2004/05/13/e3-2004-the-pokemon-creators-speak,2004-05-13,田尻智; 增田顺一; 石原恒和; Craig Harris,Gen 3,EN,IGN,Web Interview,火红叶绿; 增田顺一; 石原恒和; EN; 第三世代; Gen 3; Notion精选,宝可梦主创访谈数据库收录项目：E3 2004 采访，关注Gen 3开发幕后。,_posts/2004-05-13-interview-2004-05-13-ign-e3-2004-pokemon-creators.md,imported,2002
,GlitterBerri 早期艺术文献特写：宝可梦红绿开发初期概念手稿考证（前篇：胶囊怪兽原案、杉森建早期画作与怪兽诞生哲学）,Early Concept Art 宝可梦早期概念美术,https://web.archive.org/web/20180612124601/http://www.glitterberri.com/pokemon-red-blue/early-concept-art,https://web.archive.org/web/20180612124601/http://www.glitterberri.com/pokemon-red-blue/early-concept-art,1990-12-01,增田顺一; 杉森建; 森本茂树,Gen 1,EN,GlitterBerri's Game Translations,Web Interview,增田顺一; 田尻 智; 杉森建; 森本茂树; EN; 第一世代; 赤绿; Gen 1; Notion精选,宝可梦主创访谈数据库收录项目：Early Concept Art 宝可梦早期概念美术，关注Gen 1开发幕后。,,imported,
,专访宝可梦系列的“灵魂”增田顺一：历时三年五百人打造的全球同步奇迹——《Hobby Consolas》西班牙专访,"Entrevista con Junichi Masuda, el ""alma"" de Pokémon",https://www.hobbyconsolas.com/reportajes/entrevista-con-junichi-masuda-59058,https://web.archive.org/web/*/https://www.hobbyconsolas.com/reportajes/entrevista-con-junichi-masuda-59058,2013-11-06,增田顺一,Gen 6,ES,Hobby Consolas,Web Interview,增田顺一; 第六世代; XY; ES; Gen 6; Notion精选,"宝可梦主创访谈数据库收录项目：Entrevista con Junichi Masuda, el ""alma"" de Pokémon 宝可梦系列的灵魂，关注Gen 6开发幕后。",_posts/2013-11-06-interview-hobbyconsolas-xy-masuda.md,imported,
,MeriStation 独家深度专访增田顺一与大森滋：“Nintendo Switch 就是未来”,"Entrevista Masuda y Ohmori, padres de Pokémon: ""Nintendo Switch es el futuro""",https://as.com/meristation/2016/12/12/reportajes/1481526000_160843.html,https://web.archive.org/web/*/https://as.com/meristation/2016/12/12/reportajes/1481526000_160843.html,2016-12-12,增田顺一; 大森滋,Gen 7,ES,MeriStation,Web Interview,增田顺一; 大森滋; 第七世代; 日月; ES; Gen 7; Notion精选,"宝可梦主创访谈数据库收录项目：Entrevista Masuda y Ohmori, padres de Pokémon: ""Nintendo Switch es el futuro""，关注Gen 7开发幕后。",_posts/2016-12-12-interview-meristation-sun-moon-switch-masuda-ohmori.md,imported,
,Notion收录：Game Freak Illustration Video Series Tackles The Making Of HarmoKnight And Drill Dozer,Game Freak Illustration Video Series Tackles The Making Of HarmoKnight And Drill Dozer,https://www.siliconera.com/game-freak-illustration-video-series-tackles-the-making-of-harmoknight-and-drill-dozer/,https://web.archive.org/web/*/https://www.siliconera.com/game-freak-illustration-video-series-tackles-the-making-of-harmoknight-and-drill-dozer/,2010-01-01,杉森建; 海野隆雄; 吉田宏信,综合专题,JA,Notion Archive,Web Interview,杉森建; 海野隆雄; 吉田宏信; JP; 综合专题; JA; Notion精选,宝可梦主创访谈数据库收录项目：Game Freak Illustration Video Series Tackles The Making Of HarmoKnight And Drill Dozer，关注综合专题开发幕后。,,unimported,
,Notion收录：GAME FREAK STAFF 日记,GAME FREAK STAFF 日记,https://web.archive.org/web/20130705083744/http://www.gamefreak.co.jp/blog/staff/?cat=6,https://web.archive.org/web/20130705083744/http://www.gamefreak.co.jp/blog/staff/?cat=6,2010-01-01,增田顺一,Gen 4,JA,Notion Archive,Web Interview,增田顺一; 第五世代; BLOG; 第四世代; STAFF; JP; Gen 4; JA; Notion精选,宝可梦主创访谈数据库收录项目：GAME FREAK STAFF 日记，关注Gen 4开发幕后。,,unimported,
,Notion收录：GAME FREAK: ‘WE’RE TRYING TO CREATE SOMETHING MORE THAN POKÉMON’,GAME FREAK: ‘WE’RE TRYING TO CREATE SOMETHING MORE THAN POKÉMON’,https://www.videogameschronicle.com/features/interviews/game-freak-were-trying-to-create-something-more-than-pokemon/,https://web.archive.org/web/*/https://www.videogameschronicle.com/features/interviews/game-freak-were-trying-to-create-something-more-than-pokemon/,2010-01-01,尾上将之,Gen 8,JA,Notion Archive,Web Interview,尾上将之; JP; 第八世代; Gen 8; JA; Notion精选,宝可梦主创访谈数据库收录项目：GAME FREAK: ‘WE’RE TRYING TO CREATE SOMETHING MORE THAN POKÉMON’，关注Gen 8开发幕后。,_posts/2019-05-09-interview-vgc-gamefreak-gear-project.md,imported,
,CANUCH 建筑设计深度特写：揭秘 GAME FREAK 东京新总部——以“红·绿宝可梦世界与常青森林探索”为核心的生命力办公空间哲学,GF 新办公室 设计,https://canuch.com/projects/game-freak,https://web.archive.org/web/*/https://canuch.com/projects/game-freak,2020-07-01,Game Freak 开发团队,综合专题,JA,CANUCH Inc. Projects,Web Interview,JP; STAFF; 综合专题; JA; Notion精选,宝可梦主创访谈数据库收录项目：GF 新办公室 设计，关注综合专题开发幕后。,,imported,
,Notion收录：GF如何设计宝可梦,GF如何设计宝可梦,https://www.resetera.com/threads/how-game-freak-designs-pokémon.105057/page-3,https://web.archive.org/web/*/https://www.resetera.com/threads/how-game-freak-designs-pokémon.105057/page-3,2010-01-01,增田顺一; 杉森建; 西野浩二,综合专题,EN,Notion Archive,Web Interview,帖子; 大杂烩; 杉森建; 西野浩二; 增田顺一; EN; 综合专题; Notion精选,宝可梦主创访谈数据库收录项目：GF如何设计宝可梦，关注综合专题开发幕后。,,unimported,
,GAME FREAK 早期官方访谈：创造宝可梦的人们（皮卡丘特别记者会全5回）,GF远古官网采访,https://web.archive.org/web/19971016215524/http://www.gamefreak.co.jp/POKEMON/INTER/INTER.HTM,https://web.archive.org/web/19971016215524/http://www.gamefreak.co.jp/POKEMON/INTER/INTER.HTM,1997-10-16,增田顺一; 杉森建; 森本茂树,第一世代,JA,GAME FREAK 官方网站,Web Interview,增田顺一; 第一世代; 杉森建; 田尻 智; 森本茂树; JP; 太田健程; Gen 1; JA; Notion精选,宝可梦主创访谈数据库收录项目：GF远古官网采访，关注Gen 1开发幕后。,_posts/1997-10-16-interview-gamefreak-official-red-green-staff.md,imported,
,Game Informer 深入 Game Freak 探秘：一只宝可梦究竟是如何被设计出来的？,Here's How Game Freak Designs Pokémon Creatures,https://www.gameinformer.com/b/features/archive/2017/08/10/heres-how-game-freak-designs-pokemon-creatures.aspx,https://web.archive.org/web/*/https://www.gameinformer.com/b/features/archive/2017/08/10/heres-how-game-freak-designs-pokemon-creatures.aspx,2017-08-10,增田顺一; 杉森建; 大森滋,Gen 1,EN,Game Informer,Web Interview,第一世代; 第七世代; 增田顺一; EN; Gen 1; Notion精选,宝可梦主创访谈数据库收录项目：GI GF如何设计宝可梦，关注Gen 1开发幕后。,_posts/2017-08-10-interview-game-informer-how-game-freak-designs-pokemon-creatures.md,imported,
,GameSpot 独家深度专访：增田顺一谈《宝可梦 Let's Go！皮卡丘·Let's Go！伊布》如何为新世代重塑《宝可梦 黄》,How Let's Go Pikachu / Eevee Update Pokemon Yellow For A New Generation,https://www.gamespot.com/articles/how-lets-go-pikachu-eevee-update-pokemon-yellow-fo/1100-6462538/,https://web.archive.org/web/*/https://www.gamespot.com/articles/how-lets-go-pikachu-eevee-update-pokemon-yellow-fo/1100-6462538/,2018-10-17,增田顺一; 名花健作,Gen 7,EN,GameSpot,Web Interview,第八世代; 皮卡丘; 伊布; LGPE; EN; 增田顺一; Gen 7; Notion精选,宝可梦主创访谈数据库收录项目：GS LGPE采访，关注Gen 7开发幕后。,_posts/2018-10-17-interview-gamespot-lgpe-masuda.md,imported,
,Helix Chamber 深度特写：解读田尻智自传漫画——初代胶囊怪兽草案、1992年内部人气投票与失落原案全考证,helixchamber 田尻 自传漫画 研究,https://helixchamber.com/2018/08/07/tajiri-manga/,https://web.archive.org/web/*/https://helixchamber.com/2018/08/07/tajiri-manga/,2018-08-07,Game Freak 开发团队,Gen 1,EN,Helix Chamber,Web Interview,第一世代; 田尻 智; 赤绿; EN; Gen 1; Notion精选,宝可梦主创访谈数据库收录项目：helixchamber 田尻 自传漫画 研究，关注Gen 1开发幕后。,,imported,
,走入幕后对话 GAME FREAK 的宝可梦大师：《心金／魂银》十周年重塑·六位核心主创深度圆桌访谈,"Go Behind the Scenes with the Pokémon Masters at GAME FREAK, inc.!",https://web.archive.org/web/20120211023721/http://www.pokemon.com/us/pokemon-news/vg_hgss_interview-2010-03-31/,https://web.archive.org/web/20120211023721/http://www.pokemon.com/us/pokemon-news/vg_hgss_interview-2010-03-31/,2010-03-31,增田顺一; 森本茂树; 大森滋; 松岛贤二; 森彰人; 海野隆雄,Gen 4,EN,Pokemon.com Official,Web Interview,增田顺一; 大森滋; 森本茂树; 河内丸武史; 海野隆雄; 第四世代; HGSS; EN; Gen 4; Notion精选,宝可梦主创访谈数据库收录项目：HGSS 众 采访，关注Gen 4开发幕后。,,imported,
,Game Informer 独家专访：心金·魂银 (HGSS) 开发团队 Game Freak 深度访谈（增田顺一、森本茂树、大森滋、海野隆雄与松岛贤二谈十周年重制哲学）,Interview With Team Behind The Pokémon Franchise: Game Freak (Game Informer 2010),https://www.gameinformer.com/b/features/archive/2010/03/19/game-freak-pokemon-interview.aspx,https://web.archive.org/web/*/https://www.gameinformer.com/b/features/archive/2010/03/19/game-freak-pokemon-interview.aspx,2010-03-19,森本茂树; 增田顺一; 海野隆雄; 大森滋; 松岛贤二; 森昭人,Gen 4,EN,Notion Archive,Web Interview,HGSS; 第四世代; 森本茂树; 大森滋; 增田顺一; 海野隆雄; EN; Gen 4; Notion精选,2010 年 3 月《宝可梦 心金·魂银》欧美发售之际，Game Informer 独家专访了 Game Freak 核心开发团队：总监森本茂树、制作人增田顺一、艺术总监海野隆雄、策划大森滋与松岛贤二、程序员森昭人。团队深度探讨了相隔十年重制《金·银》的动机、宝可步频器（Pokéwalker）的诞生灵感与陪伴感哲学、宝可全能竞技赛的玩法设计，以及如何面对越来越庞大的怪兽生态体系，在保证新手低门槛的同时满足硬核玩家的深度追求。,_posts/2010-03-19-interview-gameinformer-masuda-morimoto-hgss.md,imported,
,GAME FREAK 官方博客专栏：增田部长的觉醒力量（前篇·创刊特辑：第1回~第6回）——从下駄职人精神、破除程序定势到全世界共通的“童谣”哲学,HIDDEN POWER of MASUDA 增田部长的觉醒力量,https://www.gamefreak.co.jp/blog/dir_english/,https://web.archive.org/web/*/https://www.gamefreak.co.jp/blog/dir_english/,2010-01-01,增田顺一,综合专题,EN,Notion Archive,Web Interview,增田顺一; 觉醒力量; EN; BLOG; 综合专题; Notion精选,宝可梦主创访谈数据库收录项目：HIDDEN POWER of MASUDA 增田部长的觉醒力量，关注综合专题开发幕后。,,pending,
,1UP.com 深度专访 Game Freak 主创：黑白御三家、莱希拉姆与捷克罗姆诞生秘辛,How Pokemon Get Made: Game Freak's designers discuss Black and White's main characters,https://web.archive.org/web/20130510123211/http://www.1up.com/news/how-pokemon-get-made,https://web.archive.org/web/20130510123211/http://www.1up.com/news/how-pokemon-get-made,2011-03-05,杉森建; 海野隆雄; 井部真那; 大村祐介,Gen 5,EN,1UP.com,Web Interview,杉森建; 第五世代; 黑白; EN; Gen 5; Notion精选,"宝可梦主创访谈数据库收录项目：How Pokemon Get Made
Game Freak's designers discuss Black and White's main characters.，关注Gen 5开发幕后。",,imported,
,G4TV 专访增田顺一与河内丸武史：解析《宝可梦 白金》粒子物理、反转世界与骑拉帝纳,"Junichi Masuda & Takeshi Kawachimaru Talk 'Pokemon Platinum', Particle Physics, Bridges, And More!",https://web.archive.org/web/20130111213052/http://www.g4tv.com/thefeed/blog/post/694081/junichi-masuda-takeshi-kawachimaru-talk-pokemon-platinum-particle-physics-bridges-and-more/,https://web.archive.org/web/20130111213052/http://www.g4tv.com/thefeed/blog/post/694081/junichi-masuda-takeshi-kawachimaru-talk-pokemon-platinum-particle-physics-bridges-and-more/,2009-03-24,增田顺一; 河内丸武史,Gen 4,EN,G4TV,Web Interview,第四世代; 增田顺一; 河内丸武史; 白金; 黑白; EN; Gen 4; Notion精选,"宝可梦主创访谈数据库收录项目：Junichi Masuda & Takeshi Kawachimaru Talk 'Pokemon Platinum', Particle Physics, Bridges, And More!，关注Gen 4开发幕后。",,imported,
,Eurogamer 专访增田顺一：详谈《Let's Go! 皮卡丘／伊布》机制革新、美录坦登场与交棒下一代,"Junichi Masuda on Pokémon Let's Go's difficulty, mechanics, and the series' future",https://www.eurogamer.net/articles/2018-10-12-junichi-masuda-on-pokemon-lets-gos-difficulty-meltans-reveal-and-the-future,https://web.archive.org/web/*/https://www.eurogamer.net/articles/2018-10-12-junichi-masuda-on-pokemon-lets-gos-difficulty-meltans-reveal-and-the-future,2018-10-12,增田顺一; 名花健策,Gen 7,EN,Eurogamer,Web Interview,增田顺一; 第八世代; LGPE; EN; Gen 7; Notion精选,"宝可梦主创访谈数据库收录项目：Junichi Masuda on Pokémon Let's Go's difficulty, mechanics, and the series' future，关注Gen 7开发幕后。",,imported,
,任天堂官方杂志ONM专访杉森建：《宝可梦 X／Y》开发期间遭遇“画师瓶颈”与封面神兽诞生秘辛,Ken Sugimori got 'artist's block' during Pokemon X and Y development,http://web.archive.org/web/20131030135359/http://www.officialnintendomagazine.co.uk/55616/ken-sugimori-got-artists-block-during-pokemon-x-and-y-development/,http://web.archive.org/web/20131030135359/http://www.officialnintendomagazine.co.uk/55616/ken-sugimori-got-artists-block-during-pokemon-x-and-y-development/,2013-10-24,杉森建,Gen 6,EN,Official Nintendo Magazine,Web Interview,杉森建; 大村祐介; XY; 第六世代; EN; Gen 6; Notion精选,宝可梦主创访谈数据库收录项目：Ken Sugimori got 'artist's block' during Pokemon X and Y development，关注Gen 6开发幕后。,,imported,
,Notion收录：MASUDA LINE BLOG,MASUDA LINE BLOG,https://lineblog.me/masudajunichi/archives/4368914.html,https://web.archive.org/web/*/https://lineblog.me/masudajunichi/archives/4368914.html,2010-01-01,增田顺一,综合专题,JA,Notion Archive,Web Interview,增田顺一; LINE; BLOG; JP; 综合专题; JA; Notion精选,宝可梦主创访谈数据库收录项目：MASUDA LINE BLOG，关注综合专题开发幕后。,,unimported,
,周刊 Fami通 独家专访：石原恒和 × 须崎春树谈《New 宝可梦随乐拍》时隔22年的生态摄像革命,石原社長＆須崎Dに聞く『New ポケモンスナップ』開発秘話。写真を撮ることがより手軽になった2021年、ゲームデザインはどう変わったのか？,https://www.famitsu.com/news/202104/30218824.html,https://web.archive.org/web/*/https://www.famitsu.com/news/202104/30218824.html,2021-04-30,石原恒和; 须崎春树,综合专题,JA,Notion Archive,Web Interview,石原恒和; SNAP; 須崎 春樹; JP; 综合专题; JA; Notion精选,1999 年 N64《宝可梦随乐拍》问世时，拍照还是胶卷相机的特权；而到了智能手机人手一部的 2021 年，如何重新定义‘摄影游戏’？The Pokémon Company 社长石原恒和与万代南梦宫总监须崎春树在《New 宝可梦随乐拍》发售之际向 Fami通 深度复盘：等待 22 年正是为了硬件技术足以无缝模拟数百只野生宝可梦不为人知的自然栖息生态。从轻快苹果引诱、点唱机音乐唤醒、到蓝蒂尔地区神秘的霓光现象，团队构建了一个即便没有人类注视依然在生生不息运转的奇迹世界。,_posts/2021-04-30-interview-famitsu-new-pokemon-snap-ishihara-suzaki.md,imported,
,《任天堂力量》(Nintendo Power) 独家专访：增田顺一与河内丸武史复盘前四世代演化与《宝可梦 白金》破灭的世界（从芯片音效程序员到全系列总监的破局之道）,Nintendo Power Issue 240/241: Junichi Masuda and Takeshi Kawachimaru on Developing Gens 1-4 & Pokémon Platinum,http://lavacutcontent.com/masuda-interview-pokemon-platinum/,https://web.archive.org/web/*/http://lavacutcontent.com/masuda-interview-pokemon-platinum/,2009-05-01,增田顺一; 河内丸武史; 杉森建; 田尻智,Gen 4,EN,Notion Archive,Web Interview,增田顺一; 河内丸武史; 第四世代; 白金; EN; Gen 4; Notion精选,宝可梦主创访谈数据库收录项目：Nintendo power Interview: Masuda on Developing Gens 1-4，关注Gen 4开发幕后。,_posts/2009-05-01-interview-nintendo-power-masuda-kawachimaru-platinum-gens.md,imported,
,Nintendo World Report 独家专访增田顺一与吉田宏信：从3D全面进化到超级超级特训,Pokémon X and Y Interview with Game Freak,http://www.nintendoworldreport.com/interview/35513/pokemon-x-and-y-interview-with-game-freak,https://web.archive.org/web/*/http://www.nintendoworldreport.com/interview/35513/pokemon-x-and-y-interview-with-game-freak,2013-10-04,增田顺一; 吉田宏信,Gen 6,EN,Nintendo World Report,Web Interview,EN; XY; 增田顺一; Gen 6; Notion精选,宝可梦主创访谈数据库收录项目：Nintendo World Report Pokémon X and Y Interview with Game Freak，关注Gen 6开发幕后。,_posts/2013-10-04-interview-nwr-xy-masuda-yoshida.md,imported,
,任天堂官方网络杂志NOM专访GAME FREAK：『宝可梦』创生之男·初代《红／绿》开发秘史全员座谈会,『ポケットモンスター』を生んだ男たち（ゲームフリーク・インタビュー·初代篇）,https://www.nintendo.co.jp/nom/0007/gfreak/index.html,https://web.archive.org/web/*/https://www.nintendo.co.jp/nom/0007/gfreak/index.html,2000-07-01,增田顺一; 杉森建; 渡边哲也; 西野弘二; 森本茂树,Gen 1,JA,Nintendo Online Magazine (NOM),Web Interview,增田顺一; 渡边哲也; 杉森建; 西野浩二; 森本茂树; 第一世代; 赤绿; JP; Gen 1; JA; Notion精选,宝可梦主创访谈数据库收录项目：NOM 初代，关注Gen 1开发幕后。,_posts/2000-07-01-interview-nom-genesis-gamefreak.md,imported,
,任天堂官方网络杂志NOM专访GAME FREAK：《宝可梦 金／银》开拓之路·从关都迈向城都的技术飞跃与幕后秘闻,『ポケットモンスター 金・銀』へと続く道（ゲームフリーク・インタビュー·金銀篇）,https://www.nintendo.co.jp/nom/0007/gfreak/page04.html,https://web.archive.org/web/*/https://www.nintendo.co.jp/nom/0007/gfreak/page04.html,2000-07-01,增田顺一; 杉森建; 渡边哲也; 西野弘二; 森本茂树,Gen 2,JA,Nintendo Online Magazine (NOM),Web Interview,渡边哲也; 增田顺一; 杉森建; 西野浩二; 森本茂树; 第二世代; 金银; JP; Gen 2; JA; Notion精选,宝可梦主创访谈数据库收录项目：NOW 金银，关注Gen 2开发幕后。,_posts/2000-07-01-interview-nom-gold-silver-gamefreak.md,imported,
,Eurogamer 专访增田顺一：“世上根本找不出一个讨厌所有宝可梦的人”——《宝可梦 X／Y》革新之道,"Entrevista a Junichi Masuda: Lo raro sería encontrar ""a quien no le guste ningún Pokémon""",https://www.eurogamer.es/entrevista-con-el-director-de-pokemon-x-e-y-lo-raro-seria-encontrar-a-quien-no-le-guste-ningun-pokemon,https://web.archive.org/web/*/https://www.eurogamer.es/entrevista-con-el-director-de-pokemon-x-e-y-lo-raro-seria-encontrar-a-quien-no-le-guste-ningun-pokemon,2013-11-04,增田顺一; 吉田宏信,Gen 6,ES,Eurogamer.es,Web Interview,增田顺一; 第六世代; XY; ES; Gen 6; Notion精选,"宝可梦主创访谈数据库收录项目：ntrevista a Junichi Masuda: Lo raro sería encontrar ""a quien no le guste ningún Pokémon"" 难得的是找到一个所有的宝可梦都不喜欢的人，关注Gen 6开发幕后。",_posts/2013-11-04-interview-eurogamer-spain-xy-masuda-yoshida.md,imported,
,电击Online 现场直击：增田顺一与海野隆雄谈《宝可梦 黑2·白2》开发秘闻——魁奇思与N的初期绝密草图公开、百人庆典任务与PWT设计哲学,Nやゲーチスの開発段階のビジュアルが公開！ 増田さん＆海野さんが駆け付けた『ポケットモンスターブラック2・ホワイト2』のイベントをレポ,https://dengekionline.com/elem/000/000/518/518926/,https://web.archive.org/web/*/https://dengekionline.com/elem/000/000/518/518926/,2012-08-05,増田順一; 海野隆雄,Gen 5,JA,電撃オンライン,Web Interview,增田顺一; 海野隆雄; 第五世代; B2W2; JP; Gen 5; JA; Notion精选,宝可梦主创访谈数据库收录项目：Nやゲーチスの開発段階のビジュアルが公開！ 増田さん＆海野さんが駆け付けた『ポケットモンスターブラック2・ホワイト2』のイベントをレポ，关注Gen 5开发幕后。,_posts/2012-08-05-interview-dengeki-b2w2-masuda-unno-n-ghetsis-art.md,imported,2011
,宝可梦公司官方领袖专访：业务专员眼中的千亿IP护城河与全球化经营哲学,Pokemon Business Professionals,https://recruit.pokemon.co.jp/saiyo/interview/career.html,https://web.archive.org/web/*/https://recruit.pokemon.co.jp/saiyo/interview/career.html,2020-03-01,Game Freak 开发团队,综合专题,JA,The Pokémon Company Official Recruitment,Web Interview,宝株; STAFF; JP; 综合专题; JA; Notion精选,宝可梦主创访谈数据库收录项目：Pokemon Business Professionals，关注综合专题开发幕后。,,imported,
,Eurogamer 独家专访增田顺一 × 菜花健作：〈宝可梦 Let's Go！皮卡丘／伊布〉——通向大师训练家的漫长之路与新世代设计哲学,"Pokémon: Let's Go, Pikachu und Evoli: Der lange Weg zum Meister-Trainer",https://www.eurogamer.de/pokemon-lets-go-pikachu-und-evoli-der-lange-weg-zum-meistertrainer,https://web.archive.org/web/*/https://www.eurogamer.de/pokemon-lets-go-pikachu-und-evoli-der-lange-weg-zum-meistertrainer,2018-10-26,增田顺一,Gen 7,JA,Eurogamer.de,Web Interview,增田顺一; 菜花健作; Nintendo Power; 第八世代; LGPE; Gen 7; JA; Notion精选,"宝可梦主创访谈数据库收录项目：Pokémon: Let's Go, Pikachu und Evoli: Der lange Weg zum Meister-Trainer，关注Gen 7开发幕后。",,imported,
,Inside Games 独家专访《宝可梦 铁拳锦标赛》开发核心：星野正昭 × 须崎春树 × 宇都宫崇人 × 桥本拓也详解动作格斗化革新、招式还原与竞技平衡,POKKEN TOURNAMENT INSIDE采访,https://www.inside-games.jp/article/2016/05/12/98566_2.html,https://web.archive.org/web/*/https://www.inside-games.jp/article/2016/05/12/98566_2.html,2016-05-12,宇都宫崇人,综合专题,JA,Inside Games,Web Interview,宝拳; 星野正昭; 宇都宫崇人; 須崎 春樹; JP; 综合专题; JA; Notion精选,宝可梦主创访谈数据库收录项目：POKKEN TOURNAMENT INSIDE采访，关注综合专题开发幕后。,_posts/2016-05-12-interview-inside-pokken-tournament-developers.md,imported,
,动画作曲家宫崎慎二 × GAME FREAK声音团队圆桌座谈：宝可梦交响改编、游戏原声与旋律之魂,Shinji Miyazaki × Game Freak Sound Team “Talk about Pokémon Music”,https://www.pocketmonsters.net/content/Miyazaki_Interview_Anime_OST,https://web.archive.org/web/*/https://www.pocketmonsters.net/content/Miyazaki_Interview_Anime_OST,2010-08-04,宫崎慎二; 增田顺一; 一之濑刚; 佐藤仁美,综合专题,EN,Media Factory (PocketMonsters.Net),Web Interview,宫崎慎二; 增田顺一; 一之濑刚; 佐藤仁美; EN; 综合专题; Notion精选,"宝可梦主创访谈数据库收录项目：Shinji Miyazaki ×
 Game Freak Sound Team
“Talk about Pokémon Music”，关注综合专题开发幕后。",_posts/2010-08-04-interview-cd-anime-ost-miyazaki-soundteam.md,imported,
,Pokémon.com 官方专访增田顺一与海野隆雄：《宝可梦 黑2／白2》双续篇革新、好莱坞之星与合众两年变迁,The People behind the Pokémon: Junichi Masuda and Takao Unno Interview,https://web.archive.org/web/20130731014648/https://www.pokemon.com/us/pokemon-news/news_gamefreak_interview-2012-10-01/,https://web.archive.org/web/20130731014648/https://www.pokemon.com/us/pokemon-news/news_gamefreak_interview-2012-10-01/,2012-10-01,增田顺一; 海野隆雄,Gen 5,EN,Pokémon.com,Web Interview,增田顺一; 海野隆雄; 第五世代; B2W2; EN; Gen 5; Notion精选,宝可梦主创访谈数据库收录项目：THE PEOPLE BEHIND POKEMON，关注Gen 5开发幕后。,_posts/2012-10-01-interview-pokemon-com-b2w2-masuda-unno.md,imported,
,Notion收录：TWI上搜先辈,TWI上搜先辈,https://twisave.com/gazigo/search/増田順一,https://web.archive.org/web/*/https://twisave.com/gazigo/search/増田順一,2010-01-01,增田顺一,综合专题,JA,Notion Archive,Web Interview,增田顺一; JP; 综合专题; JA; Notion精选,宝可梦主创访谈数据库收录项目：TWI上搜先辈，关注综合专题开发幕后。,,unimported,
,Nintendo World Report 独家专访增田顺一与吉田宏信：从3D全面进化到超级超级特训,Pokémon X and Y Interview with Game Freak,http://www.nintendoworldreport.com/interview/35513/pokemon-x-and-y-interview-with-game-freak,https://web.archive.org/web/*/http://www.nintendoworldreport.com/interview/35513/pokemon-x-and-y-interview-with-game-freak,2013-10-04,增田顺一; 吉田宏信,Gen 6,EN,Nintendo World Report,Web Interview,增田顺一; XY; 第六世代; EN; Gen 6; Notion精选,宝可梦主创访谈数据库收录项目：XY 时期采访 2013，关注Gen 6开发幕后。,,imported,
,宝可梦互联网络黎明期记忆：从初代红绿通信论坛、梦幻都市传说到金银发售狂热全记录,インターネットにおけるポケモンサイト黎明期の記憶 金银发售前的整理,http://www2u.biglobe.ne.jp/~kakeru/pokemon/pokemon_site.htm,https://web.archive.org/web/*/http://www2u.biglobe.ne.jp/~kakeru/pokemon/pokemon_site.htm,1999-12-01,增田顺一,Gen 1,JA,Biglobe Web Archive (kakeru),Web Interview,田尻 智; 增田顺一; JP; 第二世代; 第一世代; Gen 1; JA; Notion精选,宝可梦主创访谈数据库收录项目：インターネットにおけるポケモンサイト黎明期の記憶 金银发售前的整理，关注Gen 1开发幕后。,,imported,
,FUN'S PROJECT 专访西田敦子：皮卡丘之母谈仙子伊布诞生、极简剪影法则与烤羊肉的奇思妙想,グラフィックデザイナー・イラストレーター にしだあつこ対談,https://funs-project.com/poplab/007/,https://web.archive.org/web/*/https://funs-project.com/poplab/007/,2018-09-10,西田敦子; 中川翔子,Gen 7,JA,FUN'S PROJECT,Web Interview,中川翔子; 西田墩子; 综合专题; JA; Notion精选,宝可梦主创访谈数据库收录项目：グラフィックデザイナー・イラストレーター にしだあつこ対談，关注综合专题开发幕后。,_posts/2018-09-10-interview-funsproject-atsuko-nishida-pikachu.md,imported,
,Steinberg 深度专访 GAME FREAK 声音团队：走进《宝可梦 黑／白》音频工作流与叫声设计幕后,ゲームフリーク - ポケモンの制作現場から,https://japan.steinberg.net/jp/stories/game_freak.html,https://web.archive.org/web/*/https://japan.steinberg.net/jp/artists/steinberg_stories/gamefreak.html,2010-11-20,景山将太,Gen 5,JA,Steinberg Stories,Web Interview,景山将太; JP; 第五世代; 黑白; Gen 5; JA; Notion精选,宝可梦主创访谈数据库收录项目：ゲームフリーク - ポケモンの制作現場から，关注Gen 5开发幕后。,_posts/2010-11-20-interview-steinberg-gamefreak-sound-cubase.md,imported,
,Notion收录：サイバーコネクトツー／プログラマーコース　谷博行（8/9～8/13）,サイバーコネクトツー／プログラマーコース　谷博行（8/9～8/13）,https://www.gff.jp/internship/2010/09/89813-2.html,https://web.archive.org/web/*/https://www.gff.jp/internship/2010/09/89813-2.html,2010-01-01,Game Freak 开发团队,综合专题,JA,Notion Archive,Web Interview,谷博行; 综合专题; JA; Notion精选,宝可梦主创访谈数据库收录项目：サイバーコネクトツー／プログラマーコース　谷博行（8/9～8/13），关注综合专题开发幕后。,,unimported,
,初代宝可梦黎明期杂志专访全集：田尻智谈〈宝可梦2〉早期构想、红绿开发秘话与裕木奈江特别对谈,その他のポケモンのゲーム関連記事 初代采访整理,http://sunanohi.web.fc2.com/pokemon/magazine/game.html#kaigi9,https://web.archive.org/web/*/http://sunanohi.web.fc2.com/pokemon/magazine/game.html#kaigi9,1997-05-23,增田顺一; 杉森建,Gen 1,JA,Family Computer Magazine / 砂の碑 (Sunanohi Archive),Web Interview,田尻 智; 增田顺一; 杉森建; JP; 第一世代; 赤绿; Gen 1; JA; Notion精选,宝可梦主创访谈数据库收录项目：その他のポケモンのゲーム関連記事 初代采访整理，关注Gen 1开发幕后。,,imported,
,Notion收录：ついに本日11月16日発売！ 「ポケットモンスター Let's Go! ピカチュウ・イーブイ」発売記念イベントレポート,ついに本日11月16日発売！ 「ポケットモンスター Let's Go! ピカチュウ・イーブイ」発売記念イベントレポート,https://akiba-souken.com/article/37143/,https://web.archive.org/web/*/https://akiba-souken.com/article/37143/,2010-01-01,增田顺一; 大森滋,Gen 7,JA,Notion Archive,Web Interview,增田顺一; 斉藤優史; 大森滋; 第八世代; LGPE; JP; Gen 7; JA; Notion精选,宝可梦主创访谈数据库收录项目：ついに本日11月16日発売！ 「ポケットモンスター Let's Go! ピカチュウ・イーブイ」発売記念イベントレポート，关注Gen 7开发幕后。,,unimported,
,GIGAZINE 独家特写 GAME FREAK 档案库：从《红／绿》到《日月》绝密手稿大公开——增田顺一与大森滋谈初代汇编极限优化与宝可梦设计原案,ポケットモンスターがどうやって作られているのかが垣間見えるデザイン・アイデアスケッチなどの貴重な資料＆インタビューが聞けるムービーが公開中,https://gigazine.net/news/20170905-pokemon-early-design-documents/,https://web.archive.org/web/*/https://gigazine.net/news/20170905-pokemon-early-design-documents/,2017-09-05,增田顺一; 大森滋,Gen 7,JA,GIGAZINE,Web Interview,增田顺一; 大森滋; 第七世代; JP; Gen 7; JA; Notion精选,宝可梦主创访谈数据库收录项目：ポケットモンスターがどうやって作られているのかが垣間見えるデザイン・アイデアスケッチなどの貴重な資料＆インタビューが聞けるムービーが公開中，关注Gen 7开发幕后。,_posts/2017-09-05-interview-gigazine-gamefreak-sketches-masuda.md,imported,
,Pokémon Pia 官方特刊专访：杉森建、大村祐介、井部真那与田上玲子详谈《宝可梦 黑／白》156只新宠设计秘辛,『Pokemon Peer』開発者インタビュー：杉森建、大村祐介、井部真那、田上玲子,https://www.pokebeach.com/2010/09/pokemon-peer-interview-translations,https://web.archive.org/web/*/https://www.pokebeach.com/2010/09/pokemon-peer-interview-translations,2010-09-10,杉森建; 大村祐介; 井部真那; 田上玲子,Gen 5,EN,Pokemon Pia (PokéBeach),Web Interview,杉森建; 第五世代; 大村祐介; 田上怜子; 井部真那; EN; 黑白; Gen 5; Notion精选,宝可梦主创访谈数据库收录项目：ポケモン　びあ采访　EN，关注Gen 5开发幕后。,,imported,
,周刊 Fami通 独家专访：增田顺一与景山将太谈《宝可梦 X·Y》音频制作秘辛与卡洛斯法兰西音乐美学,『ポケモン』音楽のさまざまな秘密が語られたファンミーティングが開催,https://www.famitsu.com/news/201311/16043307.html,https://web.archive.org/web/*/https://www.famitsu.com/news/201311/16043307.html,2013-11-16,增田顺一; 景山将太,Gen 6,JA,Notion Archive,Web Interview,增田顺一; 景山将太; JP; 第六世代; XY; Gen 6; JA; Notion精选,2013 年 11 月 16 日在横滨宝可梦中心，Game Freak 游戏总监兼主作曲增田顺一与声音总监景山将太共同出席《宝可梦 X·Y》原声大碟发售纪念特别访谈。两位音乐家回顾了从初代 Game Boy 仅有 4 条音频轨道的硬件极限打磨，到 3DS 时代首次全面采用法兰西风情真实乐器录音与交响乐编曲的飞跃；景山现场用键盘演示密阿雷市与道馆馆主战变奏，增田顺一首度揭秘自己等待电车时突发灵感写下战斗 BGM 的创作习惯，并深入回答了粉丝关于全系列音乐记忆点的深层提问。,_posts/2013-11-16-interview-famitsu-xy-music-fanmeeting-masuda-kageyama.md,imported,
,Notion收录：ポケモンBWシリーズ不満点まとめwiki（3代目）,ポケモンBWシリーズ不満点まとめwiki（3代目）,https://w.atwiki.jp/bwhuman2/,https://web.archive.org/web/*/https://w.atwiki.jp/bwhuman2/,2010-01-01,增田顺一,Gen 5,JA,Notion Archive,Web Interview,增田顺一; 第五世代; 黑白; JP; Gen 5; JA; Notion精选,宝可梦主创访谈数据库收录项目：ポケモンBWシリーズ不満点まとめwiki（3代目），关注Gen 5开发幕后。,,unimported,
,Notion收录：ポケモンBWシリーズ不満点まとめwiki（3代目）  インタビュー関係,ポケモンBWシリーズ不満点まとめwiki（3代目）  インタビュー関係,https://w.atwiki.jp/bwhuman2/pages/16.html,https://web.archive.org/web/*/https://w.atwiki.jp/bwhuman2/pages/16.html,2010-01-01,增田顺一,Gen 5,JA,Notion Archive,Web Interview,增田顺一; 第五世代; JP; 黑白; Gen 5; JA; Notion精选,宝可梦主创访谈数据库收录项目：ポケモンBWシリーズ不満点まとめwiki（3代目）  インタビュー関係，关注Gen 5开发幕后。,,unimported,
,日经商务 独家专访宝可梦公司开发总监宇都宫崇人：〈Pokémon GO〉引爆全球狂潮的日美协同内幕（全两篇完整收录）,ポケモンGO、爆発力生んだ日米協業の舞台裏,https://business.nikkei.com/atcl/report/16/081700063/081700002/,https://web.archive.org/web/*/https://business.nikkei.com/atcl/report/16/081700063/081700002/,2016-08-25,宇都宫崇人,综合专题,JA,日経ビジネス (Nikkei Business),Web Interview,宇都宫崇人; JP; GO; 综合专题; JA; Notion精选,宝可梦主创访谈数据库收录项目：ポケモンGO、爆発力生んだ日米協業の舞台裏，关注综合专题开发幕后。,_posts/2016-08-25-interview-nikkei-utsunomiya-pokemon-go.md,imported,
,CGWORLD 专访：为宝可梦设定画注入生命——Creatures 宝可梦CG工作室的现状与未来,ポケモンの設定画に命を吹き込むクリーチャーズアセット制作にとどまらない現状と未来とは,https://cgworld.jp/interview/creatures-201707.html,https://web.archive.org/web/*/https://cgworld.jp/interview/creatures-201707.html,2017-07-10,Game Freak 开发团队,第七世代,JA,CGWORLD.jp,Web Interview,侦探皮; 第七世代; JP; Gen 7; JA; Notion精选,宝可梦主创访谈数据库收录项目：ポケモンの設定画に命を吹き込むクリーチャーズアセット制作にとどまらない現状と未来とは，关注Gen 7开发幕后。,_posts/2017-07-10-interview-cgworld-creatures-cg-studio.md,imported,
,WEDGE 深度专访石原恒和全三篇：宝可梦为何经久不衰？从迪士尼之辨、宝可梦中心到千亿IP版权裂变之路,ポケモンを育てた仕かけ人たち,https://wedge.ismedia.jp/articles/-/893,https://web.archive.org/web/*/https://wedge.ismedia.jp/articles/-/893,2010-05-12,石原恒和,Gen 5,JA,WEDGE Infinity,Web Interview,石原恒和; 第五世代; JP; Gen 5; JA; Notion精选,宝可梦主创访谈数据库收录项目：ポケモンを育てた仕かけ人たち，关注Gen 5开发幕后。,_posts/2010-05-12-interview-wedge-ishihara-pokemon-disney.md,imported,
,NewsPicks 独家专访宝可梦公司役员大洞翔一 × 今村啓太：千亿IP背后的“组织应变力”——轮岗机制、音乐短片〈GOTCHA!〉诞生记与全日本宝可梦井盖哲学,ポケモン式ジョブローテーションによって得られる「変化への対応力」とは,https://newspicks.com/news/6367027/body/,https://web.archive.org/web/*/https://newspicks.com/news/6367027/body/,2010-01-01,Game Freak 开发团队,Gen 8,JA,Notion Archive,Web Interview,第八世代; JP; 大洞翔一; 今村啓太; 宝株; Gen 8; JA; Notion精选,宝可梦主创访谈数据库收录项目：ポケモン式ジョブローテーションによって得られる「変化への対応力」とは，关注Gen 8开发幕后。,_posts/2021-11-29-interview-newspicks-pokemon-job-rotation.md,imported,
,电玩志三巨头对谈：石原恒和 × 川岛优志 × 增田顺一谈《Pokemon GO》奇迹与现实交汇,【ポケモンGOの奇跡】石原恒和×川島優志×増田順一が語る、前代未聞のリアル連動ゲームが起こした社会現象の舞台裏,https://news.denfaminicogamer.jp/interview/180608/2,https://web.archive.org/web/*/https://news.denfaminicogamer.jp/interview/180608/2,2018-06-08,石原恒和; 川岛优志; 增田顺一,Gen 7,JA,電ファミニコゲーマー (Denfaminicogamer),Web Interview,石原恒和; 增田顺一; GO; 第七世代; Gen 7; JA; Notion精选,宝可梦主创访谈数据库收录项目：ポケモン石原恒和×ナイアンティック川島優志×ゲームフリーク増田順一，关注Gen 7开发幕后。,_posts/2018-06-08-interview-denfaminicogamer-pokemon-go-miracle.md,imported,2019
,Notion收录：ポケモン開発スタッフインタビュー BW,ポケモン開発スタッフインタビュー BW,https://twishort.com/RBgdc,https://web.archive.org/web/*/https://twishort.com/RBgdc,2010-01-01,Game Freak 开发团队,Gen 5,JA,Notion Archive,Web Interview,第五世代; 黑白; JP; Gen 5; JA; Notion精选,宝可梦主创访谈数据库收录项目：ポケモン開発スタッフインタビュー BW，关注Gen 5开发幕后。,,unimported,
,SPOnG 专访增田顺一与杉森建：伦敦首发夜谈《宝可梦 黑／白》重启原点、掌机社交哲学与比克提尼之爱,Interview: Pokemon in Black and White with Junichi Masuda,https://spong.com/feature/10110335/Interview-Pokemon-in-Black-and-White-Junichi-Masuda,https://web.archive.org/web/*/https://spong.com/feature/10110335/Interview-Pokemon-in-Black-and-White-Junichi-Masuda,2011-03-04,增田顺一; 杉森建,Gen 5,EN,SPOnG,Web Interview,增田顺一; 杉森建; 第五世代; 黑白; EN; Gen 5; Notion精选,宝可梦主创访谈数据库收录项目：先辈黑白时期采访（with 杉森），关注Gen 5开发幕后。,_posts/2011-03-04-interview-spong-bw-launch-masuda-sugimori.md,imported,
,GlitterBerri 早期艺术文献特写：宝可梦红绿开发初期概念手稿考证（后篇：关都城市规划手绘、初代战斗界面演进与未采用废案）,初代概念美术整理 EN,https://web.archive.org/web/20140319012108/https://www.glitterberri.com/pokemon-red-blue/early-concept-art/2/,https://web.archive.org/web/20140319012108/https://www.glitterberri.com/pokemon-red-blue/early-concept-art/2/,1990-12-02,增田顺一; 杉森建,Gen 1,EN,GlitterBerri's Game Translations,Web Interview,田尻 智; 增田顺一; 杉森建; 第一世代; 赤绿; EN; Gen 1; Notion精选,宝可梦主创访谈数据库收录项目：初代概念美术整理 EN，关注Gen 1开发幕后。,,imported,
,千叶工大特写专访 GAME FREAK 企划总监名花健作：从机器人学到宝可梦战斗系统构建之道,卒業生に訊く！未来ロボティクス学科1期生 菜花健作さん,https://www.robotics.it-chiba.ac.jp/j/?p=484,https://web.archive.org/web/*/https://www.robotics.it-chiba.ac.jp/j/?p=484,2019-11-20,Game Freak 开发团队,Gen 7,JA,CIT 未来ロボティクス学科,Web Interview,第七世代; 菜花健作; 日月; JP; Gen 7; JA; Notion精选,宝可梦主创访谈数据库收录项目：卒業生に訊く！未来ロボティクス学科1期生 菜花健作さん，关注Gen 7开发幕后。,_posts/2019-11-20-interview-cit-kensaku-nabana-robotics.md,imported,
,Gamasutra 专访吉田宏信与增田顺一：宝可梦怪兽设计哲学与御三家,How Pokemon are born: Designing the series' iconic monsters,https://www.gamedeveloper.com/production/how-pokemon-are-born-designing-the-series-iconic-monsters,https://web.archive.org/web/*/https://www.gamedeveloper.com/production/how-pokemon-are-born-designing-the-series-iconic-monsters,2013-10-10,吉田宏信; 增田顺一,Gen 6,EN,Gamasutra / Game Developer,Web Interview,吉田宏信; XY; 第六世代; EN; Gen 6; Notion精选,宝可梦主创访谈数据库收录项目：吉田宏信 设计标志性宝可梦，关注Gen 6开发幕后。,_posts/2013-10-10-interview-gamasutra-xy-monster-design.md,imported,2014
,Notion收录：増田順一先生、大森滋先生が来校！今夜は2時間丸ごと「ポケモン」の授業！,増田順一先生、大森滋先生が来校！今夜は2時間丸ごと「ポケモン」の授業！,https://www.tfm.co.jp/lock/staff/index.php?itemid=8978,https://web.archive.org/web/*/https://www.tfm.co.jp/lock/staff/index.php?itemid=8978,2010-01-01,增田顺一; 大森滋,Gen 7,JA,Notion Archive,Web Interview,增田顺一; 大森滋; 第七世代; 日月; Gen 7; JA; Notion精选,宝可梦主创访谈数据库收录项目：増田順一先生、大森滋先生が来校！今夜は2時間丸ごと「ポケモン」の授業！，关注Gen 7开发幕后。,,unimported,
,周刊 Fami通 独家专访：增田顺一与海野隆雄《黑2·白2》发售纪念展会（N与盖奇斯的早期废案设定草图解密）,増田順一氏＆海野隆雄氏が登壇！『ポケットモンスターブラック2・ホワイト2』発売記念ファンミーティングが開催!!,https://www.famitsu.com/news/201208/05019240.html,https://web.archive.org/web/*/https://www.famitsu.com/news/201208/05019240.html,2012-08-05,增田顺一; 海野隆雄,Gen 5,JA,Notion Archive,Web Interview,增田顺一; 海野隆雄; 第五世代; B2W2; JP; Gen 5; JA; Notion精选,2012 年 8 月 5 日，在横滨地标大厦举行的《宝可梦 黑2·白2》发售纪念粉丝见面会上，Game Freak 制作人增田顺一与总监海野隆雄亲临现场展开深度对谈。活动首次向全世界公布了等离子队核心人物 N 与盖奇斯的早期未公开设定草图（N的绿色长发与数学家原型、盖奇斯夸张的法皇服饰与单眼罩初期造型）；海野隆雄详述开发首日全员合影的决心、百人庆典任务的调试挑战与宝可梦好莱坞的构思；现场还进行了高热度的玩家互动答疑，披露了大量游戏音乐、动画细节与世界观设定的幕后秘辛。,_posts/2012-08-05-interview-famitsu-b2w2-fanmeeting-masuda-unno.md,imported,
,Fami通现场直击：增田顺一、大森滋与岩尾和昌谈《究极之日·究极之月》开发秘闻——究极奈克洛兹玛对战曲揭秘与巨头传承体制,増田順一氏作曲のバトル曲が判明！『ポケットモンスター ウルトラサン・ウルトラムーン』の制作秘話が語られたファンミーティングの様子をレポート,https://www.famitsu.com/news/201805/15157253.html,https://web.archive.org/web/*/https://www.famitsu.com/news/201805/15157253.html,2018-05-15,増田順一; 大森滋; 岩尾和昌,Gen 7,JA,ファミ通.com,Web Interview,增田顺一; 大森滋; 岩尾和昌; 第七世代; 究极日月; JP; Gen 7; JA; Notion精选,宝可梦主创访谈数据库收录项目：増田順一氏作曲のバトル曲が判明！『ポケットモンスター ウルトラサン・ウルトラムーン』の制作秘話が語られたファンミーティングの様子をレポート，关注Gen 7开发幕后。,_posts/2018-05-15-interview-famitsu-usum-fanmeeting-masuda-battle-music.md,imported,2017
,Nintendo Power 专访增田顺一与杉森建：《宝可梦 黑／白》黑白双元哲学·156只全新宝可梦的豪赌与设计原点,Masuda and Sugimori Explain Gen 5’s Development (Nintendo Power Vol. 265),https://lavacutcontent.com/masuda-sugimori-gen-5/,https://web.archive.org/web/*/http://lavacutcontent.com/masuda-sugimori-gen-5/,2011-03-01,增田顺一; 杉森建,Gen 5,EN,Nintendo Power,Magazine Interview,增田顺一; 杉森建; 第五世代; EN; 黑白; Gen 5; Notion精选,宝可梦主创访谈数据库收录项目：增田&杉森 BW开发访谈，关注Gen 5开发幕后。,_posts/2011-03-01-interview-nintendo-power-bw-masuda-sugimori.md,imported,
,Topo Gamer 独家现场直击：增田顺一 × 大森滋做客巴塞罗那 iDÉAME Kids——与少年儿童的零距离宝可梦创作对谈全记录,增田顺一与大森滋与iDÉAME的孩子们,https://www.topofarmer.com/2014/11/01/cronica-ideame-kids-con-junichi-masuda-y-shigeru-ohmori/,https://web.archive.org/web/*/https://www.topofarmer.com/2014/11/01/cronica-ideame-kids-con-junichi-masuda-y-shigeru-ohmori/,2014-11-01,增田顺一; 大森滋,Gen 6,ES,Topo Gamer (Topofarmer.com),Web Interview,增田顺一; 大森滋; 第六世代; ORAS; ES; Gen 6; Notion精选,宝可梦主创访谈数据库收录项目：增田顺一与大森滋与iDÉAME的孩子们，关注Gen 6开发幕后。,,imported,
,电玩志专访大森滋与尾上将之：继承 Game Freak 传奇的年轻总监们,【新連載：新世代に訊く】 『ポケモン』新作は“攻略”を検索される前提？ ゲームフリークの伝説を受け継ぐ若きディレクター達,https://news.denfaminicogamer.jp/interview/170703,https://web.archive.org/web/*/https://news.denfaminicogamer.jp/interview/170703,2017-07-03,大森滋; 尾上将之,Gen 7,JA,電ファミニコゲーマー (Denfaminicogamer),Web Interview,大森滋; 第七世代; 日月; 尾上将之; JP; Gen 7; JA; Notion精选,宝可梦主创访谈数据库收录项目：大森 x 尾上 继承Game Freak传奇的年轻导演，关注Gen 7开发幕后。,_posts/2017-07-03-interview-denfaminicogamer-ohmori-onoue-new-generation.md,imported,2019
,电玩志专访大森滋与尾上将之（后篇）：Game Freak 的企划孵化机制与“齿轮企划”破格传承,【新連載：新世代に訊く】『ポケモン』新作は“攻略”を検索される前提？ゲームフリークの伝説を受け継ぐ若きディレクター達（後編）,https://news.denfaminicogamer.jp/interview/170703/2,https://web.archive.org/web/*/https://news.denfaminicogamer.jp/interview/170703/2,2017-07-03,大森滋; 尾上将之,综合专题,JA,Notion Archive,Web Interview,大森滋; 尾上将之; JP; 综合专题; JA; Notion精选,电玩志《向新世代发问》终篇：大森滋与尾上将之深入披露 Game Freak 内部极具传奇色彩的“齿轮企划（Gear Project）”。在这个机制下，任何员工无论资历都可以自由提案原创 IP，29 岁的尾上将之正是由此脱颖而出执导《小象历险记》。两人详述了面对智能手机互联网时代“攻略瞬间被搜索引擎解密”的现实，游戏设计如何反套路打破道馆体系、重构探索未知感，以及如何将田尻智与增田顺一创立的工匠文化代代传承。,_posts/2017-07-03-interview-denfaminicogamer-ohmori-onoue-gear-project.md,imported,
,Notion收录：寝ても覚めてもゲーム！ ポケモンはまだ進化する？　J教室 3時限,寝ても覚めてもゲーム！ ポケモンはまだ進化する？　J教室 3時限,https://www.youtube.com/watch?v=C-iE1WIpaFE,https://web.archive.org/web/*/https://www.youtube.com/watch?v=C-iE1WIpaFE,2010-01-01,增田顺一,Gen 5,JA,Notion Archive,Web Interview,增田顺一; 第五世代; JP; Gen 5; JA; Notion精选,宝可梦主创访谈数据库收录项目：寝ても覚めてもゲーム！ ポケモンはまだ進化する？　J教室 3時限，关注Gen 5开发幕后。,,unimported,
,Notion收录：旧ゲームメモ　 增田顺一,旧ゲームメモ　 增田顺一,http://gamememo.com/tag/masuda-jyuniti/,https://web.archive.org/web/*/http://gamememo.com/tag/masuda-jyuniti/,2010-01-01,增田顺一,Gen 5,JA,Notion Archive,Web Interview,第五世代; 增田顺一; 黑白; JP; Gen 5; JA; Notion精选,宝可梦主创访谈数据库收录项目：旧ゲームメモ　 增田顺一，关注Gen 5开发幕后。,,unimported,
,Notion收录：有贺等 作品合集,有贺等 作品合集,https://twitter.com/i/events/996656664785780736,https://web.archive.org/web/*/https://twitter.com/i/events/996656664785780736,2010-01-01,有贺等,Gen 6,JA,Notion Archive,Web Interview,有贺等; 第七世代; 第六世代; 第八世代; Gen 6; JA; Notion精选,宝可梦主创访谈数据库收录项目：有贺等 作品合集，关注Gen 6开发幕后。,,unimported,
,读卖新闻 × Siliconera 专访杉森建：宝可梦设计的“减法美学”与帅气/可爱的微妙平衡,Pokémon Designer On Balancing Cool Or Cute Pokémon By Adding Uncool Or Uncute Features,https://www.siliconera.com/pokmon-designer-on-balancing-cool-or-cute-pokmon-by-adding-uncool-or-uncute-features/,https://web.archive.org/web/*/https://www.siliconera.com/pokmon-designer-on-balancing-cool-or-cute-pokmon-by-adding-uncool-or-uncute-features/,2018-07-27,杉森建,综合专题,EN,読売新聞 (Yomiuri Shimbun) / Siliconera,Web Interview,杉森建; EN; 短文杂谈; 综合专题; Notion精选,宝可梦主创访谈数据库收录项目：杉森 平衡宝可梦设计，关注综合专题开发幕后。,_posts/2018-07-27-interview-yomiuri-siliconera-sugimori-monster-balance.md,imported,2019
,Nintendo Power 专访增田顺一、石原恒和与杉森建：《宝可梦 金／银》百余只废案重构与千禧年全员座谈会,Nintendo Power Chats with Pokémon Bigwigs (Nintendo Power Vol. 134),https://lavacutcontent.com/sugimori-hundreds-pokemon-cut/,https://web.archive.org/web/*/http://lavacutcontent.com/sugimori-hundreds-pokemon-cut/,2000-07-01,增田顺一; 石原恒和; 杉森建; 森本茂树; 太田健程; 一之濑刚,Gen 2,EN,Nintendo Power,Magazine Interview,杉森建; 第二世代; Nintendo Power; EN; Gen 2; Notion精选,宝可梦主创访谈数据库收录项目：杉森 第二世代百余只宝可梦的创作，关注Gen 2开发幕后。,_posts/2000-07-01-interview-nintendopower-gold-silver-roundtable.md,imported,
,Notion收录：杉森的绘画天气,杉森的绘画天气,https://web.archive.org/web/20120621081017/gamefreak.co.jp/blog/art,https://web.archive.org/web/20120621081017/gamefreak.co.jp/blog/art,2010-01-01,杉森建,Gen 4,JA,Notion Archive,Web Interview,杉森建; 第四世代; 第五世代; BLOG; JP; Gen 4; JA; Notion精选,宝可梦主创访谈数据库收录项目：杉森的绘画天气，关注Gen 4开发幕后。,,unimported,
,《时代周刊》(TIME) 独家专访宝可梦之父田尻智：究极的 Game Freak（町田田园昆虫少年、GB通信线顿悟与无暴力游戏哲学）,"The Ultimate Game Freak: An Interview with Satoshi Tajiri, Creator of Pokémon","http://content.time.com/time/magazine/article/0,9171,2040095,00.html","https://web.archive.org/web/*/http://content.time.com/time/magazine/article/0,9171,2040095,00.html",1999-11-22,田尻智; 宫本茂; 蒂姆·拉里默; 横田孝司,Gen 1,JA,Notion Archive,Web Interview,田尻 智; 第一世代; Gen 1; JA; Notion精选,宝可梦主创访谈数据库收录项目：田尻 Times 究极的Game Freak，关注Gen 1开发幕后。,_posts/1999-11-22-interview-time-satoshi-tajiri-ultimate-game-freak.md,imported,
,宝可梦官方专访：皮卡丘诞生秘辛 —— 专访杉森建、西田敦子与西野弘二（从大福点心、松鼠颊囊到废案三段进化高老丸）,Creator Profile: The Creators of Pikachu,https://www.pokemon.com/us/pokemon-news/creator-profile-the-creators-of-pikachu/,https://web.archive.org/web/*/https://www.pokemon.com/us/pokemon-news/creator-profile-the-creators-of-pikachu/,2018-07-26,杉森建; 西田敦子; 西野弘二,Gen 1,EN,Notion Archive,Web Interview,皮卡丘; 第一世代; 西田墩子; 西野浩二; 杉森建; EN; Gen 1; Notion精选,宝可梦主创访谈数据库收录项目：皮卡丘的创造者-美版访谈，关注Gen 1开发幕后。,_posts/2018-07-26-interview-creators-of-pikachu.md,imported,
,日本经济新闻 深度特写宝可梦社长石原恒和：从父亲传授围棋到千亿IP帝国舵手，与岩田聪、田尻智的初心原点,石原恒和・ポケモン社長　父に囲碁教わりゲーム好きに,https://style.nikkei.com/article/DGXKZO67530060R21C20A2KNTP00/,https://web.archive.org/web/*/https://style.nikkei.com/article/DGXKZO67530060R21C20A2KNTP00/,2020-12-21,石原恒和,Gen 8,JA,日本経済新聞,Web Interview,石原恒和; 第八世代; 宝株; JP; Gen 8; JA; Notion精选,宝可梦主创访谈数据库收录项目：石原恒和・ポケモン社長　父に囲碁教わりゲーム好きに，关注Gen 8开发幕后。,_posts/2020-12-21-interview-nikkei-ishihara-go-boardgames.md,imported,
,Business Lawyers 独家专访宝可梦公司法务总监富田裕介：支撑全球千亿IP的法务制片人哲学,第21回 「ポケモン」を支えるプロデューサーとしての法務 - 株式会社ポケモン,https://www.businesslawyers.jp/articles/491,https://web.archive.org/web/*/https://www.businesslawyers.jp/articles/491,2018-09-12,Game Freak 开发团队,综合专题,JA,BUSINESS LAWYERS,Web Interview,STAFF; 宝株; JP; 综合专题; JA; Notion精选,宝可梦主创访谈数据库收录项目：第21回 「ポケモン」を支えるプロデューサーとしての法務 - 株式会社ポケモン，关注综合专题开发幕后。,,imported,
,Notion收录：若手クリエイターの紹介 谷博行,若手クリエイターの紹介 谷博行,http://fukuoka-game.com/young_creator/,https://web.archive.org/web/*/http://fukuoka-game.com/young_creator/,2010-01-01,Game Freak 开发团队,综合专题,JA,Notion Archive,Web Interview,谷博行; JP; 综合专题; JA; Notion精选,宝可梦主创访谈数据库收录项目：若手クリエイターの紹介 谷博行，关注综合专题开发幕后。,,unimported,
,周刊 ASCII 专访增田顺一：《宝可梦 黑·白》开发秘话与 PGL 诞生,誌面では語りきれなかった、ポケットモンスター ブラック・ホワイトの開発秘話!!,https://weekly.ascii.jp/elem/000/002/602/2602549/?r=1,https://web.archive.org/web/*/https://weekly.ascii.jp/elem/000/002/602/2602549/?r=1,2010-09-13,增田顺一,Gen 5,JA,週刊アスキー (Weekly ASCII),Web Interview,增田顺一; 第五世代; 黑白; JP; Gen 5; JA; Notion精选,宝可梦主创访谈数据库收录项目：誌面では語りきれなかった、ポケットモンスター ブラック・ホワイトの開発秘話!!，关注Gen 5开发幕后。,_posts/2010-09-13-interview-weekly-ascii-masuda-bw.md,imported,2011
,Denfami 独家专访 GAME FREAK 铁三角 × 薗部博之：森本茂树 × 田谷正夫 × 一之濑刚大谈赛马游戏精髓与独创游戏研发经,赛马的乐趣 森本 茂树X田谷 正夫X一之瀬 剛,https://news.denfaminicogamer.jp/projectbook/dabisuta,https://web.archive.org/web/*/https://news.denfaminicogamer.jp/projectbook/dabisuta,2016-04-18,森本茂树,综合专题,JA,Denfaminicogamer,Web Interview,森本茂树; 田谷正夫; 一之濑刚; 纸马; JP; 综合专题; JA; Notion精选,宝可梦主创访谈数据库收录项目：赛马的乐趣 森本 茂树X田谷 正夫X一之瀬 剛，关注综合专题开发幕后。,_posts/2016-04-18-interview-denfami-sonobe-gamefreak-morimoto.md,imported,
,Notion收录：鶴田 GF staff blog,鶴田 GF staff blog,https://web.archive.org/web/20130122112708/http://www.gamefreak.co.jp/blog/staff/?p=157,https://web.archive.org/web/20130122112708/http://www.gamefreak.co.jp/blog/staff/?p=157,2010-01-01,Game Freak 开发团队,综合专题,JA,Notion Archive,Web Interview,BLOG; STAFF; JP; 综合专题; JA; Notion精选,宝可梦主创访谈数据库收录项目：鶴田 GF staff blog，关注综合专题开发幕后。,,unimported,
,任天堂官方N.O.M特辑：小学馆制作人久保雅一专访（前编·从1995年初遇、7.8万封梦幻抽奖到游说任天堂动画化）,N.O.M 2000年6月号 No.22 ポケモンから広がる世界／「ポケモン大ヒットの秘密をさぐる」１,https://www.nintendo.co.jp/nom/0006/04/04c01.html,https://web.archive.org/web/20030205190541/http://www.nintendo.co.jp/nom/0006/04/04c01.html,2000-06-01,久保雅一; 田尻智; 石原恒和; 川口贵司,Gen 1,JA,N.O.M,Web Interview,N.O.M; Gen 1; 小学馆; 久保雅一; 动画化; 梦幻; CoroCoro; JA,任天堂官方网络杂志 N.O.M 2000年6月号（No.22）独家专访小学馆角色企划室室长、跨媒体奠基人久保雅一（前编）：回顾1995年发售前夕被田尻智与石原恒和的执着震撼、CoroCoro 刊登全日本7.8万封明信片抽选20只梦幻引爆全国狂潮、数次奔赴京都任天堂总部游说高层立项动画化的幕后博弈，以及给动画监督汤山邦彦下达“制作团队全员必须先通关GB游戏”的死命令。,_posts/2000-06-01-interview-nom-2000-kubo-pokemon-hit-secret.md,imported,
,任天堂官方N.O.M特辑：小学馆制作人久保雅一专访（后编·坚守放送事故、出海征服欧美与“无人死亡”哲学）,N.O.M 2000年6月号 No.22 ポケモンから広がる世界／「ポケモン大ヒットの秘密をさぐる」２,https://www.nintendo.co.jp/nom/0006/04/04c02.html,https://web.archive.org/web/20030205190822/http://www.nintendo.co.jp/nom/0006/04/04c02.html,2000-06-01,久保雅一; 石原恒和; 汤山邦彦; 首藤刚志,Gen 1,JA,N.O.M,Web Interview,N.O.M; Gen 1; 小学馆; 久保雅一; 剧场版; 出海欧美; 无死亡哲学; JA,任天堂官方网络杂志 N.O.M 2000年6月号（No.22）独家专访小学馆角色企划室室长久保雅一（后编）：详述1997年光敏癫痫放送事故期间团队坚持创作与全国来信支持、剧场版动画的诞生契机、进军海外时法国首日票房超越《黑客帝国》、全美200家报纸连载计划，以及贯穿宝可梦所有媒介最核心的哲学信条——“在宝可梦的世界里，任何人与宝可梦都绝不会真正死亡”。,_posts/2000-06-01-interview-nom-2000-kubo-pokemon-hit-secret.md,imported,
,N.O.M 2000年7月号：Game Freak全员座谈会（前编·初代『赤·绿』诞生回忆）,N.O.M 2000年7月号 No.23 ゲームフリーク座談会（『赤・緑』編）,https://www.nintendo.co.jp/nom/0007/gfreak/page01.html,https://web.archive.org/web/*/https://www.nintendo.co.jp/nom/0007/gfreak/page01.html,2000-07-01,增田顺一; 杉森建; 森本茂树; 渡边哲也; 西野浩二,Gen 1,JA,N.O.M,Roundtable,N.O.M; Gen 1; 初代创生; JA,任天堂官方期刊 N.O.M 经典专访：N.O.M 2000年7月号 No.23 ゲームフリーク座談会（『赤・緑』編） 【注：任天堂原站已改版下线，需通过互联网档案馆 Web Archive 快照查阅】,_posts/2000-07-01-interview-nom-genesis-gamefreak.md,imported,
,N.O.M 2000年7月号：Game Freak全员座谈会（后编·续篇『金·银』突破与开发秘闻）,N.O.M 2000年7月号 No.23 ゲームフリーク座談会（『金・銀』編）,https://www.nintendo.co.jp/nom/0007/gfreak/page04.html,https://web.archive.org/web/*/https://www.nintendo.co.jp/nom/0007/gfreak/page04.html,2000-07-01,增田顺一; 杉森建; 森本茂树; 渡边哲也; 西野浩二,Gen 2,JA,N.O.M,Roundtable,N.O.M; Gen 2; 金银突破; JA,任天堂官方期刊 N.O.M 经典专访：N.O.M 2000年7月号 No.23 ゲームフリーク座談会（『金・銀』編） 【注：任天堂原站已改版下线，需通过互联网档案馆 Web Archive 快照查阅】,_posts/2000-07-01-interview-nom-gold-silver-gamefreak.md,imported,
,N.O.M 2000年7月号：田尻智 × 石原恒和 特别对谈（二人的相遇、六年长征与生命感哲学）,N.O.M 2000年7月号 No.23 湯山邦彦監督インタビュー,https://www.nintendo.co.jp/nom/0007/anime/index.html,https://web.archive.org/web/*/https://www.nintendo.co.jp/nom/0007/anime/index.html,2000-07-01,汤山邦彦,Gen 2,JA,N.O.M,Web Interview,N.O.M; 剧场版; 汤山邦彦; JA,任天堂官方期刊 N.O.M 经典专访：N.O.M 2000年7月号 No.23 湯山邦彦監督インタビュー 【注：任天堂原站已改版下线，需通过互联网档案馆 Web Archive 快照查阅】,_posts/2000-07-01-interview-nom-special-dialogue-tajiri-ishihara.md,imported,
,N.O.M 2000年12月号·2001年1月号：『宝可梦 水晶版』新要素、首位女性主角与对战塔初登场,N.O.M 2000年12月号・2001年1月号 『ポケットモンスター クリスタルバージョン』新要素＆体験記,https://www.nintendo.co.jp/nom/0012/catalog/crystal/index.html,https://web.archive.org/web/20030322010408/http://www.nintendo.co.jp:80/nom/0012/catalog/crystal/index.html,2000-12-14,增田顺一; 杉森建; 佐藤仁美,Gen 2,JA,N.O.M,Editorial/Play Report,N.O.M; Gen 2; 水晶版; 克丽丝; 对战塔; JA,2000年圣诞发售的《宝可梦 水晶版》开创多项先河：首创可自由选择的女性主角克丽丝、首度引入宝可梦入场动态动画、设立对战设施鼻祖“对战塔”，并初次试水手机蜂窝网络联机。本篇收录任天堂官方期刊 N.O.M 当年的发售特辑与总编深入城都实机测评手记。,_posts/2000-12-14-interview-nom-crystal-new-elements-heroine.md,imported,
,N.O.M 2001年1月号：移动系统GB网络通信革命——掌机首度直连手机与全国P2P联机解密,N.O.M 2001年1月号 No.29 「モバイルシステムGB」で広がる遊び＆ネットワーク大特集,https://www.nintendo.co.jp/nom/0101/index.html,https://web.archive.org/web/20030207171034/http://www.nintendo.co.jp:80/nom/0101/index.html,2001-01-27,增田顺一; 渡边哲也,Gen 2,JA,N.O.M,Editorial/Feature,N.O.M; Gen 2; 移动系统GB; 移动适配器GB; 网络联机; JA,2001年1月27日任天堂正式启动“移动系统GB”服务，开创掌机直连手机蜂窝网络与全日本联机对战的历史。作为首发旗舰，《宝可梦 水晶版》率先实现了全国PCC无线交换与对战塔云端排行榜。本篇完整收录任天堂官方期刊 N.O.M 当年的网络革命特辑。,_posts/2001-01-27-interview-nom-mobile-system-gb-revolution.md,imported,
,N.O.M 2001年11月号：宝可梦卡牌e与卡牌e读取器开发者访谈,N.O.M 2001年11月号 No.40 未来へ広がるポケモンワールド／ポケモンカードe・カードeリーダー開発者インタビュー,https://www.nintendo.co.jp/nom/0111/01/page02.html,https://web.archive.org/web/20090416040323/https://www.nintendo.co.jp/nom/0111/01/page02.html,2001-11-01,赤羽卓美; 入江胜义; 吉野元文; 福田和彦,Gen 2,JA,N.O.M,Web Interview,N.O.M; Creatures; 宝可梦卡牌e; 卡牌e读卡器; 赤羽卓美; 入江胜义; JA,Creatures为让集换式卡牌进化，构想把数据以看不见的形式印入卡牌，与任天堂、HAL研究所、奥林巴斯共同开发卡牌e与读取器。访谈谈及企划缘起、技术选型、读取器小型化、印刷精度与耐久测试，以及e应用与今后展开。,_posts/2001-11-01-interview-nom-2001-pokemon-card-e-creatures.md,imported,
,N.O.M 2002年5月号：2002年剧场版『水都的守护神 拉帝亚斯与拉帝欧斯』世界观解密,N.O.M 2002年5月号 No.46 ４．今年も新たなる感動を！ 2002年劇場版『ポケットモンスター』情報,https://www.nintendo.co.jp/nom/0205/04/index.html,https://web.archive.org/web/20030210051200/http://www.nintendo.co.jp:80/nom/0205/04/index.html,2002-05-01,汤山邦彦; 石原恒和,Gen 3,JA,N.O.M,Web Feature,N.O.M; 剧场版; 水都的守护神; 拉帝欧斯; 拉帝亚斯; 小果然; 汤山邦彦; JA,2002年夏公映的《水都的守护神 拉帝亚斯与拉帝欧斯》以意大利水城威尼斯为蓝本构建了系列公认最美舞台“奥多马雷”。本篇完整收录了任天堂官方网络杂志 N.O.M 当年的电影解密特辑：心之水滴传说、怪盗姐妹、第三世代新宝可梦（拉帝兄妹、小果然、夜巡灵、电萤虫）的抢先登场，以及同映短片《皮卡皮卡星空露营》与特制卡片e预售券档案。,_posts/2002-05-01-interview-nom-movie-latios-latias-water-capital.md,imported,
,N.O.M 2002年11月号：『红宝石·蓝宝石』发售纪念大特集（总监构想篇：增田顺一谈丰缘大自然与个性化时代）,N.O.M 2002年11月号 No.52 ルビー・サファイア 開発者インタビュー(1),https://www.nintendo.co.jp/nom/0211/gfreak/index.html,https://web.archive.org/web/*/https://www.nintendo.co.jp/nom/0211/gfreak/index.html,2002-11-01,增田顺一; 大森滋,Gen 3,JA,N.O.M,Web Interview,N.O.M; Gen 3; 红蓝宝石; 增田顺一; JA,任天堂官方期刊 N.O.M 经典专访：N.O.M 2002年11月号 No.52 ルビー・サファイア 開発者インタビュー(1) 【注：任天堂原站已改版下线，需通过互联网档案馆 Web Archive 快照查阅】,_posts/2002-11-01-interview-nom-2002-ruby-sapphire-staff-messages.md,imported,
,N.O.M 2002年11月号：『红宝石·蓝宝石』美术与生态特征（杉森建篇：GBA色彩飞跃与新怪兽克制美学）,N.O.M 2002年11月号 No.52 ルビー・サファイア 開発者インタビュー(2),https://www.nintendo.co.jp/nom/0211/gfreak/page02.html,https://web.archive.org/web/*/https://www.nintendo.co.jp/nom/0211/gfreak/page02.html,2002-11-01,杉森建; 增田顺一,Gen 3,JA,N.O.M,Web Interview,N.O.M; Gen 3; 杉森建; 特性; JA,任天堂官方期刊 N.O.M 经典专访：N.O.M 2002年11月号 No.52 ルビー・サファイア 開発者インタビュー(2) 【注：任天堂原站已改版下线，需通过互联网档案馆 Web Archive 快照查阅】,_posts/2002-11-01-interview-nom-2002-ruby-sapphire-staff-messages.md,imported,
,N.O.M 2002年11月号：『红宝石·蓝宝石』对战革命与秘密基地实测（石原恒和谈品牌、4人双打与数据通信）,N.O.M 2002年11月号 No.52 ルビー・サファイア 開発者インタビュー(3),https://www.nintendo.co.jp/nom/0211/gfreak/page03.html,https://web.archive.org/web/*/https://www.nintendo.co.jp/nom/0211/gfreak/page03.html,2002-11-01,大森滋; 森本茂树,Gen 3,JA,N.O.M,Web Interview,N.O.M; Gen 3; 大森滋; 秘密基地; JA,任天堂官方期刊 N.O.M 经典专访：N.O.M 2002年11月号 No.52 ルビー・サファイア 開発者インタビュー(3) 【注：任天堂原站已改版下线，需通过互联网档案馆 Web Archive 快照查阅】,_posts/2002-11-01-interview-nom-2002-ruby-sapphire-multi-battle-secret-base-report.md,imported,
,N.O.M 2003年8月号：GC『宝可梦频道』石原恒和 × 小泽宗明 × 松村宪男 开发专访,N.O.M 2003年8月号 No.61 『ポケモンチャンネル』開発スタッフインタビュー,https://www.nintendo.co.jp/nom/0308/p_inter/index.html,https://web.archive.org/web/20070924110143/https://www.nintendo.co.jp/nom/0308/p_inter/index.html,2003-08-01,石原恒和; 小泽宗明; 松村宪男,Gen 3,JA,N.O.M,Web Interview,N.O.M; Gen 3; 宝可梦频道; GameCube; Ambrella; 石原恒和; JA,石原恒和、小泽宗明与松村宪男畅谈《宝可梦频道》在NGC上的开发历程：从N64转至GC、电视机嵌套电视的创新设计、皮卡丘声控互动、原创动画联动及卡片e+联动系统。,_posts/2003-08-01-interview-nom-2003-pokemon-channel-staff.md,imported,
,N.O.M 2003年11月号：GC『宝可梦圆形竞技场』暗影宝可梦与3D对战开发专访,N.O.M 2003年11月号 No.64 『ポケモンコロシアム』開発スタッフインタビュー,https://www.nintendo.co.jp/nom/0311/soft/interv.html,https://web.archive.org/web/20100519021152/https://www.nintendo.co.jp/nom/0311/soft/interv.html,2003-11-01,山名学; 三浦昌幸; 多和田吏; 折尾一则,Gen 3,JA,N.O.M,Web Interview,N.O.M; Gen 3; 宝可梦圆形竞技场; GameCube; Genius Sonority; 暗影宝可梦; JA,任天堂与Genius Sonority团队详解《宝可梦圆形竞技场》开发秘闻：暗影宝可梦（Shadow Pokémon）净化系统引入、媲美电影级3D对战演出、夺取他人宝可梦禁手“黑暗球”的平衡把控。,_posts/2003-11-01-interview-nom-2003-pokemon-colosseum-staff.md,imported,
,Nintendo Dream 2004年3月号：Game Freak『火红·叶绿』开发团队专访（前编·无线适配器革命与旧代码重构之痛）,Nintendo Dream 2004年3月号 Vol.108 『ポケットモンスター ファイアレッド・リーフグリーン』開発スタッフインタビュー（前編）,https://www.nintendo-dream.com/,https://www.gamesradar.com/games/pokemon/pokemon-firered-and-leafgreen-devs-found-that-the-programming-sucks-in-the-original-rpgs-but-needed-nintendos-help-on-the-remakes-because-they-hadnt-gotten-any-better-at-programming-since-then/,2004-03-01,增田顺一; 渡边哲也; 西野弘二; 宇野隆雄,Gen 3,JA,Nintendo Dream,Print Interview,Nintendo Dream; Gen 3; 火红·叶绿; Game Freak; 增田顺一; 渡边哲也; 无线适配器; 岩田聪; JA,Game Freak 核心团队（增田顺一、渡边哲也、西野弘二、宇野隆雄）详述《火红·叶绿》重制开发秘辛：重读初代旧汇编代码的痛苦折磨、无线适配器与联合房间开发遇到技术瓶颈时岩田聪社长亲自派任天堂工程师进驻支援数月攻坚等核心内幕。,,unimported,
,Nintendo Dream 2004年3月号：Game Freak『火红·叶绿』开发团队专访（后编·“60岁也能玩”的亲民设计与七岛剧情拓展）,Nintendo Dream 2004年3月号 Vol.108 『ポケットモンスター ファイアレッド・リーフグリーン』開発スタッフインタビュー（後編）,https://www.nintendo-dream.com/,https://www.thegamer.com/pokemon-frlg-target-audience-new-interview/,2004-03-01,增田顺一; 西野弘二; 宇野隆雄; 渡边哲也,Gen 3,JA,Nintendo Dream,Print Interview,Nintendo Dream; Gen 3; 火红·叶绿; Game Freak; 增田顺一; 西野弘二; 七岛; 无障碍设计; JA,增田顺一与西野弘二阐述内部“60岁老人也能玩”的设计口号、为长期搁置重回游戏的女性与休闲玩家设计的“剧情回顾（あらすじ）”黑白分镜回放机制、按键帮助菜单、以及通关后连接关都与丰缘的全新“七岛”拓展舞台。,,unimported,
,N.O.M 2004年9月号：『宝可梦 绿宝石』对战开拓区实机测评与持续进化的宝可梦编年史,N.O.M 2004年9月号 No.74 ポケモン総力特集「ポケットモンスター エメラルド」＆ポケモンの歴史と最新情報を探る！,https://www.nintendo.co.jp/nom/0409/index.html,https://web.archive.org/web/20041010183955/http://www.nintendo.co.jp/nom/0409/index.html,2004-09-01,森本茂树; 增田顺一,Gen 3,JA,N.O.M,Web Feature,N.O.M; Gen 3; 绿宝石; 对战开拓区; 烈空坐; 亚希达; 森本茂树; 增田顺一; JA,任天堂官方网络杂志 N.O.M 2004年9月号（No.74）封面全力特集：编辑长实测双打对战升级、宝可梦导航器呼叫系统与树果种植，烈空坐平息超古代巨兽之战高潮剧情，对战开拓区七大设施与开拓之脑解密，以及官方梳理的从初代赤绿到GBA无线时代的软硬件进化史。,_posts/2004-09-01-interview-nom-emerald-battle-frontier-evolution.md,imported,
,任天堂官方N.O.M特辑：GC『宝可梦XD 暗之旋风 黑暗洛奇亚』深度实测与宝可梦公司宣发部新井贤一专访——暗影洛奇亚、净化室与别次元RPG的救赎叙事,N.O.M 2005年8月号 No.85 イベントと応援で燃えろ！パワーで押し切る今年の夏！『ポケモンフェスタ2005』＆『ポケモンＸＤ』大特集,https://www.nintendo.co.jp/nom/0508/index.html,https://web.archive.org/web/20110920013738/http://www.nintendo.co.jp/nom/0508/index.html,2005-08-01,新井贤一,Gen 3,JA,N.O.M,Web Feature / Interview,N.O.M; Gen 3; GC; 宝可梦XD; 暗影宝可梦; 黑暗洛奇亚; 新井贤一; Pokemon Festa 2005; JA,任天堂官方网络杂志 N.O.M 2005年8月号（No.85）封面全力大特集：欧雷地区实机深度体验（P★DA终端、夺取机器、暗影宝可梦与暗影招式、批量净化室、战斗光盘残局解谜）、宝可梦公司宣发部新井贤一专访（XD别次元概念与救赎成长叙事）、Pokemon Festa 2005现场金属怪（刷新技能）配信与全国大赛东京代表决胜战冠军战术实录。,_posts/2005-08-01-interview-nom-xd-gale-of-darkness-pokemon-festa.md,imported,
,任天堂官方杂志NOM专访《宝可梦 钻石·珍珠》核心主创：石原恒和 × 增田顺一 × 杉森建（十周年集大成·究极的进化、神话世界观与Wi-Fi革命）,N.O.M 2006年9月号 No.98 ダイヤモンド・パール Wi-Fiとシンオウ神話,https://www.nintendo.co.jp/nom/0609/dp/page01.html,https://web.archive.org/web/*/https://www.nintendo.co.jp/nom/0609/dp/page01.html,2006-10-01,增田顺一; 杉森建,Gen 4,JA,N.O.M,Web Interview,N.O.M; Gen 4; DP; Wi-Fi; JA,任天堂官方期刊 N.O.M 经典专访：N.O.M 2006年9月号 No.98 ダイヤモンド・パール Wi-Fiとシンオウ神話 【注：任天堂原站已改版下线，需通过互联网档案馆 Web Archive 快照查阅】,_posts/2006-10-01-interview-nom-dp-ishihara-masuda-sugimori.md,imported,
,任天堂官方N.O.M实测特辑：『宝可梦 钻石·珍珠』首发深度测评——物特技能革命、双屏盲操、雌雄形态与地下大洞窟秘密基地,N.O.M 2006年10月号 No.99 『ポケットモンスター ダイヤモンド・パール』プレイレポート,https://www.nintendo.co.jp/nom/0610/11/index.html,https://web.archive.org/web/20110726212423/http://www.nintendo.co.jp/nom/0610/11/index.html,2006-10-01,N.O.M 編集部,Gen 4,JA,N.O.M,Web Feature,N.O.M; Gen 4; NDS; 钻石·珍珠; 物特分家; 地下大洞窟; 宝可梦手表; 雌雄差异; JA,任天堂官方网络杂志 N.O.M 2006年10月号（No.99）首发深度测评报告：以小火焰猴启程实测神奥冒险、NDS上下双屏大按键双手拇指盲操设计、全招式独立判定“物理·特殊·变化”的物特分家战斗大革命、首次实装雌雄形态外观差异的宝可梦图鉴、联动硬件日历的训练家备忘录与全天候宝可梦手表Pokétch、以及集秘密基地与化石挖掘于一体的地下大洞窟无线联机。,_posts/2006-10-01-interview-nom-dp-underground-fossil-battle-report.md,imported,
,1996『赤·绿·青』官方完全攻略本末尾开发全员大访谈,ポケットモンスター赤・緑・青全百科 開発スタッフインタビュー,,,1996-04-01,田尻智; 杉森建; 增田顺一; 石原恒和,Gen 1,JA,小学馆/MediaFactory,Print Publication / 官方完全攻略本,攻略本访谈; 元宫秀介; Gen 1; 田尻智; JA,官方完全攻略本末尾开发团队长篇深度专访：ポケットモンスター赤・緑・青全百科 開発スタッフインタビュー 【实体纸质出版物：原刊于小学馆/Media Factory官方攻略本卷末，无公开网页版】,,unimported,
,1998『皮卡丘（黄版）』完全攻略本：跟随与情绪系统诞生,ポケットモンスターピカチュウ 公式ガイド 開発陣インタビュー,,,1998-10-01,田尻智; 增田顺一; 杉森建,Gen 1,JA,Media Factory,Print Publication / 官方完全攻略本,攻略本访谈; Gen 1; 黄版; 皮卡丘; JA,官方完全攻略本末尾开发团队长篇深度专访：ポケットモンスターピカチュウ 公式ガイド 開発陣インタビュー 【实体纸质出版物：原刊于小学馆/Media Factory官方攻略本卷末，无公开网页版】,,unimported,
,1998『宝可梦竞技场』官方攻略本：3D化多边形建模考验,ポケモンスタジアム 任天堂公式ガイドブック 開発秘話,,,1998-08-01,三木研次; 石原恒和,Gen 1,JA,小学馆,Print Publication / 官方完全攻略本,攻略本访谈; 竞技场; JA,官方完全攻略本末尾开发团队长篇深度专访：ポケモンスタジアム 任天堂公式ガイドブック 開発秘話 【实体纸质出版物：原刊于小学馆/Media Factory官方攻略本卷末，无公开网页版】,,unimported,
,1999『金·银』公式ガイドブック（完结篇）：251只怪兽数值重构,ポケットモンスター 金・銀 公式ガイドブック（完結編）開発者インタビュー,,,1999-12-01,增田顺一; 森本茂树; 西野浩二; 杉森建,Gen 2,JA,Media Factory,Print Publication / 官方完全攻略本,攻略本访谈; Gen 2; 金银; 数值平衡; JA,官方完全攻略本末尾开发团队长篇深度专访：ポケットモンスター 金・銀 公式ガイドブック（完結編）開発者インタビュー 【实体纸质出版物：原刊于小学馆/Media Factory官方攻略本卷末，无公开网页版】,,unimported,
,2000『水晶版』公式完全ガイド：女性主角与动态帧动作决断,ポケットモンスター クリスタルバージョン 公式完全ガイド 開発スタッフ直撃,,,2000-12-15,渡边哲也; 杉森建; 增田顺一,Gen 2,JA,Media Factory,Print Publication / 官方完全攻略本,攻略本访谈; Gen 2; 水晶版; 克丽丝; JA,官方完全攻略本末尾开发团队长篇深度专访：ポケットモンスター クリスタルバージョン 公式完全ガイド 開発スタッフ直撃 【实体纸质出版物：原刊于小学馆/Media Factory官方攻略本卷末，无公开网页版】,,unimported,
,2000『宝可梦竞技场 金银』完全攻略本：对战AI与金银全怪兽还原,ポケモンスタジアム金銀 公式ガイドブック 開発インタビュー,,,2000-12-20,三木研次; 森本茂树,Gen 2,JA,小学馆,Print Publication / 官方完全攻略本,攻略本访谈; Gen 2; 竞技场金银; JA,官方完全攻略本末尾开发团队长篇深度专访：ポケモンスタジアム金銀 公式ガイドブック 開発インタビュー 【实体纸质出版物：原刊于小学馆/Media Factory官方攻略本卷末，无公开网页版】,,unimported,
,2002『红宝石·蓝宝石』公式完全ガイド：特性、性格与丰缘大自然,ポケットモンスター ルビー・サファイア 公式完全ガイドブック 開発者インタビュー,,,2002-12-01,增田顺一; 大森滋; 森本茂树; 杉森建,Gen 3,JA,Media Factory,Print Publication / 官方完全攻略本,攻略本访谈; Gen 3; 红蓝宝石; 特性; JA,官方完全攻略本末尾开发团队长篇深度专访：ポケットモンスター ルビー・サファイア 公式完全ガイドブック 開発者インタビュー 【实体纸质出版物：原刊于小学馆/Media Factory官方攻略本卷末，无公开网页版】,,unimported,
,2003『宝可梦圆形竞技场』公式本：暗影宝可梦与欧雷地方,ポケモンコロシアム 任天堂公式ガイドブック 開発スタッフインタビュー,,,2003-12-15,山名学; 石原恒和,Gen 3,JA,小学馆,Print Publication / 官方完全攻略本,攻略本访谈; Gen 3; 暗影宝可梦; JA,官方完全攻略本末尾开发团队长篇深度专访：ポケモンコロシアム 任天堂公式ガイドブック 開発スタッフインタビュー 【实体纸质出版物：原刊于小学馆/Media Factory官方攻略本卷末，无公开网页版】,,unimported,
,2004『火红·叶绿』公式完全クリアガイド：无线适配器与帮助电视,ポケットモンスター ファイアレッド・リーフグリーン 公式完全クリアガイド,,,2004-02-15,增田顺一; 杉森建; 西野浩二,Gen 3,JA,Media Factory,Print Publication / 官方完全攻略本,攻略本访谈; Gen 3; 火红叶绿; 无线通信; JA,官方完全攻略本末尾开发团队长篇深度专访：ポケットモンスター ファイアレッド・リーフグリーン 公式完全クリアガイド 【实体纸质出版物：原刊于小学馆/Media Factory官方攻略本卷末，无公开网页版】,,unimported,
,2004『绿宝石』公式完全クリアガイド：对战开拓区终极平衡,ポケットモンスター エメラルド 公式完全クリアガイド 開発者直撃インタビュー,,,2004-09-30,森本茂树; 大森滋; 增田顺一,Gen 3,JA,Media Factory,Print Publication / 官方完全攻略本,攻略本访谈; Gen 3; 绿宝石; 开拓区; JA,官方完全攻略本末尾开发团队长篇深度专访：ポケットモンスター エメラルド 公式完全クリアガイド 開発者直撃インタビュー 【实体纸质出版物：原刊于小学馆/Media Factory官方攻略本卷末，无公开网页版】,,unimported,
,2005『宝可梦XD 暗之旋风』公式本：暗影洛奇亚净化发生器,ポケモンXD 闇の旋風ダーク・ルギア 公式ガイドブック 開発陣対談,,,2005-08-20,吉川刚史; 田中宏和,Gen 3,JA,小学馆,Print Publication / 官方完全攻略本,攻略本访谈; Gen 3; XD; JA,官方完全攻略本末尾开发团队长篇深度专访：ポケモンXD 闇の旋風ダーク・ルギア 公式ガイドブック 開発陣対談 【实体纸质出版物：原刊于小学馆/Media Factory官方攻略本卷末，无公开网页版】,,unimported,
,2006『钻石·珍珠』公式完全ガイド：物理特殊分家与近千招式重调,ポケットモンスター ダイヤモンド・パール 公式完全ガイド 開発スタッフインタビュー,,,2006-10-15,增田顺一; 杉森建; 森本茂树,Gen 4,JA,Media Factory,Print Publication / 官方完全攻略本,攻略本访谈; Gen 4; DP; 物特分家; JA,官方完全攻略本末尾开发团队长篇深度专访：ポケットモンスター ダイヤモンド・パール 公式完全ガイド 開発スタッフインタビュー 【实体纸质出版物：原刊于小学馆/Media Factory官方攻略本卷末，无公开网页版】,,unimported,
,2006『宝可梦对战革命』公式本：次世代Wii主机画面呈现,ポケモンバトルレボリューション 公式ガイドブック 開発秘話,,,2006-12-25,石原恒和; 山名学,Gen 4,JA,小学馆,Print Publication / 官方完全攻略本,攻略本访谈; Gen 4; 对战革命; JA,官方完全攻略本末尾开发团队长篇深度专访：ポケモンバトルレボリューション 公式ガイドブック 開発秘話 【实体纸质出版物：原刊于小学馆/Media Factory官方攻略本卷末，无公开网页版】,,unimported,
,2008『白金』公式完全ガイドブック：反转世界3D重力逻辑,ポケットモンスター プラチナ 公式完全ガイドブック 開発者ロングインタビュー,,,2008-10-01,川知丸武; 增田顺一; 大森滋,Gen 4,JA,Media Factory,Print Publication / 官方完全攻略本,攻略本访谈; Gen 4; 白金; 反转世界; JA,官方完全攻略本末尾开发团队长篇深度专访：ポケットモンスター プラチナ 公式完全ガイドブック 開発者ロングインタビュー 【实体纸质出版物：原刊于小学馆/Media Factory官方攻略本卷末，无公开网页版】,,unimported,
,2009『心金·魂银』公式完全ガイド：跟随系统493只独立动画,ポケットモンスター ハートゴールド・ソウルシルバー 公式完全ガイド 開発秘話,,,2009-10-01,森本茂树; 大森滋; 海野隆雄,Gen 4,JA,Media Factory,Print Publication / 官方完全攻略本,攻略本访谈; Gen 4; HGSS; 跟随系统; JA,官方完全攻略本末尾开发团队长篇深度专访：ポケットモンスター ハートゴールド・ソウルシルバー 公式完全ガイド 開発秘話 【实体纸质出版物：原刊于小学馆/Media Factory官方攻略本卷末，无公开网页版】,,unimported,
,2010『黑·白』公式完全ガイド：封印旧作156只新怪的生死豪赌,ポケットモンスター ブラック・ホワイト 公式完全ガイド 開発スタッフインタビュー,,,2010-10-15,增田顺一; 杉森建; 海野隆雄,Gen 5,JA,Media Factory,Print Publication / 官方完全攻略本,攻略本访谈; Gen 5; 黑白; 革新; JA,官方完全攻略本末尾开发团队长篇深度专访：ポケットモンスター ブラック・ホワイト 公式完全ガイド 開発スタッフインタビュー 【实体纸质出版物：原刊于小学馆/Media Factory官方攻略本卷末，无公开网页版】,,unimported,
,2012『黑2·白2』公式完全ガイド：跨越两年的正统续作与电影拍摄,ポケットモンスター ブラック２・ホワイト２ 公式完全ガイド 開発者ロング対談,,,2012-07-15,海野隆雄; 增田顺一; 大森滋,Gen 5,JA,Media Factory,Print Publication / 官方完全攻略本,攻略本访谈; Gen 5; B2W2; 续作; JA,官方完全攻略本末尾开发团队长篇深度专访：ポケットモンスター ブラック２・ホワイト２ 公式完全ガイド 開発者ロング対談 【实体纸质出版物：原刊于小学馆/Media Factory官方攻略本卷末，无公开网页版】,,unimported,
,2012『宝可梦+织田之野望』公式本：光荣特库摩合璧战略,ポケモン＋ノブナガの野望 公式ガイドブック 開発陣インタビュー,,,2012-03-20,涩泽光; 石原恒和,Gen 5,JA,光荣特库摩,Print Publication / 官方完全攻略本,攻略本访谈; 战棋; JA,官方完全攻略本末尾开发团队长篇深度专访：ポケモン＋ノブナガの野望 公式ガイドブック 開発陣インタビュー 【实体纸质出版物：原刊于小学馆/Media Factory官方攻略本卷末，无公开网页版】,,unimported,
,2013『X·Y』公式完全ガイド：从像素到3D骨骼绑定的巨大危机,ポケットモンスター Ｘ・Ｙ 公式完全ガイドブック 開発陣インタビュー,,,2013-11-15,增田顺一; 杉森建; 吉田宏信,Gen 6,JA,Overdrivin'/小学馆,Print Publication / 官方完全攻略本,攻略本访谈; Gen 6; XY; 3D化; Mega进化; JA,官方完全攻略本末尾开发团队长篇深度专访：ポケットモンスター Ｘ・Ｙ 公式完全ガイドブック 開発陣インタビュー 【实体纸质出版物：原刊于小学馆/Media Factory官方攻略本卷末，无公开网页版】,,unimported,
,2014『ORAS』公式完全ガイド：德尔塔篇章希嘉娜与流星瀑布古神话,ポケットモンスター オメガルビー・アルファサファイア 公式本 開発スタッフ対談,,,2014-12-05,大森滋; 增田顺一,Gen 6,JA,Overdrivin'/小学馆,Print Publication / 官方完全攻略本,攻略本访谈; Gen 6; ORAS; 大森滋; JA,官方完全攻略本末尾开发团队长篇深度专访：ポケットモンスター オメガルビー・アルファサファイア 公式本 開発スタッフ対談 【实体纸质出版物：原刊于小学馆/Media Factory官方攻略本卷末，无公开网页版】,,unimported,
,2016『日·月』公式完全ガイド：废除20年道馆制改诸岛巡礼初衷,ポケットモンスター サン・ムーン 公式完全ガイド 開発陣ロングインタビュー,,,2016-12-10,大森滋; 岩尾和昌; 海野隆雄,Gen 7,JA,Overdrivin'/小学馆,Print Publication / 官方完全攻略本,攻略本访谈; Gen 7; 日月; 诸岛巡礼; JA,官方完全攻略本末尾开发团队长篇深度专访：ポケットモンスター サン・ムーン 公式完全ガイド 開発陣ロングインタビュー 【实体纸质出版物：原刊于小学馆/Media Factory官方攻略本卷末，无公开网页版】,,unimported,
,2017『究极日月』公式完全ガイド：奈克洛兹玛三大究极形态与彩虹火箭队,ポケットモンスター ウルトラサン・ウルトラムーン 公式本 開発スタッフ対談,,,2017-12-05,岩尾和昌; 杉中克考,Gen 7,JA,Overdrivin'/小学馆,Print Publication / 官方完全攻略本,攻略本访谈; Gen 7; USUM; 彩虹火箭队; JA,官方完全攻略本末尾开发团队长篇深度专访：ポケットモンスター ウルトラサン・ウルトラムーン 公式本 開発スタッフ対談 【实体纸质出版物：原刊于小学馆/Media Factory官方攻略本卷末，无公开网页版】,,unimported,
,2018『Let's Go! 皮卡丘·伊布』公式本：明雷遇敌与轻量化养成,ポケットモンスター Let's Go! ピカチュウ・イーブイ 公式ガイド 開発秘話,,,2018-12-01,增田顺一; 菜花健作,Gen 7,JA,Overdrivin'/小学馆,Print Publication / 官方完全攻略本,攻略本访谈; Gen 7; LGPE; 明雷; JA,官方完全攻略本末尾开发团队长篇深度专访：ポケットモンスター Let's Go! ピカチュウ・イーブイ 公式ガイド 開発秘話 【实体纸质出版物：原刊于小学馆/Media Factory官方攻略本卷末，无公开网页版】,,unimported,
,2019『剑·盾』公式ガイドブック：极巨化三回合限制策略与旷野镜头,ポケットモンスター ソード・シールド 公式ガイドブック 開発陣直撃インタビュー,,,2019-12-05,大森滋; 岩尾和昌; James Turner,Gen 8,JA,Overdrivin'/小学馆,Print Publication / 官方完全攻略本,攻略本访谈; Gen 8; 剑盾; 极巨化; JA,官方完全攻略本末尾开发团队长篇深度专访：ポケットモンスター ソード・シールド 公式ガイドブック 開発陣直撃インタビュー 【实体纸质出版物：原刊于小学馆/Media Factory官方攻略本卷末，无公开网页版】,,unimported,
,2020『剑·盾 铠之孤岛·冠之雪原』官方完全本：传说的宝可梦巢穴调查,ソード・シールド エキスパンションパス 公式ガイド 開発スタッフ対談,,,2020-11-20,岩尾和昌; 大森滋,Gen 8,JA,Overdrivin'/小学馆,Print Publication / 官方完全攻略本,攻略本访谈; Gen 8; DLC; 极巨巢穴; JA,官方完全攻略本末尾开发团队长篇深度专访：ソード・シールド エキスパンションパス 公式ガイド 開発スタッフ対談 【实体纸质出版物：原刊于小学馆/Media Factory官方攻略本卷末，无公开网页版】,,unimported,
,2022『传说 阿尔宙斯』公式完全ガイド：动作无缝投球捕捉与古代洗翠,Pokémon LEGENDS アルセウス 公式ガイドブック 開発者インタビュー,,,2022-04-15,岩尾和昌; 大森滋,Gen 8,JA,Overdrivin'/小学馆,Print Publication / 官方完全攻略本,攻略本访谈; 阿尔宙斯; 洗翠; 动作RPG; JA,官方完全攻略本末尾开发团队长篇深度专访：Pokémon LEGENDS アルセウス 公式ガイドブック 開発者インタビュー 【实体纸质出版物：原刊于小学馆/Media Factory官方攻略本卷末，无公开网页版】,,unimported,
,2022『朱·紫』公式完全ガイド：帕底亚全开放世界与三条非线性主线,ポケットモンスター スカーレット・バイオレット 公式ガイド 開発陣直撃,,,2022-12-25,大森滋; 岩尾和昌; 前泽圭一,Gen 9,JA,Overdrivin'/小学馆,Print Publication / 官方完全攻略本,攻略本访谈; Gen 9; 朱紫; 开放世界; JA,官方完全攻略本末尾开发团队长篇深度专访：ポケットモンスター スカーレット・バイオレット 公式ガイド 開発陣直撃 【实体纸质出版物：原刊于小学馆/Media Factory官方攻略本卷末，无公开网页版】,,unimported,
,2023『朱·紫 零之秘宝』公式本：太乐巴戈斯与古代未来悖谬真相,スカーレット・バイオレット ゼロの秘宝 公式本 開発スタッフ対談,,,2023-12-20,大森滋; 岩尾和昌,Gen 9,JA,Overdrivin'/小学馆,Print Publication / 官方完全攻略本,攻略本访谈; Gen 9; 零之秘宝; 悖谬宝可梦; JA,官方完全攻略本末尾开发团队长篇深度专访：スカーレット・バイオレット ゼロの秘宝 公式本 開発スタッフ対談 【实体纸质出版物：原刊于小学馆/Media Factory官方攻略本卷末，无公开网页版】,,unimported,
,元宫秀介完全攻略本对谈 #174,Official Guide Interview #174,,,2008-01-01,增田顺一; 杉森建,Gen 4,JA,Overdrivin',Print Publication / 官方完全攻略本,攻略本访谈; JA; 元宫秀介,【实体纸质出版物：原刊于小学馆/Media Factory官方攻略本卷末，无公开网页版】,,unimported,
,元宫秀介完全攻略本对谈 #175,Official Guide Interview #175,,,2008-01-01,增田顺一; 杉森建,Gen 4,JA,Overdrivin',Print Publication / 官方完全攻略本,攻略本访谈; JA; 元宫秀介,【实体纸质出版物：原刊于小学馆/Media Factory官方攻略本卷末，无公开网页版】,,unimported,
,元宫秀介完全攻略本对谈 #176,Official Guide Interview #176,,,2008-01-01,增田顺一; 杉森建,Gen 4,JA,Overdrivin',Print Publication / 官方完全攻略本,攻略本访谈; JA; 元宫秀介,【实体纸质出版物：原刊于小学馆/Media Factory官方攻略本卷末，无公开网页版】,,unimported,
,元宫秀介完全攻略本对谈 #177,Official Guide Interview #177,,,2008-01-01,增田顺一; 杉森建,Gen 4,JA,Overdrivin',Print Publication / 官方完全攻略本,攻略本访谈; JA; 元宫秀介,【实体纸质出版物：原刊于小学馆/Media Factory官方攻略本卷末，无公开网页版】,,unimported,
,元宫秀介完全攻略本对谈 #178,Official Guide Interview #178,,,2008-01-01,增田顺一; 杉森建,Gen 4,JA,Overdrivin',Print Publication / 官方完全攻略本,攻略本访谈; JA; 元宫秀介,【实体纸质出版物：原刊于小学馆/Media Factory官方攻略本卷末，无公开网页版】,,unimported,
,元宫秀介完全攻略本对谈 #179,Official Guide Interview #179,,,2008-01-01,增田顺一; 杉森建,Gen 4,JA,Overdrivin',Print Publication / 官方完全攻略本,攻略本访谈; JA; 元宫秀介,【实体纸质出版物：原刊于小学馆/Media Factory官方攻略本卷末，无公开网页版】,,unimported,
,元宫秀介完全攻略本对谈 #180,Official Guide Interview #180,,,2008-01-01,增田顺一; 杉森建,Gen 4,JA,Overdrivin',Print Publication / 官方完全攻略本,攻略本访谈; JA; 元宫秀介,【实体纸质出版物：原刊于小学馆/Media Factory官方攻略本卷末，无公开网页版】,,unimported,
,元宫秀介完全攻略本对谈 #181,Official Guide Interview #181,,,2008-01-01,增田顺一; 杉森建,Gen 4,JA,Overdrivin',Print Publication / 官方完全攻略本,攻略本访谈; JA; 元宫秀介,【实体纸质出版物：原刊于小学馆/Media Factory官方攻略本卷末，无公开网页版】,,unimported,
,元宫秀介完全攻略本对谈 #182,Official Guide Interview #182,,,2008-01-01,增田顺一; 杉森建,Gen 4,JA,Overdrivin',Print Publication / 官方完全攻略本,攻略本访谈; JA; 元宫秀介,【实体纸质出版物：原刊于小学馆/Media Factory官方攻略本卷末，无公开网页版】,,unimported,
,元宫秀介完全攻略本对谈 #183,Official Guide Interview #183,,,2008-01-01,增田顺一; 杉森建,Gen 4,JA,Overdrivin',Print Publication / 官方完全攻略本,攻略本访谈; JA; 元宫秀介,【实体纸质出版物：原刊于小学馆/Media Factory官方攻略本卷末，无公开网页版】,,unimported,
,元宫秀介完全攻略本对谈 #184,Official Guide Interview #184,,,2008-01-01,增田顺一; 杉森建,Gen 4,JA,Overdrivin',Print Publication / 官方完全攻略本,攻略本访谈; JA; 元宫秀介,【实体纸质出版物：原刊于小学馆/Media Factory官方攻略本卷末，无公开网页版】,,unimported,
,元宫秀介完全攻略本对谈 #185,Official Guide Interview #185,,,2008-01-01,增田顺一; 杉森建,Gen 4,JA,Overdrivin',Print Publication / 官方完全攻略本,攻略本访谈; JA; 元宫秀介,【实体纸质出版物：原刊于小学馆/Media Factory官方攻略本卷末，无公开网页版】,,unimported,
,增田顺一专栏：第1回：增田部长专栏开篇与音乐漫谈,第1回：連載開始のご挨拶と音楽づくりについて,https://www.gamefreak.co.jp/blog/dir/?p=1,https://web.archive.org/web/*/https://www.gamefreak.co.jp/blog/dir/?p=1,2005-05-27,增田顺一,Gen 3,JA,Game Freak 官方博客,Director Column,增田顺一; 觉醒力量; Game Freak; 开发随笔; Gen 3; JA,Game Freak 董事兼总监增田顺一亲笔专栏第1回，探讨丰缘音乐。,_posts/2004-08-02-gamefreak-director-001.md,imported,
,增田顺一专栏：增田部长专栏 第2回：开发随想与创作手记,増田部長のめざめるパワー 第2回,https://www.gamefreak.co.jp/blog/dir/?p=2,https://web.archive.org/web/*/https://www.gamefreak.co.jp/blog/dir/?p=2,2005-11-15,增田顺一,Gen 3,JA,Game Freak 官方博客,Director Column,增田顺一; 觉醒力量; Game Freak; 开发随笔; Gen 3; JA,Game Freak 董事兼总监增田顺一亲笔专栏第2回，探讨开发随笔。,_posts/2004-08-03-gamefreak-director-002.md,imported,
,增田顺一专栏：增田部长专栏 第3回：开发随想与创作手记,増田部長のめざめるパワー 第3回,https://www.gamefreak.co.jp/blog/dir/?p=3,https://web.archive.org/web/*/https://www.gamefreak.co.jp/blog/dir/?p=3,2005-04-22,增田顺一,Gen 3,JA,Game Freak 官方博客,Director Column,增田顺一; 觉醒力量; Game Freak; 开发随笔; Gen 3; JA,Game Freak 董事兼总监增田顺一亲笔专栏第3回，探讨开发随笔。,_posts/2004-08-04-gamefreak-director-003.md,imported,
,增田顺一专栏：增田部长专栏 第4回：开发随想与创作手记,増田部長のめざめるパワー 第4回,https://www.gamefreak.co.jp/blog/dir/?p=4,https://web.archive.org/web/*/https://www.gamefreak.co.jp/blog/dir/?p=4,2005-09-01,增田顺一,Gen 3,JA,Game Freak 官方博客,Director Column,增田顺一; 觉醒力量; Game Freak; 开发随笔; Gen 3; JA,Game Freak 董事兼总监增田顺一亲笔专栏第4回，探讨开发随笔。,_posts/2004-08-05-gamefreak-director-004.md,imported,
,增田顺一专栏：第5回：为什么要把丰缘设计成被海洋包围的岛屿,第5回：ルビー・サファイアの自然と海,https://www.gamefreak.co.jp/blog/dir/?p=5,https://web.archive.org/web/*/https://www.gamefreak.co.jp/blog/dir/?p=5,2005-07-15,增田顺一,Gen 3,JA,Game Freak 官方博客,Director Column,增田顺一; 觉醒力量; Game Freak; 开发随笔; Gen 3; JA,Game Freak 董事兼总监增田顺一亲笔专栏第5回，探讨大自然世界观。,_posts/2004-08-06-gamefreak-director-005.md,imported,
,增田顺一专栏：增田部长专栏 第6回：开发随想与创作手记,増田部長のめざめるパワー 第6回,https://www.gamefreak.co.jp/blog/dir/?p=6,https://web.archive.org/web/*/https://www.gamefreak.co.jp/blog/dir/?p=6,2005-07-15,增田顺一,Gen 3,JA,Game Freak 官方博客,Director Column,增田顺一; 觉醒力量; Game Freak; 开发随笔; Gen 3; JA,Game Freak 董事兼总监增田顺一亲笔专栏第6回，探讨开发随笔。,_posts/2004-08-16-gamefreak-director-006.md,imported,
,GAME FREAK 官方博客专栏：增田部长的觉醒力量（后篇·微调与手感：第7回~第12回）——猜拳迭代法、主角撞墙物理手感与〈火红／叶绿〉海外命名秘辛,増田部長のめざめるパワー 第7回,https://www.gamefreak.co.jp/blog/dir/?p=7,https://web.archive.org/web/*/https://www.gamefreak.co.jp/blog/dir/?p=7,2005-12-22,增田顺一,Gen 3,JA,Game Freak 官方博客,Director Column,增田顺一; 觉醒力量; Game Freak; 开发随笔; Gen 3; JA,Game Freak 董事兼总监增田顺一亲笔专栏第7回，探讨开发随笔。,_posts/2004-08-17-gamefreak-director-007.md,imported,
,增田顺一专栏：增田部长专栏 第8回：开发随想与创作手记,増田部長のめざめるパワー 第8回,https://www.gamefreak.co.jp/blog/dir/?p=8,https://web.archive.org/web/*/https://www.gamefreak.co.jp/blog/dir/?p=8,2005-05-01,增田顺一,Gen 3,JA,Game Freak 官方博客,Director Column,增田顺一; 觉醒力量; Game Freak; 开发随笔; Gen 3; JA,Game Freak 董事兼总监增田顺一亲笔专栏第8回，探讨开发随笔。,_posts/2004-08-18-gamefreak-director-008.md,imported,
,增田顺一专栏：增田部长专栏 第9回：开发随想与创作手记,増田部長のめざめるパワー 第9回,https://www.gamefreak.co.jp/blog/dir/?p=9,https://web.archive.org/web/*/https://www.gamefreak.co.jp/blog/dir/?p=9,2005-10-08,增田顺一,Gen 3,JA,Game Freak 官方博客,Director Column,增田顺一; 觉醒力量; Game Freak; 开发随笔; Gen 3; JA,Game Freak 董事兼总监增田顺一亲笔专栏第9回，探讨开发随笔。,_posts/2004-08-26-gamefreak-director-009.md,imported,
,增田顺一专栏：增田部长专栏 第10回：开发随想与创作手记,増田部長のめざめるパワー 第10回,https://www.gamefreak.co.jp/blog/dir/?p=10,https://web.archive.org/web/*/https://www.gamefreak.co.jp/blog/dir/?p=10,2005-03-15,增田顺一,Gen 3,JA,Game Freak 官方博客,Director Column,增田顺一; 觉醒力量; Game Freak; 开发随笔; Gen 3; JA,Game Freak 董事兼总监增田顺一亲笔专栏第10回，探讨开发随笔。,_posts/2004-08-27-gamefreak-director-010.md,imported,
,增田顺一专栏：增田部长专栏 第11回：开发随想与创作手记,増田部長のめざめるパワー 第11回,https://www.gamefreak.co.jp/blog/dir/?p=11,https://web.archive.org/web/*/https://www.gamefreak.co.jp/blog/dir/?p=11,2005-08-22,增田顺一,Gen 3,JA,Game Freak 官方博客,Director Column,增田顺一; 觉醒力量; Game Freak; 开发随笔; Gen 3; JA,Game Freak 董事兼总监增田顺一亲笔专栏第11回，探讨开发随笔。,_posts/2004-08-30-gamefreak-director-011.md,imported,
,增田顺一专栏：增田部长专栏 第12回：开发随想与创作手记,増田部長のめざめるパワー 第12回,https://www.gamefreak.co.jp/blog/dir/?p=12,https://web.archive.org/web/*/https://www.gamefreak.co.jp/blog/dir/?p=12,2005-01-01,增田顺一,Gen 3,JA,Game Freak 官方博客,Director Column,增田顺一; 觉醒力量; Game Freak; 开发随笔; Gen 3; JA,Game Freak 董事兼总监增田顺一亲笔专栏第12回，探讨开发随笔。,_posts/2004-08-31-gamefreak-director-012.md,imported,
,增田顺一专栏：增田部长专栏 第13回：开发随想与创作手记,増田部長のめざめるパワー 第13回,https://www.gamefreak.co.jp/blog/dir/?p=13,https://web.archive.org/web/*/https://www.gamefreak.co.jp/blog/dir/?p=13,2005-06-08,增田顺一,Gen 3,JA,Game Freak 官方博客,Director Column,增田顺一; 觉醒力量; Game Freak; 开发随笔; Gen 3; JA,Game Freak 董事兼总监增田顺一亲笔专栏第13回，探讨开发随笔。,_posts/2004-09-02-gamefreak-director-013.md,imported,
,增田顺一专栏：增田部长专栏 第14回：开发随想与创作手记,増田部長のめざめるパワー 第14回,https://www.gamefreak.co.jp/blog/dir/?p=14,https://web.archive.org/web/*/https://www.gamefreak.co.jp/blog/dir/?p=14,2005-11-15,增田顺一,Gen 3,JA,Game Freak 官方博客,Director Column,增田顺一; 觉醒力量; Game Freak; 开发随笔; Gen 3; JA,Game Freak 董事兼总监增田顺一亲笔专栏第14回，探讨开发随笔。,_posts/2004-09-09-gamefreak-director-014.md,imported,
,增田顺一专栏：第15回：开发室里的合成器与调音台,第15回：開発室のシンセサイザーと音づくり,https://www.gamefreak.co.jp/blog/dir/?p=15,https://web.archive.org/web/*/https://www.gamefreak.co.jp/blog/dir/?p=15,2005-10-20,增田顺一,Gen 3,JA,Game Freak 官方博客,Director Column,增田顺一; 觉醒力量; Game Freak; 开发随笔; Gen 3; JA,Game Freak 董事兼总监增田顺一亲笔专栏第15回，探讨音响工程。,_posts/2004-09-09-gamefreak-director-015.md,imported,
,增田顺一专栏：增田部长专栏 第16回：开发随想与创作手记,増田部長のめざめるパワー 第16回,https://www.gamefreak.co.jp/blog/dir/?p=16,https://web.archive.org/web/*/https://www.gamefreak.co.jp/blog/dir/?p=16,2005-09-01,增田顺一,Gen 3,JA,Game Freak 官方博客,Director Column,增田顺一; 觉醒力量; Game Freak; 开发随笔; Gen 3; JA,Game Freak 董事兼总监增田顺一亲笔专栏第16回，探讨开发随笔。,_posts/2004-09-10-gamefreak-director-016.md,imported,
,增田顺一专栏：增田部长专栏 第17回：开发随想与创作手记,増田部長のめざめるパワー 第17回,https://www.gamefreak.co.jp/blog/dir/?p=17,https://web.archive.org/web/*/https://www.gamefreak.co.jp/blog/dir/?p=17,2005-02-08,增田顺一,Gen 3,JA,Game Freak 官方博客,Director Column,增田顺一; 觉醒力量; Game Freak; 开发随笔; Gen 3; JA,Game Freak 董事兼总监增田顺一亲笔专栏第17回，探讨开发随笔。,_posts/2004-09-27-gamefreak-director-017.md,imported,
,增田顺一专栏：增田部长专栏 第18回：开发随想与创作手记,増田部長のめざめるパワー 第18回,https://www.gamefreak.co.jp/blog/dir/?p=18,https://web.archive.org/web/*/https://www.gamefreak.co.jp/blog/dir/?p=18,2005-07-15,增田顺一,Gen 3,JA,Game Freak 官方博客,Director Column,增田顺一; 觉醒力量; Game Freak; 开发随笔; Gen 3; JA,Game Freak 董事兼总监增田顺一亲笔专栏第18回，探讨开发随笔。,_posts/2004-09-28-gamefreak-director-018.md,imported,
,增田顺一专栏：增田部长专栏 第19回：开发随想与创作手记,増田部長のめざめるパワー 第19回,https://www.gamefreak.co.jp/blog/dir/?p=19,https://web.archive.org/web/*/https://www.gamefreak.co.jp/blog/dir/?p=19,2005-12-22,增田顺一,Gen 3,JA,Game Freak 官方博客,Director Column,增田顺一; 觉醒力量; Game Freak; 开发随笔; Gen 3; JA,Game Freak 董事兼总监增田顺一亲笔专栏第19回，探讨开发随笔。,_posts/2004-09-29-gamefreak-director-019.md,imported,
,增田顺一专栏：增田部长专栏 第20回：开发随想与创作手记,増田部長のめざめるパワー 第20回,https://www.gamefreak.co.jp/blog/dir/?p=20,https://web.archive.org/web/*/https://www.gamefreak.co.jp/blog/dir/?p=20,2005-05-01,增田顺一,Gen 3,JA,Game Freak 官方博客,Director Column,增田顺一; 觉醒力量; Game Freak; 开发随笔; Gen 3; JA,Game Freak 董事兼总监增田顺一亲笔专栏第20回，探讨开发随笔。,_posts/2004-09-30-gamefreak-director-020.md,imported,
,增田顺一专栏：增田部长专栏 第21回：开发随想与创作手记,増田部長のめざめるパワー 第21回,https://www.gamefreak.co.jp/blog/dir/?p=21,https://web.archive.org/web/*/https://www.gamefreak.co.jp/blog/dir/?p=21,2005-10-08,增田顺一,Gen 3,JA,Game Freak 官方博客,Director Column,增田顺一; 觉醒力量; Game Freak; 开发随笔; Gen 3; JA,Game Freak 董事兼总监增田顺一亲笔专栏第21回，探讨开发随笔。,_posts/2004-10-04-gamefreak-director-021.md,imported,
,增田顺一专栏：增田部长专栏 第22回：开发随想与创作手记,増田部長のめざめるパワー 第22回,https://www.gamefreak.co.jp/blog/dir/?p=22,https://web.archive.org/web/*/https://www.gamefreak.co.jp/blog/dir/?p=22,2005-03-15,增田顺一,Gen 3,JA,Game Freak 官方博客,Director Column,增田顺一; 觉醒力量; Game Freak; 开发随笔; Gen 3; JA,Game Freak 董事兼总监增田顺一亲笔专栏第22回，探讨开发随笔。,_posts/2004-10-07-gamefreak-director-022.md,imported,
,增田顺一专栏：增田部长专栏 第23回：开发随想与创作手记,増田部長のめざめるパワー 第23回,https://www.gamefreak.co.jp/blog/dir/?p=23,https://web.archive.org/web/*/https://www.gamefreak.co.jp/blog/dir/?p=23,2005-08-22,增田顺一,Gen 3,JA,Game Freak 官方博客,Director Column,增田顺一; 觉醒力量; Game Freak; 开发随笔; Gen 3; JA,Game Freak 董事兼总监增田顺一亲笔专栏第23回，探讨开发随笔。,_posts/2004-10-27-gamefreak-director-023.md,imported,
,增田顺一专栏：增田部长专栏 第24回：开发随想与创作手记,増田部長のめざめるパワー 第24回,https://www.gamefreak.co.jp/blog/dir/?p=24,https://web.archive.org/web/*/https://www.gamefreak.co.jp/blog/dir/?p=24,2006-01-01,增田顺一,Gen 4,JA,Game Freak 官方博客,Director Column,增田顺一; 觉醒力量; Game Freak; 开发随笔; Gen 4; JA,Game Freak 董事兼总监增田顺一亲笔专栏第24回，探讨开发随笔。,_posts/2004-10-28-gamefreak-director-024.md,imported,
,增田顺一专栏：增田部长专栏 第25回：开发随想与创作手记,増田部長のめざめるパワー 第25回,https://www.gamefreak.co.jp/blog/dir/?p=25,https://web.archive.org/web/*/https://www.gamefreak.co.jp/blog/dir/?p=25,2006-06-08,增田顺一,Gen 4,JA,Game Freak 官方博客,Director Column,增田顺一; 觉醒力量; Game Freak; 开发随笔; Gen 4; JA,Game Freak 董事兼总监增田顺一亲笔专栏第25回，探讨开发随笔。,_posts/2004-12-07-gamefreak-director-025.md,imported,
,增田顺一专栏：增田部长专栏 第26回：开发随想与创作手记,増田部長のめざめるパワー 第26回,https://www.gamefreak.co.jp/blog/dir/?p=26,https://web.archive.org/web/*/https://www.gamefreak.co.jp/blog/dir/?p=26,2006-11-15,增田顺一,Gen 4,JA,Game Freak 官方博客,Director Column,增田顺一; 觉醒力量; Game Freak; 开发随笔; Gen 4; JA,Game Freak 董事兼总监增田顺一亲笔专栏第26回，探讨开发随笔。,_posts/2004-12-13-gamefreak-director-026.md,imported,
,增田顺一专栏：增田部长专栏 第27回：开发随想与创作手记,増田部長のめざめるパワー 第27回,https://www.gamefreak.co.jp/blog/dir/?p=27,https://web.archive.org/web/*/https://www.gamefreak.co.jp/blog/dir/?p=27,2006-04-22,增田顺一,Gen 4,JA,Game Freak 官方博客,Director Column,增田顺一; 觉醒力量; Game Freak; 开发随笔; Gen 4; JA,Game Freak 董事兼总监增田顺一亲笔专栏第27回，探讨开发随笔。,_posts/2004-12-16-gamefreak-director-027.md,imported,
,增田顺一专栏：第28回：GB芯片单声道音乐在耳机里产生的立体声错觉,第28回：ゲームボーイ音源の不思議な立体感,https://www.gamefreak.co.jp/blog/dir/?p=28,https://web.archive.org/web/*/https://www.gamefreak.co.jp/blog/dir/?p=28,2006-03-10,增田顺一,Gen 4,JA,Game Freak 官方博客,Director Column,增田顺一; 觉醒力量; Game Freak; 开发随笔; Gen 4; JA,Game Freak 董事兼总监增田顺一亲笔专栏第28回，探讨芯片音乐。,_posts/2004-12-21-gamefreak-director-028.md,imported,
,增田顺一专栏：增田部长专栏 第29回：开发随想与创作手记,増田部長のめざめるパワー 第29回,https://www.gamefreak.co.jp/blog/dir/?p=29,https://web.archive.org/web/*/https://www.gamefreak.co.jp/blog/dir/?p=29,2006-02-08,增田顺一,Gen 4,JA,Game Freak 官方博客,Director Column,增田顺一; 觉醒力量; Game Freak; 开发随笔; Gen 4; JA,Game Freak 董事兼总监增田顺一亲笔专栏第29回，探讨开发随笔。,_posts/2004-12-27-gamefreak-director-029.md,imported,
,增田顺一专栏：增田部长专栏 第30回：开发随想与创作手记,増田部長のめざめるパワー 第30回,https://www.gamefreak.co.jp/blog/dir/?p=30,https://web.archive.org/web/*/https://www.gamefreak.co.jp/blog/dir/?p=30,2006-07-15,增田顺一,Gen 4,JA,Game Freak 官方博客,Director Column,增田顺一; 觉醒力量; Game Freak; 开发随笔; Gen 4; JA,Game Freak 董事兼总监增田顺一亲笔专栏第30回，探讨开发随笔。,_posts/2005-01-07-gamefreak-director-030.md,imported,
,增田顺一专栏：增田部长专栏 第31回：开发随想与创作手记,増田部長のめざめるパワー 第31回,https://www.gamefreak.co.jp/blog/dir/?p=31,https://web.archive.org/web/*/https://www.gamefreak.co.jp/blog/dir/?p=31,2006-12-22,增田顺一,Gen 4,JA,Game Freak 官方博客,Director Column,增田顺一; 觉醒力量; Game Freak; 开发随笔; Gen 4; JA,Game Freak 董事兼总监增田顺一亲笔专栏第31回，探讨开发随笔。,_posts/2005-01-24-gamefreak-director-031.md,imported,
,增田顺一专栏：增田部长专栏 第32回：开发随想与创作手记,増田部長のめざめるパワー 第32回,https://www.gamefreak.co.jp/blog/dir/?p=32,https://web.archive.org/web/*/https://www.gamefreak.co.jp/blog/dir/?p=32,2006-05-01,增田顺一,Gen 4,JA,Game Freak 官方博客,Director Column,增田顺一; 觉醒力量; Game Freak; 开发随笔; Gen 4; JA,Game Freak 董事兼总监增田顺一亲笔专栏第32回，探讨开发随笔。,_posts/2005-02-25-gamefreak-director-032.md,imported,
,增田顺一专栏：增田部长专栏 第33回：开发随想与创作手记,増田部長のめざめるパワー 第33回,https://www.gamefreak.co.jp/blog/dir/?p=33,https://web.archive.org/web/*/https://www.gamefreak.co.jp/blog/dir/?p=33,2006-10-08,增田顺一,Gen 4,JA,Game Freak 官方博客,Director Column,增田顺一; 觉醒力量; Game Freak; 开发随笔; Gen 4; JA,Game Freak 董事兼总监增田顺一亲笔专栏第33回，探讨开发随笔。,_posts/2005-03-01-gamefreak-director-033.md,imported,
,增田顺一专栏：增田部长专栏 第34回：开发随想与创作手记,増田部長のめざめるパワー 第34回,https://www.gamefreak.co.jp/blog/dir/?p=34,https://web.archive.org/web/*/https://www.gamefreak.co.jp/blog/dir/?p=34,2006-03-15,增田顺一,Gen 4,JA,Game Freak 官方博客,Director Column,增田顺一; 觉醒力量; Game Freak; 开发随笔; Gen 4; JA,Game Freak 董事兼总监增田顺一亲笔专栏第34回，探讨开发随笔。,_posts/2005-03-14-gamefreak-director-034.md,imported,
,增田顺一专栏：增田部长专栏 第35回：开发随想与创作手记,増田部長のめざめるパワー 第35回,https://www.gamefreak.co.jp/blog/dir/?p=35,https://web.archive.org/web/*/https://www.gamefreak.co.jp/blog/dir/?p=35,2006-08-22,增田顺一,Gen 4,JA,Game Freak 官方博客,Director Column,增田顺一; 觉醒力量; Game Freak; 开发随笔; Gen 4; JA,Game Freak 董事兼总监增田顺一亲笔专栏第35回，探讨开发随笔。,_posts/2005-03-18-gamefreak-director-035.md,imported,
,增田顺一专栏：增田部长专栏 第36回：开发随想与创作手记,増田部長のめざめるパワー 第36回,https://www.gamefreak.co.jp/blog/dir/?p=36,https://web.archive.org/web/*/https://www.gamefreak.co.jp/blog/dir/?p=36,2006-01-01,增田顺一,Gen 4,JA,Game Freak 官方博客,Director Column,增田顺一; 觉醒力量; Game Freak; 开发随笔; Gen 4; JA,Game Freak 董事兼总监增田顺一亲笔专栏第36回，探讨开发随笔。,_posts/2005-04-28-gamefreak-director-036.md,imported,
,增田顺一专栏：增田部长专栏 第37回：开发随想与创作手记,増田部長のめざめるパワー 第37回,https://www.gamefreak.co.jp/blog/dir/?p=37,https://web.archive.org/web/*/https://www.gamefreak.co.jp/blog/dir/?p=37,2006-06-08,增田顺一,Gen 4,JA,Game Freak 官方博客,Director Column,增田顺一; 觉醒力量; Game Freak; 开发随笔; Gen 4; JA,Game Freak 董事兼总监增田顺一亲笔专栏第37回，探讨开发随笔。,_posts/2005-05-30-gamefreak-director-037.md,imported,
,增田顺一专栏：增田部长专栏 第38回：开发随想与创作手记,増田部長のめざめるパワー 第38回,https://www.gamefreak.co.jp/blog/dir/?p=38,https://web.archive.org/web/*/https://www.gamefreak.co.jp/blog/dir/?p=38,2006-11-15,增田顺一,Gen 4,JA,Game Freak 官方博客,Director Column,增田顺一; 觉醒力量; Game Freak; 开发随笔; Gen 4; JA,Game Freak 董事兼总监增田顺一亲笔专栏第38回，探讨开发随笔。,_posts/2005-05-31-gamefreak-director-038.md,imported,
,增田顺一专栏：增田部长专栏 第39回：开发随想与创作手记,増田部長のめざめるパワー 第39回,https://www.gamefreak.co.jp/blog/dir/?p=39,https://web.archive.org/web/*/https://www.gamefreak.co.jp/blog/dir/?p=39,2006-04-22,增田顺一,Gen 4,JA,Game Freak 官方博客,Director Column,增田顺一; 觉醒力量; Game Freak; 开发随笔; Gen 4; JA,Game Freak 董事兼总监增田顺一亲笔专栏第39回，探讨开发随笔。,_posts/2005-06-02-gamefreak-director-039.md,imported,
,增田顺一专栏：增田部长专栏 第40回：开发随想与创作手记,増田部長のめざめるパワー 第40回,https://www.gamefreak.co.jp/blog/dir/?p=40,https://web.archive.org/web/*/https://www.gamefreak.co.jp/blog/dir/?p=40,2006-09-01,增田顺一,Gen 4,JA,Game Freak 官方博客,Director Column,增田顺一; 觉醒力量; Game Freak; 开发随笔; Gen 4; JA,Game Freak 董事兼总监增田顺一亲笔专栏第40回，探讨开发随笔。,_posts/2005-06-03-gamefreak-director-040.md,imported,
,增田顺一专栏：增田部长专栏 第41回：开发随想与创作手记,増田部長のめざめるパワー 第41回,https://www.gamefreak.co.jp/blog/dir/?p=41,https://web.archive.org/web/*/https://www.gamefreak.co.jp/blog/dir/?p=41,2006-02-08,增田顺一,Gen 4,JA,Game Freak 官方博客,Director Column,增田顺一; 觉醒力量; Game Freak; 开发随笔; Gen 4; JA,Game Freak 董事兼总监增田顺一亲笔专栏第41回，探讨开发随笔。,_posts/2005-06-21-gamefreak-director-041.md,imported,
,增田顺一专栏：第42回：前往北海道考察！神奥地区严寒地理采风,第42回：北海道ロケハン記・シンオウの寒さと雪,https://www.gamefreak.co.jp/blog/dir/?p=42,https://web.archive.org/web/*/https://www.gamefreak.co.jp/blog/dir/?p=42,2006-07-28,增田顺一,Gen 4,JA,Game Freak 官方博客,Director Column,增田顺一; 觉醒力量; Game Freak; 开发随笔; Gen 4; JA,Game Freak 董事兼总监增田顺一亲笔专栏第42回，探讨神奥采风。,_posts/2005-06-23-gamefreak-director-042.md,imported,
,增田顺一专栏：增田部长专栏 第43回：开发随想与创作手记,増田部長のめざめるパワー 第43回,https://www.gamefreak.co.jp/blog/dir/?p=43,https://web.archive.org/web/*/https://www.gamefreak.co.jp/blog/dir/?p=43,2006-12-22,增田顺一,Gen 4,JA,Game Freak 官方博客,Director Column,增田顺一; 觉醒力量; Game Freak; 开发随笔; Gen 4; JA,Game Freak 董事兼总监增田顺一亲笔专栏第43回，探讨开发随笔。,_posts/2005-06-24-gamefreak-director-043.md,imported,
,增田顺一专栏：增田部长专栏 第44回：开发随想与创作手记,増田部長のめざめるパワー 第44回,https://www.gamefreak.co.jp/blog/dir/?p=44,https://web.archive.org/web/*/https://www.gamefreak.co.jp/blog/dir/?p=44,2006-05-01,增田顺一,Gen 4,JA,Game Freak 官方博客,Director Column,增田顺一; 觉醒力量; Game Freak; 开发随笔; Gen 4; JA,Game Freak 董事兼总监增田顺一亲笔专栏第44回，探讨开发随笔。,_posts/2005-06-28-gamefreak-director-044.md,imported,
,增田顺一专栏：增田部长专栏 第45回：开发随想与创作手记,増田部長のめざめるパワー 第45回,https://www.gamefreak.co.jp/blog/dir/?p=45,https://web.archive.org/web/*/https://www.gamefreak.co.jp/blog/dir/?p=45,2006-10-08,增田顺一,Gen 4,JA,Game Freak 官方博客,Director Column,增田顺一; 觉醒力量; Game Freak; 开发随笔; Gen 4; JA,Game Freak 董事兼总监增田顺一亲笔专栏第45回，探讨开发随笔。,_posts/2005-06-29-gamefreak-director-045.md,imported,
,增田顺一专栏：增田部长专栏 第46回：开发随想与创作手记,増田部長のめざめるパワー 第46回,https://www.gamefreak.co.jp/blog/dir/?p=46,https://web.archive.org/web/*/https://www.gamefreak.co.jp/blog/dir/?p=46,2006-03-15,增田顺一,Gen 4,JA,Game Freak 官方博客,Director Column,增田顺一; 觉醒力量; Game Freak; 开发随笔; Gen 4; JA,Game Freak 董事兼总监增田顺一亲笔专栏第46回，探讨开发随笔。,_posts/2005-07-27-gamefreak-director-046.md,imported,
,增田顺一专栏：增田部长专栏 第47回：开发随想与创作手记,増田部長のめざめるパワー 第47回,https://www.gamefreak.co.jp/blog/dir/?p=47,https://web.archive.org/web/*/https://www.gamefreak.co.jp/blog/dir/?p=47,2006-08-22,增田顺一,Gen 4,JA,Game Freak 官方博客,Director Column,增田顺一; 觉醒力量; Game Freak; 开发随笔; Gen 4; JA,Game Freak 董事兼总监增田顺一亲笔专栏第47回，探讨开发随笔。,_posts/2005-07-28-gamefreak-director-047.md,imported,
,增田顺一专栏：增田部长专栏 第48回：开发随想与创作手记,増田部長のめざめるパワー 第48回,https://www.gamefreak.co.jp/blog/dir/?p=48,https://web.archive.org/web/*/https://www.gamefreak.co.jp/blog/dir/?p=48,2007-01-01,增田顺一,Gen 4,JA,Game Freak 官方博客,Director Column,增田顺一; 觉醒力量; Game Freak; 开发随笔; Gen 4; JA,Game Freak 董事兼总监增田顺一亲笔专栏第48回，探讨开发随笔。,_posts/2005-08-03-gamefreak-director-048.md,imported,
,增田顺一专栏：增田部长专栏 第49回：开发随想与创作手记,増田部長のめざめるパワー 第49回,https://www.gamefreak.co.jp/blog/dir/?p=49,https://web.archive.org/web/*/https://www.gamefreak.co.jp/blog/dir/?p=49,2007-06-08,增田顺一,Gen 4,JA,Game Freak 官方博客,Director Column,增田顺一; 觉醒力量; Game Freak; 开发随笔; Gen 4; JA,Game Freak 董事兼总监增田顺一亲笔专栏第49回，探讨开发随笔。,_posts/2005-08-05-gamefreak-director-049.md,imported,
,增田顺一专栏：第50回：『钻石·珍珠』压盘交付任天堂那一夜的深夜感言,第50回：ダイヤモンド・パール マスターアップの夜,https://www.gamefreak.co.jp/blog/dir/?p=50,https://web.archive.org/web/*/https://www.gamefreak.co.jp/blog/dir/?p=50,2006-09-28,增田顺一,Gen 4,JA,Game Freak 官方博客,Director Column,增田顺一; 觉醒力量; Game Freak; 开发随笔; Gen 4; JA,Game Freak 董事兼总监增田顺一亲笔专栏第50回，探讨DP压盘。,_posts/2005-08-09-gamefreak-director-050.md,imported,
,增田顺一专栏：增田部长专栏 第51回：开发随想与创作手记,増田部長のめざめるパワー 第51回,https://www.gamefreak.co.jp/blog/dir/?p=51,https://web.archive.org/web/*/https://www.gamefreak.co.jp/blog/dir/?p=51,2007-04-22,增田顺一,Gen 4,JA,Game Freak 官方博客,Director Column,增田顺一; 觉醒力量; Game Freak; 开发随笔; Gen 4; JA,Game Freak 董事兼总监增田顺一亲笔专栏第51回，探讨开发随笔。,_posts/2005-08-30-gamefreak-director-051.md,imported,
,增田顺一专栏：增田部长专栏 第52回：开发随想与创作手记,増田部長のめざめるパワー 第52回,https://www.gamefreak.co.jp/blog/dir/?p=52,https://web.archive.org/web/*/https://www.gamefreak.co.jp/blog/dir/?p=52,2007-09-01,增田顺一,Gen 4,JA,Game Freak 官方博客,Director Column,增田顺一; 觉醒力量; Game Freak; 开发随笔; Gen 4; JA,Game Freak 董事兼总监增田顺一亲笔专栏第52回，探讨开发随笔。,_posts/2005-09-14-gamefreak-director-052.md,imported,
,增田顺一专栏：增田部长专栏 第53回：开发随想与创作手记,増田部長のめざめるパワー 第53回,https://www.gamefreak.co.jp/blog/dir/?p=53,https://web.archive.org/web/*/https://www.gamefreak.co.jp/blog/dir/?p=53,2007-02-08,增田顺一,Gen 4,JA,Game Freak 官方博客,Director Column,增田顺一; 觉醒力量; Game Freak; 开发随笔; Gen 4; JA,Game Freak 董事兼总监增田顺一亲笔专栏第53回，探讨开发随笔。,_posts/2005-09-22-gamefreak-director-053.md,imported,
,增田顺一专栏：增田部长专栏 第54回：开发随想与创作手记,増田部長のめざめるパワー 第54回,https://www.gamefreak.co.jp/blog/dir/?p=54,https://web.archive.org/web/*/https://www.gamefreak.co.jp/blog/dir/?p=54,2007-07-15,增田顺一,Gen 4,JA,Game Freak 官方博客,Director Column,增田顺一; 觉醒力量; Game Freak; 开发随笔; Gen 4; JA,Game Freak 董事兼总监增田顺一亲笔专栏第54回，探讨开发随笔。,_posts/2005-09-27-gamefreak-director-054.md,imported,
,增田顺一专栏：增田部长专栏 第55回：开发随想与创作手记,増田部長のめざめるパワー 第55回,https://www.gamefreak.co.jp/blog/dir/?p=55,https://web.archive.org/web/*/https://www.gamefreak.co.jp/blog/dir/?p=55,2007-12-22,增田顺一,Gen 4,JA,Game Freak 官方博客,Director Column,增田顺一; 觉醒力量; Game Freak; 开发随笔; Gen 4; JA,Game Freak 董事兼总监增田顺一亲笔专栏第55回，探讨开发随笔。,_posts/2005-12-28-gamefreak-director-055.md,imported,
,增田顺一专栏：增田部长专栏 第56回：开发随想与创作手记,増田部長のめざめるパワー 第56回,https://www.gamefreak.co.jp/blog/dir/?p=56,https://web.archive.org/web/*/https://www.gamefreak.co.jp/blog/dir/?p=56,2007-05-01,增田顺一,Gen 4,JA,Game Freak 官方博客,Director Column,增田顺一; 觉醒力量; Game Freak; 开发随笔; Gen 4; JA,Game Freak 董事兼总监增田顺一亲笔专栏第56回，探讨开发随笔。,_posts/2006-02-27-gamefreak-director-056.md,imported,
,增田顺一专栏：增田部长专栏 第57回：开发随想与创作手记,増田部長のめざめるパワー 第57回,https://www.gamefreak.co.jp/blog/dir/?p=57,https://web.archive.org/web/*/https://www.gamefreak.co.jp/blog/dir/?p=57,2007-10-08,增田顺一,Gen 4,JA,Game Freak 官方博客,Director Column,增田顺一; 觉醒力量; Game Freak; 开发随笔; Gen 4; JA,Game Freak 董事兼总监增田顺一亲笔专栏第57回，探讨开发随笔。,_posts/2006-07-15-gamefreak-director-057.md,imported,
,增田顺一专栏：增田部长专栏 第58回：开发随想与创作手记,増田部長のめざめるパワー 第58回,https://www.gamefreak.co.jp/blog/dir/?p=58,https://web.archive.org/web/*/https://www.gamefreak.co.jp/blog/dir/?p=58,2007-03-15,增田顺一,Gen 4,JA,Game Freak 官方博客,Director Column,增田顺一; 觉醒力量; Game Freak; 开发随笔; Gen 4; JA,Game Freak 董事兼总监增田顺一亲笔专栏第58回，探讨开发随笔。,_posts/2006-08-09-gamefreak-director-058.md,imported,
,增田顺一专栏：增田部长专栏 第59回：开发随想与创作手记,増田部長のめざめるパワー 第59回,https://www.gamefreak.co.jp/blog/dir/?p=59,https://web.archive.org/web/*/https://www.gamefreak.co.jp/blog/dir/?p=59,2007-08-22,增田顺一,Gen 4,JA,Game Freak 官方博客,Director Column,增田顺一; 觉醒力量; Game Freak; 开发随笔; Gen 4; JA,Game Freak 董事兼总监增田顺一亲笔专栏第59回，探讨开发随笔。,_posts/2006-08-11-gamefreak-director-059.md,imported,
,增田顺一专栏：增田部长专栏 第60回：开发随想与创作手记,増田部長のめざめるパワー 第60回,https://www.gamefreak.co.jp/blog/dir/?p=60,https://web.archive.org/web/*/https://www.gamefreak.co.jp/blog/dir/?p=60,2007-01-01,增田顺一,Gen 4,JA,Game Freak 官方博客,Director Column,增田顺一; 觉醒力量; Game Freak; 开发随笔; Gen 4; JA,Game Freak 董事兼总监增田顺一亲笔专栏第60回，探讨开发随笔。,_posts/2006-09-28-gamefreak-director-060.md,imported,
,增田顺一专栏：增田部长专栏 第61回：开发随想与创作手记,増田部長のめざめるパワー 第61回,https://www.gamefreak.co.jp/blog/dir/?p=61,https://web.archive.org/web/*/https://www.gamefreak.co.jp/blog/dir/?p=61,2007-06-08,增田顺一,Gen 4,JA,Game Freak 官方博客,Director Column,增田顺一; 觉醒力量; Game Freak; 开发随笔; Gen 4; JA,Game Freak 董事兼总监增田顺一亲笔专栏第61回，探讨开发随笔。,_posts/2006-11-14-gamefreak-director-061.md,imported,
,增田顺一专栏：增田部长专栏 第62回：开发随想与创作手记,増田部長のめざめるパワー 第62回,https://www.gamefreak.co.jp/blog/dir/?p=62,https://web.archive.org/web/*/https://www.gamefreak.co.jp/blog/dir/?p=62,2007-11-15,增田顺一,Gen 4,JA,Game Freak 官方博客,Director Column,增田顺一; 觉醒力量; Game Freak; 开发随笔; Gen 4; JA,Game Freak 董事兼总监增田顺一亲笔专栏第62回，探讨开发随笔。,_posts/2006-11-22-gamefreak-director-062.md,imported,
,增田顺一专栏：增田部长专栏 第63回：开发随想与创作手记,増田部長のめざめるパワー 第63回,https://www.gamefreak.co.jp/blog/dir/?p=63,https://web.archive.org/web/*/https://www.gamefreak.co.jp/blog/dir/?p=63,2007-04-22,增田顺一,Gen 4,JA,Game Freak 官方博客,Director Column,增田顺一; 觉醒力量; Game Freak; 开发随笔; Gen 4; JA,Game Freak 董事兼总监增田顺一亲笔专栏第63回，探讨开发随笔。,_posts/2006-12-05-gamefreak-director-063.md,imported,
,增田顺一专栏：增田部长专栏 第64回：开发随想与创作手记,増田部長のめざめるパワー 第64回,https://www.gamefreak.co.jp/blog/dir/?p=64,https://web.archive.org/web/*/https://www.gamefreak.co.jp/blog/dir/?p=64,2007-09-01,增田顺一,Gen 4,JA,Game Freak 官方博客,Director Column,增田顺一; 觉醒力量; Game Freak; 开发随笔; Gen 4; JA,Game Freak 董事兼总监增田顺一亲笔专栏第64回，探讨开发随笔。,_posts/2006-12-13-gamefreak-director-064.md,imported,
,增田顺一专栏：第65回：GDC 2007 旧金山主题演讲登台幕后,第65回：サンフランシスコGDC講演を終えて,https://www.gamefreak.co.jp/blog/dir/?p=65,https://web.archive.org/web/*/https://www.gamefreak.co.jp/blog/dir/?p=65,2007-03-15,增田顺一,Gen 4,JA,Game Freak 官方博客,Director Column,增田顺一; 觉醒力量; Game Freak; 开发随笔; Gen 4; JA,Game Freak 董事兼总监增田顺一亲笔专栏第65回，探讨GDC演讲。,_posts/2007-01-11-gamefreak-director-065.md,imported,
,增田顺一专栏：增田部长专栏 第66回：开发随想与创作手记,増田部長のめざめるパワー 第66回,https://www.gamefreak.co.jp/blog/dir/?p=66,https://web.archive.org/web/*/https://www.gamefreak.co.jp/blog/dir/?p=66,2007-07-15,增田顺一,Gen 4,JA,Game Freak 官方博客,Director Column,增田顺一; 觉醒力量; Game Freak; 开发随笔; Gen 4; JA,Game Freak 董事兼总监增田顺一亲笔专栏第66回，探讨开发随笔。,_posts/2007-01-12-gamefreak-director-066.md,imported,
,增田顺一专栏：增田部长专栏 第67回：开发随想与创作手记,増田部長のめざめるパワー 第67回,https://www.gamefreak.co.jp/blog/dir/?p=67,https://web.archive.org/web/*/https://www.gamefreak.co.jp/blog/dir/?p=67,2007-12-22,增田顺一,Gen 4,JA,Game Freak 官方博客,Director Column,增田顺一; 觉醒力量; Game Freak; 开发随笔; Gen 4; JA,Game Freak 董事兼总监增田顺一亲笔专栏第67回，探讨开发随笔。,_posts/2007-01-16-gamefreak-director-067.md,imported,
,增田顺一专栏：增田部长专栏 第68回：开发随想与创作手记,増田部長のめざめるパワー 第68回,https://www.gamefreak.co.jp/blog/dir/?p=68,https://web.archive.org/web/*/https://www.gamefreak.co.jp/blog/dir/?p=68,2007-05-01,增田顺一,Gen 4,JA,Game Freak 官方博客,Director Column,增田顺一; 觉醒力量; Game Freak; 开发随笔; Gen 4; JA,Game Freak 董事兼总监增田顺一亲笔专栏第68回，探讨开发随笔。,_posts/2007-01-17-gamefreak-director-068.md,imported,
,增田顺一专栏：增田部长专栏 第69回：开发随想与创作手记,増田部長のめざめるパワー 第69回,https://www.gamefreak.co.jp/blog/dir/?p=69,https://web.archive.org/web/*/https://www.gamefreak.co.jp/blog/dir/?p=69,2007-10-08,增田顺一,Gen 4,JA,Game Freak 官方博客,Director Column,增田顺一; 觉醒力量; Game Freak; 开发随笔; Gen 4; JA,Game Freak 董事兼总监增田顺一亲笔专栏第69回，探讨开发随笔。,_posts/2007-01-18-gamefreak-director-069.md,imported,
,增田顺一专栏：增田部长专栏 第70回：开发随想与创作手记,増田部長のめざめるパワー 第70回,https://www.gamefreak.co.jp/blog/dir/?p=70,https://web.archive.org/web/*/https://www.gamefreak.co.jp/blog/dir/?p=70,2007-03-15,增田顺一,Gen 4,JA,Game Freak 官方博客,Director Column,增田顺一; 觉醒力量; Game Freak; 开发随笔; Gen 4; JA,Game Freak 董事兼总监增田顺一亲笔专栏第70回，探讨开发随笔。,_posts/2007-01-22-gamefreak-director-070.md,imported,
,增田顺一专栏：增田部长专栏 第71回：开发随想与创作手记,増田部長のめざめるパワー 第71回,https://www.gamefreak.co.jp/blog/dir/?p=71,https://web.archive.org/web/*/https://www.gamefreak.co.jp/blog/dir/?p=71,2007-08-22,增田顺一,Gen 4,JA,Game Freak 官方博客,Director Column,增田顺一; 觉醒力量; Game Freak; 开发随笔; Gen 4; JA,Game Freak 董事兼总监增田顺一亲笔专栏第71回，探讨开发随笔。,_posts/2007-01-23-gamefreak-director-071.md,imported,
,增田顺一专栏：增田部长专栏 第72回：开发随想与创作手记,増田部長のめざめるパワー 第72回,https://www.gamefreak.co.jp/blog/dir/?p=72,https://web.archive.org/web/*/https://www.gamefreak.co.jp/blog/dir/?p=72,2008-01-01,增田顺一,Gen 4,JA,Game Freak 官方博客,Director Column,增田顺一; 觉醒力量; Game Freak; 开发随笔; Gen 4; JA,Game Freak 董事兼总监增田顺一亲笔专栏第72回，探讨开发随笔。,_posts/2007-01-24-gamefreak-director-072.md,imported,
,增田顺一专栏：增田部长专栏 第73回：开发随想与创作手记,増田部長のめざめるパワー 第73回,https://www.gamefreak.co.jp/blog/dir/?p=73,https://web.archive.org/web/*/https://www.gamefreak.co.jp/blog/dir/?p=73,2008-06-08,增田顺一,Gen 4,JA,Game Freak 官方博客,Director Column,增田顺一; 觉醒力量; Game Freak; 开发随笔; Gen 4; JA,Game Freak 董事兼总监增田顺一亲笔专栏第73回，探讨开发随笔。,_posts/2007-01-26-gamefreak-director-073.md,imported,
,增田顺一专栏：增田部长专栏 第74回：开发随想与创作手记,増田部長のめざめるパワー 第74回,https://www.gamefreak.co.jp/blog/dir/?p=74,https://web.archive.org/web/*/https://www.gamefreak.co.jp/blog/dir/?p=74,2008-11-15,增田顺一,Gen 4,JA,Game Freak 官方博客,Director Column,增田顺一; 觉醒力量; Game Freak; 开发随笔; Gen 4; JA,Game Freak 董事兼总监增田顺一亲笔专栏第74回，探讨开发随笔。,_posts/2007-02-01-gamefreak-director-074.md,imported,
,增田顺一专栏：增田部长专栏 第75回：开发随想与创作手记,増田部長のめざめるパワー 第75回,https://www.gamefreak.co.jp/blog/dir/?p=75,https://web.archive.org/web/*/https://www.gamefreak.co.jp/blog/dir/?p=75,2008-04-22,增田顺一,Gen 4,JA,Game Freak 官方博客,Director Column,增田顺一; 觉醒力量; Game Freak; 开发随笔; Gen 4; JA,Game Freak 董事兼总监增田顺一亲笔专栏第75回，探讨开发随笔。,_posts/2007-02-28-gamefreak-director-075.md,imported,
,增田顺一专栏：增田部长专栏 第76回：开发随想与创作手记,増田部長のめざめるパワー 第76回,https://www.gamefreak.co.jp/blog/dir/?p=76,https://web.archive.org/web/*/https://www.gamefreak.co.jp/blog/dir/?p=76,2008-09-01,增田顺一,Gen 4,JA,Game Freak 官方博客,Director Column,增田顺一; 觉醒力量; Game Freak; 开发随笔; Gen 4; JA,Game Freak 董事兼总监增田顺一亲笔专栏第76回，探讨开发随笔。,_posts/2007-03-16-gamefreak-director-076.md,imported,
,增田顺一专栏：增田部长专栏 第77回：开发随想与创作手记,増田部長のめざめるパワー 第77回,https://www.gamefreak.co.jp/blog/dir/?p=77,https://web.archive.org/web/*/https://www.gamefreak.co.jp/blog/dir/?p=77,2008-02-08,增田顺一,Gen 4,JA,Game Freak 官方博客,Director Column,增田顺一; 觉醒力量; Game Freak; 开发随笔; Gen 4; JA,Game Freak 董事兼总监增田顺一亲笔专栏第77回，探讨开发随笔。,_posts/2007-04-16-gamefreak-director-077.md,imported,
,增田顺一专栏：增田部长专栏 第78回：开发随想与创作手记,増田部長のめざめるパワー 第78回,https://www.gamefreak.co.jp/blog/dir/?p=78,https://web.archive.org/web/*/https://www.gamefreak.co.jp/blog/dir/?p=78,2008-07-15,增田顺一,Gen 4,JA,Game Freak 官方博客,Director Column,增田顺一; 觉醒力量; Game Freak; 开发随笔; Gen 4; JA,Game Freak 董事兼总监增田顺一亲笔专栏第78回，探讨开发随笔。,_posts/2007-04-17-gamefreak-director-078.md,imported,
,增田顺一专栏：增田部长专栏 第79回：开发随想与创作手记,増田部長のめざめるパワー 第79回,https://www.gamefreak.co.jp/blog/dir/?p=79,https://web.archive.org/web/*/https://www.gamefreak.co.jp/blog/dir/?p=79,2008-12-22,增田顺一,Gen 4,JA,Game Freak 官方博客,Director Column,增田顺一; 觉醒力量; Game Freak; 开发随笔; Gen 4; JA,Game Freak 董事兼总监增田顺一亲笔专栏第79回，探讨开发随笔。,_posts/2007-04-18-gamefreak-director-079.md,imported,
,增田顺一专栏：增田部长专栏 第80回：开发随想与创作手记,増田部長のめざめるパワー 第80回,https://www.gamefreak.co.jp/blog/dir/?p=80,https://web.archive.org/web/*/https://www.gamefreak.co.jp/blog/dir/?p=80,2008-05-01,增田顺一,Gen 4,JA,Game Freak 官方博客,Director Column,增田顺一; 觉醒力量; Game Freak; 开发随笔; Gen 4; JA,Game Freak 董事兼总监增田顺一亲笔专栏第80回，探讨开发随笔。,_posts/2007-04-19-gamefreak-director-080.md,imported,
,增田顺一专栏：增田部长专栏 第81回：开发随想与创作手记,増田部長のめざめるパワー 第81回,https://www.gamefreak.co.jp/blog/dir/?p=81,https://web.archive.org/web/*/https://www.gamefreak.co.jp/blog/dir/?p=81,2008-10-08,增田顺一,Gen 4,JA,Game Freak 官方博客,Director Column,增田顺一; 觉醒力量; Game Freak; 开发随笔; Gen 4; JA,Game Freak 董事兼总监增田顺一亲笔专栏第81回，探讨开发随笔。,_posts/2007-04-20-gamefreak-director-081.md,imported,
,增田顺一专栏：增田部长专栏 第82回：开发随想与创作手记,増田部長のめざめるパワー 第82回,https://www.gamefreak.co.jp/blog/dir/?p=82,https://web.archive.org/web/*/https://www.gamefreak.co.jp/blog/dir/?p=82,2008-03-15,增田顺一,Gen 4,JA,Game Freak 官方博客,Director Column,增田顺一; 觉醒力量; Game Freak; 开发随笔; Gen 4; JA,Game Freak 董事兼总监增田顺一亲笔专栏第82回，探讨开发随笔。,_posts/2007-04-22-gamefreak-director-082.md,imported,
,增田顺一专栏：增田部长专栏 第83回：开发随想与创作手记,増田部長のめざめるパワー 第83回,https://www.gamefreak.co.jp/blog/dir/?p=83,https://web.archive.org/web/*/https://www.gamefreak.co.jp/blog/dir/?p=83,2008-08-22,增田顺一,Gen 4,JA,Game Freak 官方博客,Director Column,增田顺一; 觉醒力量; Game Freak; 开发随笔; Gen 4; JA,Game Freak 董事兼总监增田顺一亲笔专栏第83回，探讨开发随笔。,_posts/2007-04-26-gamefreak-director-083.md,imported,
,增田顺一专栏：第84回：白金版反转世界的重力翻转逻辑思考,第84回：やぶれたせかいの重力と空間,https://www.gamefreak.co.jp/blog/dir/?p=84,https://web.archive.org/web/*/https://www.gamefreak.co.jp/blog/dir/?p=84,2007-09-20,增田顺一,Gen 4,JA,Game Freak 官方博客,Director Column,增田顺一; 觉醒力量; Game Freak; 开发随笔; Gen 4; JA,Game Freak 董事兼总监增田顺一亲笔专栏第84回，探讨反转世界。,_posts/2007-04-27-gamefreak-director-084.md,imported,
,增田顺一专栏：增田部长专栏 第85回：开发随想与创作手记,増田部長のめざめるパワー 第85回,https://www.gamefreak.co.jp/blog/dir/?p=85,https://web.archive.org/web/*/https://www.gamefreak.co.jp/blog/dir/?p=85,2008-06-08,增田顺一,Gen 4,JA,Game Freak 官方博客,Director Column,增田顺一; 觉醒力量; Game Freak; 开发随笔; Gen 4; JA,Game Freak 董事兼总监增田顺一亲笔专栏第85回，探讨开发随笔。,_posts/2007-06-11-gamefreak-director-085.md,imported,
,增田顺一专栏：增田部长专栏 第86回：开发随想与创作手记,増田部長のめざめるパワー 第86回,https://www.gamefreak.co.jp/blog/dir/?p=86,https://web.archive.org/web/*/https://www.gamefreak.co.jp/blog/dir/?p=86,2008-11-15,增田顺一,Gen 4,JA,Game Freak 官方博客,Director Column,增田顺一; 觉醒力量; Game Freak; 开发随笔; Gen 4; JA,Game Freak 董事兼总监增田顺一亲笔专栏第86回，探讨开发随笔。,_posts/2007-06-12-gamefreak-director-086.md,imported,
,增田顺一专栏：增田部长专栏 第87回：开发随想与创作手记,増田部長のめざめるパワー 第87回,https://www.gamefreak.co.jp/blog/dir/?p=87,https://web.archive.org/web/*/https://www.gamefreak.co.jp/blog/dir/?p=87,2008-04-22,增田顺一,Gen 4,JA,Game Freak 官方博客,Director Column,增田顺一; 觉醒力量; Game Freak; 开发随笔; Gen 4; JA,Game Freak 董事兼总监增田顺一亲笔专栏第87回，探讨开发随笔。,_posts/2007-06-14-gamefreak-director-087.md,imported,
,增田顺一专栏：增田部长专栏 第88回：开发随想与创作手记,増田部長のめざめるパワー 第88回,https://www.gamefreak.co.jp/blog/dir/?p=88,https://web.archive.org/web/*/https://www.gamefreak.co.jp/blog/dir/?p=88,2008-09-01,增田顺一,Gen 4,JA,Game Freak 官方博客,Director Column,增田顺一; 觉醒力量; Game Freak; 开发随笔; Gen 4; JA,Game Freak 董事兼总监增田顺一亲笔专栏第88回，探讨开发随笔。,_posts/2007-06-15-gamefreak-director-088.md,imported,
,增田顺一专栏：增田部长专栏 第89回：开发随想与创作手记,増田部長のめざめるパワー 第89回,https://www.gamefreak.co.jp/blog/dir/?p=89,https://web.archive.org/web/*/https://www.gamefreak.co.jp/blog/dir/?p=89,2008-02-08,增田顺一,Gen 4,JA,Game Freak 官方博客,Director Column,增田顺一; 觉醒力量; Game Freak; 开发随笔; Gen 4; JA,Game Freak 董事兼总监增田顺一亲笔专栏第89回，探讨开发随笔。,_posts/2007-06-18-gamefreak-director-089.md,imported,
,增田顺一专栏：增田部长专栏 第90回：开发随想与创作手记,増田部長のめざめるパワー 第90回,https://www.gamefreak.co.jp/blog/dir/?p=90,https://web.archive.org/web/*/https://www.gamefreak.co.jp/blog/dir/?p=90,2008-07-15,增田顺一,Gen 4,JA,Game Freak 官方博客,Director Column,增田顺一; 觉醒力量; Game Freak; 开发随笔; Gen 4; JA,Game Freak 董事兼总监增田顺一亲笔专栏第90回，探讨开发随笔。,_posts/2007-06-19-gamefreak-director-090.md,imported,
,增田顺一专栏：增田部长专栏 第91回：开发随想与创作手记,増田部長のめざめるパワー 第91回,https://www.gamefreak.co.jp/blog/dir/?p=91,https://web.archive.org/web/*/https://www.gamefreak.co.jp/blog/dir/?p=91,2008-12-22,增田顺一,Gen 4,JA,Game Freak 官方博客,Director Column,增田顺一; 觉醒力量; Game Freak; 开发随笔; Gen 4; JA,Game Freak 董事兼总监增田顺一亲笔专栏第91回，探讨开发随笔。,_posts/2007-07-30-gamefreak-director-091.md,imported,
,增田顺一专栏：增田部长专栏 第92回：开发随想与创作手记,増田部長のめざめるパワー 第92回,https://www.gamefreak.co.jp/blog/dir/?p=92,https://web.archive.org/web/*/https://www.gamefreak.co.jp/blog/dir/?p=92,2008-05-01,增田顺一,Gen 4,JA,Game Freak 官方博客,Director Column,增田顺一; 觉醒力量; Game Freak; 开发随笔; Gen 4; JA,Game Freak 董事兼总监增田顺一亲笔专栏第92回，探讨开发随笔。,_posts/2007-08-01-gamefreak-director-092.md,imported,
,增田顺一专栏：增田部长专栏 第93回：开发随想与创作手记,増田部長のめざめるパワー 第93回,https://www.gamefreak.co.jp/blog/dir/?p=93,https://web.archive.org/web/*/https://www.gamefreak.co.jp/blog/dir/?p=93,2008-10-08,增田顺一,Gen 4,JA,Game Freak 官方博客,Director Column,增田顺一; 觉醒力量; Game Freak; 开发随笔; Gen 4; JA,Game Freak 董事兼总监增田顺一亲笔专栏第93回，探讨开发随笔。,_posts/2007-08-03-gamefreak-director-093.md,imported,
,增田顺一专栏：增田部长专栏 第94回：开发随想与创作手记,増田部長のめざめるパワー 第94回,https://www.gamefreak.co.jp/blog/dir/?p=94,https://web.archive.org/web/*/https://www.gamefreak.co.jp/blog/dir/?p=94,2008-03-15,增田顺一,Gen 4,JA,Game Freak 官方博客,Director Column,增田顺一; 觉醒力量; Game Freak; 开发随笔; Gen 4; JA,Game Freak 董事兼总监增田顺一亲笔专栏第94回，探讨开发随笔。,_posts/2007-08-06-gamefreak-director-094.md,imported,
,增田顺一专栏：增田部长专栏 第95回：开发随想与创作手记,増田部長のめざめるパワー 第95回,https://www.gamefreak.co.jp/blog/dir/?p=95,https://web.archive.org/web/*/https://www.gamefreak.co.jp/blog/dir/?p=95,2008-08-22,增田顺一,Gen 4,JA,Game Freak 官方博客,Director Column,增田顺一; 觉醒力量; Game Freak; 开发随笔; Gen 4; JA,Game Freak 董事兼总监增田顺一亲笔专栏第95回，探讨开发随笔。,_posts/2007-08-09-gamefreak-director-095.md,imported,
,增田顺一专栏：增田部长专栏 第96回：开发随想与创作手记,増田部長のめざめるパワー 第96回,https://www.gamefreak.co.jp/blog/dir/?p=96,https://web.archive.org/web/*/https://www.gamefreak.co.jp/blog/dir/?p=96,2009-01-01,增田顺一,Gen 4,JA,Game Freak 官方博客,Director Column,增田顺一; 觉醒力量; Game Freak; 开发随笔; Gen 4; JA,Game Freak 董事兼总监增田顺一亲笔专栏第96回，探讨开发随笔。,_posts/2007-08-10-gamefreak-director-096.md,imported,
,增田顺一专栏：增田部长专栏 第97回：开发随想与创作手记,増田部長のめざめるパワー 第97回,https://www.gamefreak.co.jp/blog/dir/?p=97,https://web.archive.org/web/*/https://www.gamefreak.co.jp/blog/dir/?p=97,2009-06-08,增田顺一,Gen 4,JA,Game Freak 官方博客,Director Column,增田顺一; 觉醒力量; Game Freak; 开发随笔; Gen 4; JA,Game Freak 董事兼总监增田顺一亲笔专栏第97回，探讨开发随笔。,_posts/2007-08-22-gamefreak-director-097.md,imported,
,增田顺一专栏：增田部长专栏 第98回：开发随想与创作手记,増田部長のめざめるパワー 第98回,https://www.gamefreak.co.jp/blog/dir/?p=98,https://web.archive.org/web/*/https://www.gamefreak.co.jp/blog/dir/?p=98,2009-11-15,增田顺一,Gen 4,JA,Game Freak 官方博客,Director Column,增田顺一; 觉醒力量; Game Freak; 开发随笔; Gen 4; JA,Game Freak 董事兼总监增田顺一亲笔专栏第98回，探讨开发随笔。,_posts/2007-08-23-gamefreak-director-098.md,imported,
,增田顺一专栏：增田部长专栏 第99回：开发随想与创作手记,増田部長のめざめるパワー 第99回,https://www.gamefreak.co.jp/blog/dir/?p=99,https://web.archive.org/web/*/https://www.gamefreak.co.jp/blog/dir/?p=99,2009-04-22,增田顺一,Gen 4,JA,Game Freak 官方博客,Director Column,增田顺一; 觉醒力量; Game Freak; 开发随笔; Gen 4; JA,Game Freak 董事兼总监增田顺一亲笔专栏第99回，探讨开发随笔。,_posts/2007-08-24-gamefreak-director-099.md,imported,
,增田顺一专栏：增田部长专栏 第100回：开发随想与创作手记,増田部長のめざめるパワー 第100回,https://www.gamefreak.co.jp/blog/dir/?p=100,https://web.archive.org/web/*/https://www.gamefreak.co.jp/blog/dir/?p=100,2009-09-01,增田顺一,Gen 4,JA,Game Freak 官方博客,Director Column,增田顺一; 觉醒力量; Game Freak; 开发随笔; Gen 4; JA,Game Freak 董事兼总监增田顺一亲笔专栏第100回，探讨开发随笔。,_posts/2007-08-28-gamefreak-director-100.md,imported,
,增田顺一专栏：增田部长专栏 第101回：开发随想与创作手记,増田部長のめざめるパワー 第101回,https://www.gamefreak.co.jp/blog/dir/?p=101,https://web.archive.org/web/*/https://www.gamefreak.co.jp/blog/dir/?p=101,2009-02-08,增田顺一,Gen 4,JA,Game Freak 官方博客,Director Column,增田顺一; 觉醒力量; Game Freak; 开发随笔; Gen 4; JA,Game Freak 董事兼总监增田顺一亲笔专栏第101回，探讨开发随笔。,_posts/2007-09-03-gamefreak-director-101.md,imported,
,增田顺一专栏：第102回：为心金·魂银重新编配城都经典民乐,第102回：ジョウト地方の和風サウンド再構築,https://www.gamefreak.co.jp/blog/dir/?p=102,https://web.archive.org/web/*/https://www.gamefreak.co.jp/blog/dir/?p=102,2008-06-12,增田顺一,Gen 4,JA,Game Freak 官方博客,Director Column,增田顺一; 觉醒力量; Game Freak; 开发随笔; Gen 4; JA,Game Freak 董事兼总监增田顺一亲笔专栏第102回，探讨HGSS音乐。,_posts/2007-09-04-gamefreak-director-102.md,imported,
,增田顺一专栏：增田部长专栏 第103回：开发随想与创作手记,増田部長のめざめるパワー 第103回,https://www.gamefreak.co.jp/blog/dir/?p=103,https://web.archive.org/web/*/https://www.gamefreak.co.jp/blog/dir/?p=103,2009-12-22,增田顺一,Gen 4,JA,Game Freak 官方博客,Director Column,增田顺一; 觉醒力量; Game Freak; 开发随笔; Gen 4; JA,Game Freak 董事兼总监增田顺一亲笔专栏第103回，探讨开发随笔。,_posts/2007-09-05-gamefreak-director-103.md,imported,
,增田顺一专栏：增田部长专栏 第104回：开发随想与创作手记,増田部長のめざめるパワー 第104回,https://www.gamefreak.co.jp/blog/dir/?p=104,https://web.archive.org/web/*/https://www.gamefreak.co.jp/blog/dir/?p=104,2009-05-01,增田顺一,Gen 4,JA,Game Freak 官方博客,Director Column,增田顺一; 觉醒力量; Game Freak; 开发随笔; Gen 4; JA,Game Freak 董事兼总监增田顺一亲笔专栏第104回，探讨开发随笔。,_posts/2007-09-21-gamefreak-director-104.md,imported,
,增田顺一专栏：增田部长专栏 第105回：开发随想与创作手记,増田部長のめざめるパワー 第105回,https://www.gamefreak.co.jp/blog/dir/?p=105,https://web.archive.org/web/*/https://www.gamefreak.co.jp/blog/dir/?p=105,2009-10-08,增田顺一,Gen 4,JA,Game Freak 官方博客,Director Column,增田顺一; 觉醒力量; Game Freak; 开发随笔; Gen 4; JA,Game Freak 董事兼总监增田顺一亲笔专栏第105回，探讨开发随笔。,_posts/2007-09-27-gamefreak-director-105.md,imported,
,增田顺一专栏：增田部长专栏 第106回：开发随想与创作手记,増田部長のめざめるパワー 第106回,https://www.gamefreak.co.jp/blog/dir/?p=106,https://web.archive.org/web/*/https://www.gamefreak.co.jp/blog/dir/?p=106,2009-03-15,增田顺一,Gen 4,JA,Game Freak 官方博客,Director Column,增田顺一; 觉醒力量; Game Freak; 开发随笔; Gen 4; JA,Game Freak 董事兼总监增田顺一亲笔专栏第106回，探讨开发随笔。,_posts/2007-09-28-gamefreak-director-106.md,imported,
,增田顺一专栏：增田部长专栏 第107回：开发随想与创作手记,増田部長のめざめるパワー 第107回,https://www.gamefreak.co.jp/blog/dir/?p=107,https://web.archive.org/web/*/https://www.gamefreak.co.jp/blog/dir/?p=107,2009-08-22,增田顺一,Gen 4,JA,Game Freak 官方博客,Director Column,增田顺一; 觉醒力量; Game Freak; 开发随笔; Gen 4; JA,Game Freak 董事兼总监增田顺一亲笔专栏第107回，探讨开发随笔。,_posts/2007-10-01-gamefreak-director-107.md,imported,
,增田顺一专栏：增田部长专栏 第108回：开发随想与创作手记,増田部長のめざめるパワー 第108回,https://www.gamefreak.co.jp/blog/dir/?p=108,https://web.archive.org/web/*/https://www.gamefreak.co.jp/blog/dir/?p=108,2009-01-01,增田顺一,Gen 4,JA,Game Freak 官方博客,Director Column,增田顺一; 觉醒力量; Game Freak; 开发随笔; Gen 4; JA,Game Freak 董事兼总监增田顺一亲笔专栏第108回，探讨开发随笔。,_posts/2007-10-03-gamefreak-director-108.md,imported,
,增田顺一专栏：增田部长专栏 第109回：开发随想与创作手记,増田部長のめざめるパワー 第109回,https://www.gamefreak.co.jp/blog/dir/?p=109,https://web.archive.org/web/*/https://www.gamefreak.co.jp/blog/dir/?p=109,2009-06-08,增田顺一,Gen 4,JA,Game Freak 官方博客,Director Column,增田顺一; 觉醒力量; Game Freak; 开发随笔; Gen 4; JA,Game Freak 董事兼总监增田顺一亲笔专栏第109回，探讨开发随笔。,_posts/2007-10-04-gamefreak-director-109.md,imported,
,增田顺一专栏：增田部长专栏 第110回：开发随想与创作手记,増田部長のめざめるパワー 第110回,https://www.gamefreak.co.jp/blog/dir/?p=110,https://web.archive.org/web/*/https://www.gamefreak.co.jp/blog/dir/?p=110,2009-11-15,增田顺一,Gen 4,JA,Game Freak 官方博客,Director Column,增田顺一; 觉醒力量; Game Freak; 开发随笔; Gen 4; JA,Game Freak 董事兼总监增田顺一亲笔专栏第110回，探讨开发随笔。,_posts/2007-10-11-gamefreak-director-110.md,imported,
,增田顺一专栏：增田部长专栏 第111回：开发随想与创作手记,増田部長のめざめるパワー 第111回,https://www.gamefreak.co.jp/blog/dir/?p=111,https://web.archive.org/web/*/https://www.gamefreak.co.jp/blog/dir/?p=111,2009-04-22,增田顺一,Gen 4,JA,Game Freak 官方博客,Director Column,增田顺一; 觉醒力量; Game Freak; 开发随笔; Gen 4; JA,Game Freak 董事兼总监增田顺一亲笔专栏第111回，探讨开发随笔。,_posts/2007-11-01-gamefreak-director-111.md,imported,
,增田顺一专栏：增田部长专栏 第112回：开发随想与创作手记,増田部長のめざめるパワー 第112回,https://www.gamefreak.co.jp/blog/dir/?p=112,https://web.archive.org/web/*/https://www.gamefreak.co.jp/blog/dir/?p=112,2009-09-01,增田顺一,Gen 4,JA,Game Freak 官方博客,Director Column,增田顺一; 觉醒力量; Game Freak; 开发随笔; Gen 4; JA,Game Freak 董事兼总监增田顺一亲笔专栏第112回，探讨开发随笔。,_posts/2007-11-06-gamefreak-director-112.md,imported,
,增田顺一专栏：增田部长专栏 第113回：开发随想与创作手记,増田部長のめざめるパワー 第113回,https://www.gamefreak.co.jp/blog/dir/?p=113,https://web.archive.org/web/*/https://www.gamefreak.co.jp/blog/dir/?p=113,2009-02-08,增田顺一,Gen 4,JA,Game Freak 官方博客,Director Column,增田顺一; 觉醒力量; Game Freak; 开发随笔; Gen 4; JA,Game Freak 董事兼总监增田顺一亲笔专栏第113回，探讨开发随笔。,_posts/2007-11-07-gamefreak-director-113.md,imported,
,增田顺一专栏：增田部长专栏 第114回：开发随想与创作手记,増田部長のめざめるパワー 第114回,https://www.gamefreak.co.jp/blog/dir/?p=114,https://web.archive.org/web/*/https://www.gamefreak.co.jp/blog/dir/?p=114,2009-07-15,增田顺一,Gen 4,JA,Game Freak 官方博客,Director Column,增田顺一; 觉醒力量; Game Freak; 开发随笔; Gen 4; JA,Game Freak 董事兼总监增田顺一亲笔专栏第114回，探讨开发随笔。,_posts/2007-11-09-gamefreak-director-114.md,imported,
,增田顺一专栏：第115回：前往纽约曼哈顿采风！布鲁克林大桥的震撼,第115回：ニューヨーク・マンハッタン取材記,https://www.gamefreak.co.jp/blog/dir/?p=115,https://web.archive.org/web/*/https://www.gamefreak.co.jp/blog/dir/?p=115,2009-02-20,增田顺一,Gen 4,JA,Game Freak 官方博客,Director Column,增田顺一; 觉醒力量; Game Freak; 开发随笔; Gen 4; JA,Game Freak 董事兼总监增田顺一亲笔专栏第115回，探讨合众纽约。,_posts/2007-11-22-gamefreak-director-115.md,imported,
,增田顺一专栏：增田部长专栏 第116回：开发随想与创作手记,増田部長のめざめるパワー 第116回,https://www.gamefreak.co.jp/blog/dir/?p=116,https://web.archive.org/web/*/https://www.gamefreak.co.jp/blog/dir/?p=116,2009-05-01,增田顺一,Gen 4,JA,Game Freak 官方博客,Director Column,增田顺一; 觉醒力量; Game Freak; 开发随笔; Gen 4; JA,Game Freak 董事兼总监增田顺一亲笔专栏第116回，探讨开发随笔。,_posts/2007-11-27-gamefreak-director-116.md,imported,
,增田顺一专栏：增田部长专栏 第117回：开发随想与创作手记,増田部長のめざめるパワー 第117回,https://www.gamefreak.co.jp/blog/dir/?p=117,https://web.archive.org/web/*/https://www.gamefreak.co.jp/blog/dir/?p=117,2009-10-08,增田顺一,Gen 4,JA,Game Freak 官方博客,Director Column,增田顺一; 觉醒力量; Game Freak; 开发随笔; Gen 4; JA,Game Freak 董事兼总监增田顺一亲笔专栏第117回，探讨开发随笔。,_posts/2007-11-28-gamefreak-director-117.md,imported,
,增田顺一专栏：增田部长专栏 第118回：开发随想与创作手记,増田部長のめざめるパワー 第118回,https://www.gamefreak.co.jp/blog/dir/?p=118,https://web.archive.org/web/*/https://www.gamefreak.co.jp/blog/dir/?p=118,2009-03-15,增田顺一,Gen 4,JA,Game Freak 官方博客,Director Column,增田顺一; 觉醒力量; Game Freak; 开发随笔; Gen 4; JA,Game Freak 董事兼总监增田顺一亲笔专栏第118回，探讨开发随笔。,_posts/2007-12-13-gamefreak-director-118.md,imported,
,增田顺一专栏：增田部长专栏 第119回：开发随想与创作手记,増田部長のめざめるパワー 第119回,https://www.gamefreak.co.jp/blog/dir/?p=119,https://web.archive.org/web/*/https://www.gamefreak.co.jp/blog/dir/?p=119,2009-08-22,增田顺一,Gen 4,JA,Game Freak 官方博客,Director Column,增田顺一; 觉醒力量; Game Freak; 开发随笔; Gen 4; JA,Game Freak 董事兼总监增田顺一亲笔专栏第119回，探讨开发随笔。,_posts/2008-01-10-gamefreak-director-119.md,imported,
,增田顺一专栏：增田部长专栏 第120回：开发随想与创作手记,増田部長のめざめるパワー 第120回,https://www.gamefreak.co.jp/blog/dir/?p=120,https://web.archive.org/web/*/https://www.gamefreak.co.jp/blog/dir/?p=120,2010-01-01,增田顺一,Gen 5,JA,Game Freak 官方博客,Director Column,增田顺一; 觉醒力量; Game Freak; 开发随笔; Gen 5; JA,Game Freak 董事兼总监增田顺一亲笔专栏第120回，探讨开发随笔。,_posts/2008-01-11-gamefreak-director-120.md,imported,
,增田顺一专栏：增田部长专栏 第121回：开发随想与创作手记,増田部長のめざめるパワー 第121回,https://www.gamefreak.co.jp/blog/dir/?p=121,https://web.archive.org/web/*/https://www.gamefreak.co.jp/blog/dir/?p=121,2010-06-08,增田顺一,Gen 5,JA,Game Freak 官方博客,Director Column,增田顺一; 觉醒力量; Game Freak; 开发随笔; Gen 5; JA,Game Freak 董事兼总监增田顺一亲笔专栏第121回，探讨开发随笔。,_posts/2008-01-15-gamefreak-director-121.md,imported,
,增田顺一专栏：增田部长专栏 第122回：开发随想与创作手记,増田部長のめざめるパワー 第122回,https://www.gamefreak.co.jp/blog/dir/?p=122,https://web.archive.org/web/*/https://www.gamefreak.co.jp/blog/dir/?p=122,2010-11-15,增田顺一,Gen 5,JA,Game Freak 官方博客,Director Column,增田顺一; 觉醒力量; Game Freak; 开发随笔; Gen 5; JA,Game Freak 董事兼总监增田顺一亲笔专栏第122回，探讨开发随笔。,_posts/2008-02-18-gamefreak-director-122.md,imported,
,增田顺一专栏：增田部长专栏 第123回：开发随想与创作手记,増田部長のめざめるパワー 第123回,https://www.gamefreak.co.jp/blog/dir/?p=123,https://web.archive.org/web/*/https://www.gamefreak.co.jp/blog/dir/?p=123,2010-04-22,增田顺一,Gen 5,JA,Game Freak 官方博客,Director Column,增田顺一; 觉醒力量; Game Freak; 开发随笔; Gen 5; JA,Game Freak 董事兼总监增田顺一亲笔专栏第123回，探讨开发随笔。,_posts/2008-02-26-gamefreak-director-123.md,imported,
,增田顺一专栏：增田部长专栏 第124回：开发随想与创作手记,増田部長のめざめるパワー 第124回,https://www.gamefreak.co.jp/blog/dir/?p=124,https://web.archive.org/web/*/https://www.gamefreak.co.jp/blog/dir/?p=124,2010-09-01,增田顺一,Gen 5,JA,Game Freak 官方博客,Director Column,增田顺一; 觉醒力量; Game Freak; 开发随笔; Gen 5; JA,Game Freak 董事兼总监增田顺一亲笔专栏第124回，探讨开发随笔。,_posts/2008-02-27-gamefreak-director-124.md,imported,
,增田顺一专栏：增田部长专栏 第125回：开发随想与创作手记,増田部長のめざめるパワー 第125回,https://www.gamefreak.co.jp/blog/dir/?p=125,https://web.archive.org/web/*/https://www.gamefreak.co.jp/blog/dir/?p=125,2010-02-08,增田顺一,Gen 5,JA,Game Freak 官方博客,Director Column,增田顺一; 觉醒力量; Game Freak; 开发随笔; Gen 5; JA,Game Freak 董事兼总监增田顺一亲笔专栏第125回，探讨开发随笔。,_posts/2008-02-28-gamefreak-director-125.md,imported,
,增田顺一专栏：增田部长专栏 第126回：开发随想与创作手记,増田部長のめざめるパワー 第126回,https://www.gamefreak.co.jp/blog/dir/?p=126,https://web.archive.org/web/*/https://www.gamefreak.co.jp/blog/dir/?p=126,2010-07-15,增田顺一,Gen 5,JA,Game Freak 官方博客,Director Column,增田顺一; 觉醒力量; Game Freak; 开发随笔; Gen 5; JA,Game Freak 董事兼总监增田顺一亲笔专栏第126回，探讨开发随笔。,_posts/2008-02-29-gamefreak-director-126.md,imported,
,增田顺一专栏：增田部长专栏 第127回：开发随想与创作手记,増田部長のめざめるパワー 第127回,https://www.gamefreak.co.jp/blog/dir/?p=127,https://web.archive.org/web/*/https://www.gamefreak.co.jp/blog/dir/?p=127,2010-12-22,增田顺一,Gen 5,JA,Game Freak 官方博客,Director Column,增田顺一; 觉醒力量; Game Freak; 开发随笔; Gen 5; JA,Game Freak 董事兼总监增田顺一亲笔专栏第127回，探讨开发随笔。,_posts/2008-05-16-gamefreak-director-127.md,imported,
,增田顺一专栏：增田部长专栏 第128回：开发随想与创作手记,増田部長のめざめるパワー 第128回,https://www.gamefreak.co.jp/blog/dir/?p=128,https://web.archive.org/web/*/https://www.gamefreak.co.jp/blog/dir/?p=128,2010-05-01,增田顺一,Gen 5,JA,Game Freak 官方博客,Director Column,增田顺一; 觉醒力量; Game Freak; 开发随笔; Gen 5; JA,Game Freak 董事兼总监增田顺一亲笔专栏第128回，探讨开发随笔。,_posts/2008-06-02-gamefreak-director-128.md,imported,
,增田顺一专栏：增田部长专栏 第129回：开发随想与创作手记,増田部長のめざめるパワー 第129回,https://www.gamefreak.co.jp/blog/dir/?p=129,https://web.archive.org/web/*/https://www.gamefreak.co.jp/blog/dir/?p=129,2010-10-08,增田顺一,Gen 5,JA,Game Freak 官方博客,Director Column,增田顺一; 觉醒力量; Game Freak; 开发随笔; Gen 5; JA,Game Freak 董事兼总监增田顺一亲笔专栏第129回，探讨开发随笔。,_posts/2008-06-27-gamefreak-director-129.md,imported,
,增田顺一专栏：第130回：心金·魂银发售日与全国玩家连线感想,第130回：HGSS発売日を迎えての万感の思い,https://www.gamefreak.co.jp/blog/dir/?p=130,https://web.archive.org/web/*/https://www.gamefreak.co.jp/blog/dir/?p=130,2009-09-12,增田顺一,Gen 4,JA,Game Freak 官方博客,Director Column,增田顺一; 觉醒力量; Game Freak; 开发随笔; Gen 4; JA,Game Freak 董事兼总监增田顺一亲笔专栏第130回，探讨HGSS发售。,_posts/2008-07-16-gamefreak-director-130.md,imported,
,增田顺一专栏：增田部长专栏 第131回：开发随想与创作手记,増田部長のめざめるパワー 第131回,https://www.gamefreak.co.jp/blog/dir/?p=131,https://web.archive.org/web/*/https://www.gamefreak.co.jp/blog/dir/?p=131,2010-08-22,增田顺一,Gen 5,JA,Game Freak 官方博客,Director Column,增田顺一; 觉醒力量; Game Freak; 开发随笔; Gen 5; JA,Game Freak 董事兼总监增田顺一亲笔专栏第131回，探讨开发随笔。,_posts/2008-09-16-gamefreak-director-131.md,imported,
,增田顺一专栏：增田部长专栏 第132回：开发随想与创作手记,増田部長のめざめるパワー 第132回,https://www.gamefreak.co.jp/blog/dir/?p=132,https://web.archive.org/web/*/https://www.gamefreak.co.jp/blog/dir/?p=132,2010-01-01,增田顺一,Gen 5,JA,Game Freak 官方博客,Director Column,增田顺一; 觉醒力量; Game Freak; 开发随笔; Gen 5; JA,Game Freak 董事兼总监增田顺一亲笔专栏第132回，探讨开发随笔。,_posts/2008-09-18-gamefreak-director-132.md,imported,
,增田顺一专栏：增田部长专栏 第133回：开发随想与创作手记,増田部長のめざめるパワー 第133回,https://www.gamefreak.co.jp/blog/dir/?p=133,https://web.archive.org/web/*/https://www.gamefreak.co.jp/blog/dir/?p=133,2010-06-08,增田顺一,Gen 5,JA,Game Freak 官方博客,Director Column,增田顺一; 觉醒力量; Game Freak; 开发随笔; Gen 5; JA,Game Freak 董事兼总监增田顺一亲笔专栏第133回，探讨开发随笔。,_posts/2008-09-26-gamefreak-director-133.md,imported,
,增田顺一专栏：增田部长专栏 第134回：开发随想与创作手记,増田部長のめざめるパワー 第134回,https://www.gamefreak.co.jp/blog/dir/?p=134,https://web.archive.org/web/*/https://www.gamefreak.co.jp/blog/dir/?p=134,2010-11-15,增田顺一,Gen 5,JA,Game Freak 官方博客,Director Column,增田顺一; 觉醒力量; Game Freak; 开发随笔; Gen 5; JA,Game Freak 董事兼总监增田顺一亲笔专栏第134回，探讨开发随笔。,_posts/2008-12-26-gamefreak-director-134.md,imported,
,增田顺一专栏：增田部长专栏 第135回：开发随想与创作手记,増田部長のめざめるパワー 第135回,https://www.gamefreak.co.jp/blog/dir/?p=135,https://web.archive.org/web/*/https://www.gamefreak.co.jp/blog/dir/?p=135,2010-04-22,增田顺一,Gen 5,JA,Game Freak 官方博客,Director Column,增田顺一; 觉醒力量; Game Freak; 开发随笔; Gen 5; JA,Game Freak 董事兼总监增田顺一亲笔专栏第135回，探讨开发随笔。,_posts/2009-02-12-gamefreak-director-135.md,imported,
,增田顺一专栏：增田部长专栏 第136回：开发随想与创作手记,増田部長のめざめるパワー 第136回,https://www.gamefreak.co.jp/blog/dir/?p=136,https://web.archive.org/web/*/https://www.gamefreak.co.jp/blog/dir/?p=136,2010-09-01,增田顺一,Gen 5,JA,Game Freak 官方博客,Director Column,增田顺一; 觉醒力量; Game Freak; 开发随笔; Gen 5; JA,Game Freak 董事兼总监增田顺一亲笔专栏第136回，探讨开发随笔。,_posts/2009-02-13-gamefreak-director-136.md,imported,
,增田顺一专栏：增田部长专栏 第137回：开发随想与创作手记,増田部長のめざめるパワー 第137回,https://www.gamefreak.co.jp/blog/dir/?p=137,https://web.archive.org/web/*/https://www.gamefreak.co.jp/blog/dir/?p=137,2010-02-08,增田顺一,Gen 5,JA,Game Freak 官方博客,Director Column,增田顺一; 觉醒力量; Game Freak; 开发随笔; Gen 5; JA,Game Freak 董事兼总监增田顺一亲笔专栏第137回，探讨开发随笔。,_posts/2009-02-16-gamefreak-director-137.md,imported,
,增田顺一专栏：增田部长专栏 第138回：开发随想与创作手记,増田部長のめざめるパワー 第138回,https://www.gamefreak.co.jp/blog/dir/?p=138,https://web.archive.org/web/*/https://www.gamefreak.co.jp/blog/dir/?p=138,2010-07-15,增田顺一,Gen 5,JA,Game Freak 官方博客,Director Column,增田顺一; 觉醒力量; Game Freak; 开发随笔; Gen 5; JA,Game Freak 董事兼总监增田顺一亲笔专栏第138回，探讨开发随笔。,_posts/2009-02-17-gamefreak-director-138.md,imported,
,增田顺一专栏：增田部长专栏 第139回：开发随想与创作手记,増田部長のめざめるパワー 第139回,https://www.gamefreak.co.jp/blog/dir/?p=139,https://web.archive.org/web/*/https://www.gamefreak.co.jp/blog/dir/?p=139,2010-12-22,增田顺一,Gen 5,JA,Game Freak 官方博客,Director Column,增田顺一; 觉醒力量; Game Freak; 开发随笔; Gen 5; JA,Game Freak 董事兼总监增田顺一亲笔专栏第139回，探讨开发随笔。,_posts/2009-02-18-gamefreak-director-139.md,imported,
,增田顺一专栏：增田部长专栏 第140回：开发随想与创作手记,増田部長のめざめるパワー 第140回,https://www.gamefreak.co.jp/blog/dir/?p=140,https://web.archive.org/web/*/https://www.gamefreak.co.jp/blog/dir/?p=140,2010-05-01,增田顺一,Gen 5,JA,Game Freak 官方博客,Director Column,增田顺一; 觉醒力量; Game Freak; 开发随笔; Gen 5; JA,Game Freak 董事兼总监增田顺一亲笔专栏第140回，探讨开发随笔。,_posts/2009-02-19-gamefreak-director-140.md,imported,
,增田顺一专栏：增田部长专栏 第141回：开发随想与创作手记,増田部長のめざめるパワー 第141回,https://www.gamefreak.co.jp/blog/dir/?p=141,https://web.archive.org/web/*/https://www.gamefreak.co.jp/blog/dir/?p=141,2010-10-08,增田顺一,Gen 5,JA,Game Freak 官方博客,Director Column,增田顺一; 觉醒力量; Game Freak; 开发随笔; Gen 5; JA,Game Freak 董事兼总监增田顺一亲笔专栏第141回，探讨开发随笔。,_posts/2009-03-12-gamefreak-director-141.md,imported,
,增田顺一专栏：增田部长专栏 第142回：开发随想与创作手记,増田部長のめざめるパワー 第142回,https://www.gamefreak.co.jp/blog/dir/?p=142,https://web.archive.org/web/*/https://www.gamefreak.co.jp/blog/dir/?p=142,2010-03-15,增田顺一,Gen 5,JA,Game Freak 官方博客,Director Column,增田顺一; 觉醒力量; Game Freak; 开发随笔; Gen 5; JA,Game Freak 董事兼总监增田顺一亲笔专栏第142回，探讨开发随笔。,_posts/2009-03-13-gamefreak-director-142.md,imported,
,增田顺一专栏：增田部长专栏 第143回：开发随想与创作手记,増田部長のめざめるパワー 第143回,https://www.gamefreak.co.jp/blog/dir/?p=143,https://web.archive.org/web/*/https://www.gamefreak.co.jp/blog/dir/?p=143,2010-08-22,增田顺一,Gen 5,JA,Game Freak 官方博客,Director Column,增田顺一; 觉醒力量; Game Freak; 开发随笔; Gen 5; JA,Game Freak 董事兼总监增田顺一亲笔专栏第143回，探讨开发随笔。,_posts/2009-03-17-gamefreak-director-143.md,imported,
,增田顺一专栏：增田部长专栏 第144回：开发随想与创作手记,増田部長のめざめるパワー 第144回,https://www.gamefreak.co.jp/blog/dir/?p=144,https://web.archive.org/web/*/https://www.gamefreak.co.jp/blog/dir/?p=144,2011-01-01,增田顺一,Gen 5,JA,Game Freak 官方博客,Director Column,增田顺一; 觉醒力量; Game Freak; 开发随笔; Gen 5; JA,Game Freak 董事兼总监增田顺一亲笔专栏第144回，探讨开发随笔。,_posts/2009-03-26-gamefreak-director-144.md,imported,
,增田顺一专栏：第145回：黑·白完全放弃旧世代怪兽的历史决断,第145回：新ポケモン156匹にかける覚悟,https://www.gamefreak.co.jp/blog/dir/?p=145,https://web.archive.org/web/*/https://www.gamefreak.co.jp/blog/dir/?p=145,2010-04-08,增田顺一,Gen 5,JA,Game Freak 官方博客,Director Column,增田顺一; 觉醒力量; Game Freak; 开发随笔; Gen 5; JA,Game Freak 董事兼总监增田顺一亲笔专栏第145回，探讨BW决断。,_posts/2009-03-27-gamefreak-director-145.md,imported,
,增田顺一专栏：增田部长专栏 第146回：开发随想与创作手记,増田部長のめざめるパワー 第146回,https://www.gamefreak.co.jp/blog/dir/?p=146,https://web.archive.org/web/*/https://www.gamefreak.co.jp/blog/dir/?p=146,2011-11-15,增田顺一,Gen 5,JA,Game Freak 官方博客,Director Column,增田顺一; 觉醒力量; Game Freak; 开发随笔; Gen 5; JA,Game Freak 董事兼总监增田顺一亲笔专栏第146回，探讨开发随笔。,_posts/2009-04-16-gamefreak-director-146.md,imported,
,增田顺一专栏：增田部长专栏 第147回：开发随想与创作手记,増田部長のめざめるパワー 第147回,https://www.gamefreak.co.jp/blog/dir/?p=147,https://web.archive.org/web/*/https://www.gamefreak.co.jp/blog/dir/?p=147,2011-04-22,增田顺一,Gen 5,JA,Game Freak 官方博客,Director Column,增田顺一; 觉醒力量; Game Freak; 开发随笔; Gen 5; JA,Game Freak 董事兼总监增田顺一亲笔专栏第147回，探讨开发随笔。,_posts/2009-04-17-gamefreak-director-147.md,imported,
,增田顺一专栏：增田部长专栏 第148回：开发随想与创作手记,増田部長のめざめるパワー 第148回,https://www.gamefreak.co.jp/blog/dir/?p=148,https://web.archive.org/web/*/https://www.gamefreak.co.jp/blog/dir/?p=148,2011-09-01,增田顺一,Gen 5,JA,Game Freak 官方博客,Director Column,增田顺一; 觉醒力量; Game Freak; 开发随笔; Gen 5; JA,Game Freak 董事兼总监增田顺一亲笔专栏第148回，探讨开发随笔。,_posts/2009-04-28-gamefreak-director-148.md,imported,
,增田顺一专栏：增田部长专栏 第149回：开发随想与创作手记,増田部長のめざめるパワー 第149回,https://www.gamefreak.co.jp/blog/dir/?p=149,https://web.archive.org/web/*/https://www.gamefreak.co.jp/blog/dir/?p=149,2011-02-08,增田顺一,Gen 5,JA,Game Freak 官方博客,Director Column,增田顺一; 觉醒力量; Game Freak; 开发随笔; Gen 5; JA,Game Freak 董事兼总监增田顺一亲笔专栏第149回，探讨开发随笔。,_posts/2009-05-27-gamefreak-director-149.md,imported,
,增田顺一专栏：增田部长专栏 第150回：开发随想与创作手记,増田部長のめざめるパワー 第150回,https://www.gamefreak.co.jp/blog/dir/?p=150,https://web.archive.org/web/*/https://www.gamefreak.co.jp/blog/dir/?p=150,2011-07-15,增田顺一,Gen 5,JA,Game Freak 官方博客,Director Column,增田顺一; 觉醒力量; Game Freak; 开发随笔; Gen 5; JA,Game Freak 董事兼总监增田顺一亲笔专栏第150回，探讨开发随笔。,_posts/2009-06-18-gamefreak-director-150.md,imported,
,增田顺一专栏：增田部长专栏 第151回：开发随想与创作手记,増田部長のめざめるパワー 第151回,https://www.gamefreak.co.jp/blog/dir/?p=151,https://web.archive.org/web/*/https://www.gamefreak.co.jp/blog/dir/?p=151,2011-12-22,增田顺一,Gen 5,JA,Game Freak 官方博客,Director Column,增田顺一; 觉醒力量; Game Freak; 开发随笔; Gen 5; JA,Game Freak 董事兼总监增田顺一亲笔专栏第151回，探讨开发随笔。,_posts/2009-08-24-gamefreak-director-151.md,imported,
,增田顺一专栏：增田部长专栏 第152回：开发随想与创作手记,増田部長のめざめるパワー 第152回,https://www.gamefreak.co.jp/blog/dir/?p=152,https://web.archive.org/web/*/https://www.gamefreak.co.jp/blog/dir/?p=152,2011-05-01,增田顺一,Gen 5,JA,Game Freak 官方博客,Director Column,增田顺一; 觉醒力量; Game Freak; 开发随笔; Gen 5; JA,Game Freak 董事兼总监增田顺一亲笔专栏第152回，探讨开发随笔。,_posts/2009-11-16-gamefreak-director-152.md,imported,
,增田顺一专栏：增田部长专栏 第153回：开发随想与创作手记,増田部長のめざめるパワー 第153回,https://www.gamefreak.co.jp/blog/dir/?p=153,https://web.archive.org/web/*/https://www.gamefreak.co.jp/blog/dir/?p=153,2011-10-08,增田顺一,Gen 5,JA,Game Freak 官方博客,Director Column,增田顺一; 觉醒力量; Game Freak; 开发随笔; Gen 5; JA,Game Freak 董事兼总监增田顺一亲笔专栏第153回，探讨开发随笔。,_posts/2009-11-26-gamefreak-director-153.md,imported,
,增田顺一专栏：增田部长专栏 第154回：开发随想与创作手记,増田部長のめざめるパワー 第154回,https://www.gamefreak.co.jp/blog/dir/?p=154,https://web.archive.org/web/*/https://www.gamefreak.co.jp/blog/dir/?p=154,2011-03-15,增田顺一,Gen 5,JA,Game Freak 官方博客,Director Column,增田顺一; 觉醒力量; Game Freak; 开发随笔; Gen 5; JA,Game Freak 董事兼总监增田顺一亲笔专栏第154回，探讨开发随笔。,_posts/2009-11-27-gamefreak-director-154.md,imported,
,增田顺一专栏：第155回：『黑·白』母盘压盘完成！天箭桥的旋律终章,第155回：ブラック・ホワイト完成！スカイアローブリッジ,https://www.gamefreak.co.jp/blog/dir/?p=155,https://web.archive.org/web/*/https://www.gamefreak.co.jp/blog/dir/?p=155,2010-09-18,增田顺一,Gen 5,JA,Game Freak 官方博客,Director Column,增田顺一; 觉醒力量; Game Freak; 开发随笔; Gen 5; JA,Game Freak 董事兼总监增田顺一亲笔专栏第155回，探讨BW压盘。,_posts/2010-01-06-gamefreak-director-155.md,imported,
,增田顺一专栏：增田部长专栏 第156回：开发随想与创作手记,増田部長のめざめるパワー 第156回,https://www.gamefreak.co.jp/blog/dir/?p=156,https://web.archive.org/web/*/https://www.gamefreak.co.jp/blog/dir/?p=156,2011-01-01,增田顺一,Gen 5,JA,Game Freak 官方博客,Director Column,增田顺一; 觉醒力量; Game Freak; 开发随笔; Gen 5; JA,Game Freak 董事兼总监增田顺一亲笔专栏第156回，探讨开发随笔。,_posts/2010-01-07-gamefreak-director-156.md,imported,
,增田顺一专栏：增田部长专栏 第157回：开发随想与创作手记,増田部長のめざめるパワー 第157回,https://www.gamefreak.co.jp/blog/dir/?p=157,https://web.archive.org/web/*/https://www.gamefreak.co.jp/blog/dir/?p=157,2011-06-08,增田顺一,Gen 5,JA,Game Freak 官方博客,Director Column,增田顺一; 觉醒力量; Game Freak; 开发随笔; Gen 5; JA,Game Freak 董事兼总监增田顺一亲笔专栏第157回，探讨开发随笔。,_posts/2010-01-12-gamefreak-director-157.md,imported,
,增田顺一专栏：增田部长专栏 第158回：开发随想与创作手记,増田部長のめざめるパワー 第158回,https://www.gamefreak.co.jp/blog/dir/?p=158,https://web.archive.org/web/*/https://www.gamefreak.co.jp/blog/dir/?p=158,2011-11-15,增田顺一,Gen 5,JA,Game Freak 官方博客,Director Column,增田顺一; 觉醒力量; Game Freak; 开发随笔; Gen 5; JA,Game Freak 董事兼总监增田顺一亲笔专栏第158回，探讨开发随笔。,_posts/2010-01-13-gamefreak-director-158.md,imported,
,增田顺一专栏：增田部长专栏 第159回：开发随想与创作手记,増田部長のめざめるパワー 第159回,https://www.gamefreak.co.jp/blog/dir/?p=159,https://web.archive.org/web/*/https://www.gamefreak.co.jp/blog/dir/?p=159,2011-04-22,增田顺一,Gen 5,JA,Game Freak 官方博客,Director Column,增田顺一; 觉醒力量; Game Freak; 开发随笔; Gen 5; JA,Game Freak 董事兼总监增田顺一亲笔专栏第159回，探讨开发随笔。,_posts/2010-01-29-gamefreak-director-159.md,imported,
,增田顺一专栏：增田部长专栏 第160回：开发随想与创作手记,増田部長のめざめるパワー 第160回,https://www.gamefreak.co.jp/blog/dir/?p=160,https://web.archive.org/web/*/https://www.gamefreak.co.jp/blog/dir/?p=160,2011-09-01,增田顺一,Gen 5,JA,Game Freak 官方博客,Director Column,增田顺一; 觉醒力量; Game Freak; 开发随笔; Gen 5; JA,Game Freak 董事兼总监增田顺一亲笔专栏第160回，探讨开发随笔。,_posts/2010-04-09-gamefreak-director-160.md,imported,
,增田顺一专栏：增田部长专栏 第161回：开发随想与创作手记,増田部長のめざめるパワー 第161回,https://www.gamefreak.co.jp/blog/dir/?p=161,https://web.archive.org/web/*/https://www.gamefreak.co.jp/blog/dir/?p=161,2011-02-08,增田顺一,Gen 5,JA,Game Freak 官方博客,Director Column,增田顺一; 觉醒力量; Game Freak; 开发随笔; Gen 5; JA,Game Freak 董事兼总监增田顺一亲笔专栏第161回，探讨开发随笔。,_posts/2010-05-29-gamefreak-director-161.md,imported,
,增田顺一专栏：增田部长专栏 第162回：开发随想与创作手记,増田部長のめざめるパワー 第162回,https://www.gamefreak.co.jp/blog/dir/?p=162,https://web.archive.org/web/*/https://www.gamefreak.co.jp/blog/dir/?p=162,2011-07-15,增田顺一,Gen 5,JA,Game Freak 官方博客,Director Column,增田顺一; 觉醒力量; Game Freak; 开发随笔; Gen 5; JA,Game Freak 董事兼总监增田顺一亲笔专栏第162回，探讨开发随笔。,_posts/2010-06-19-gamefreak-director-162.md,imported,
,增田顺一专栏：增田部长专栏 第163回：开发随想与创作手记,増田部長のめざめるパワー 第163回,https://www.gamefreak.co.jp/blog/dir/?p=163,https://web.archive.org/web/*/https://www.gamefreak.co.jp/blog/dir/?p=163,2011-12-22,增田顺一,Gen 5,JA,Game Freak 官方博客,Director Column,增田顺一; 觉醒力量; Game Freak; 开发随笔; Gen 5; JA,Game Freak 董事兼总监增田顺一亲笔专栏第163回，探讨开发随笔。,_posts/2010-06-28-gamefreak-director-163.md,imported,
,增田顺一专栏：增田部长专栏 第164回：开发随想与创作手记,増田部長のめざめるパワー 第164回,https://www.gamefreak.co.jp/blog/dir/?p=164,https://web.archive.org/web/*/https://www.gamefreak.co.jp/blog/dir/?p=164,2011-05-01,增田顺一,Gen 5,JA,Game Freak 官方博客,Director Column,增田顺一; 觉醒力量; Game Freak; 开发随笔; Gen 5; JA,Game Freak 董事兼总监增田顺一亲笔专栏第164回，探讨开发随笔。,_posts/2010-07-12-gamefreak-director-164.md,imported,
,增田顺一专栏：增田部长专栏 第165回：开发随想与创作手记,増田部長のめざめるパワー 第165回,https://www.gamefreak.co.jp/blog/dir/?p=165,https://web.archive.org/web/*/https://www.gamefreak.co.jp/blog/dir/?p=165,2011-10-08,增田顺一,Gen 5,JA,Game Freak 官方博客,Director Column,增田顺一; 觉醒力量; Game Freak; 开发随笔; Gen 5; JA,Game Freak 董事兼总监增田顺一亲笔专栏第165回，探讨开发随笔。,_posts/2010-07-26-gamefreak-director-165.md,imported,
,增田顺一专栏：增田部长专栏 第166回：开发随想与创作手记,増田部長のめざめるパワー 第166回,https://www.gamefreak.co.jp/blog/dir/?p=166,https://web.archive.org/web/*/https://www.gamefreak.co.jp/blog/dir/?p=166,2011-03-15,增田顺一,Gen 5,JA,Game Freak 官方博客,Director Column,增田顺一; 觉醒力量; Game Freak; 开发随笔; Gen 5; JA,Game Freak 董事兼总监增田顺一亲笔专栏第166回，探讨开发随笔。,_posts/2010-07-28-gamefreak-director-166.md,imported,
,增田顺一专栏：增田部长专栏 第167回：开发随想与创作手记,増田部長のめざめるパワー 第167回,https://www.gamefreak.co.jp/blog/dir/?p=167,https://web.archive.org/web/*/https://www.gamefreak.co.jp/blog/dir/?p=167,2011-08-22,增田顺一,Gen 5,JA,Game Freak 官方博客,Director Column,增田顺一; 觉醒力量; Game Freak; 开发随笔; Gen 5; JA,Game Freak 董事兼总监增田顺一亲笔专栏第167回，探讨开发随笔。,_posts/2010-07-29-gamefreak-director-167.md,imported,
,增田顺一专栏：增田部长专栏 第168回：开发随想与创作手记,増田部長のめざめるパワー 第168回,https://www.gamefreak.co.jp/blog/dir/?p=168,https://web.archive.org/web/*/https://www.gamefreak.co.jp/blog/dir/?p=168,2012-01-01,增田顺一,Gen 5,JA,Game Freak 官方博客,Director Column,增田顺一; 觉醒力量; Game Freak; 开发随笔; Gen 5; JA,Game Freak 董事兼总监增田顺一亲笔专栏第168回，探讨开发随笔。,_posts/2010-07-30-gamefreak-director-168.md,imported,
,增田顺一专栏：增田部长专栏 第169回：开发随想与创作手记,増田部長のめざめるパワー 第169回,https://www.gamefreak.co.jp/blog/dir/?p=169,https://web.archive.org/web/*/https://www.gamefreak.co.jp/blog/dir/?p=169,2012-06-08,增田顺一,Gen 5,JA,Game Freak 官方博客,Director Column,增田顺一; 觉醒力量; Game Freak; 开发随笔; Gen 5; JA,Game Freak 董事兼总监增田顺一亲笔专栏第169回，探讨开发随笔。,_posts/2010-08-02-gamefreak-director-169.md,imported,
,增田顺一专栏：增田部长专栏 第170回：开发随想与创作手记,増田部長のめざめるパワー 第170回,https://www.gamefreak.co.jp/blog/dir/?p=170,https://web.archive.org/web/*/https://www.gamefreak.co.jp/blog/dir/?p=170,2012-11-15,增田顺一,Gen 5,JA,Game Freak 官方博客,Director Column,增田顺一; 觉醒力量; Game Freak; 开发随笔; Gen 5; JA,Game Freak 董事兼总监增田顺一亲笔专栏第170回，探讨开发随笔。,_posts/2010-08-03-gamefreak-director-170.md,imported,
,增田顺一专栏：增田部长专栏 第171回：开发随想与创作手记,増田部長のめざめるパワー 第171回,https://www.gamefreak.co.jp/blog/dir/?p=171,https://web.archive.org/web/*/https://www.gamefreak.co.jp/blog/dir/?p=171,2012-04-22,增田顺一,Gen 5,JA,Game Freak 官方博客,Director Column,增田顺一; 觉醒力量; Game Freak; 开发随笔; Gen 5; JA,Game Freak 董事兼总监增田顺一亲笔专栏第171回，探讨开发随笔。,_posts/2010-08-04-gamefreak-director-171.md,imported,
,增田顺一专栏：第172回：法国巴黎卢浮宫与埃菲尔铁塔下构思“美”,第172回：パリ取材記・美しさ（Beauté）を求めて,https://www.gamefreak.co.jp/blog/dir/?p=172,https://web.archive.org/web/*/https://www.gamefreak.co.jp/blog/dir/?p=172,2011-08-10,增田顺一,Gen 5,JA,Game Freak 官方博客,Director Column,增田顺一; 觉醒力量; Game Freak; 开发随笔; Gen 5; JA,Game Freak 董事兼总监增田顺一亲笔专栏第172回，探讨法国巴黎。,_posts/2010-08-05-gamefreak-director-172.md,imported,
,增田顺一专栏：增田部长专栏 第173回：开发随想与创作手记,増田部長のめざめるパワー 第173回,https://www.gamefreak.co.jp/blog/dir/?p=173,https://web.archive.org/web/*/https://www.gamefreak.co.jp/blog/dir/?p=173,2012-02-08,增田顺一,Gen 5,JA,Game Freak 官方博客,Director Column,增田顺一; 觉醒力量; Game Freak; 开发随笔; Gen 5; JA,Game Freak 董事兼总监增田顺一亲笔专栏第173回，探讨开发随笔。,_posts/2010-08-06-gamefreak-director-173.md,imported,
,增田顺一专栏：增田部长专栏 第174回：开发随想与创作手记,増田部長のめざめるパワー 第174回,https://www.gamefreak.co.jp/blog/dir/?p=174,https://web.archive.org/web/*/https://www.gamefreak.co.jp/blog/dir/?p=174,2012-07-15,增田顺一,Gen 5,JA,Game Freak 官方博客,Director Column,增田顺一; 觉醒力量; Game Freak; 开发随笔; Gen 5; JA,Game Freak 董事兼总监增田顺一亲笔专栏第174回，探讨开发随笔。,_posts/2010-09-01-gamefreak-director-174.md,imported,
,增田顺一专栏：增田部长专栏 第175回：开发随想与创作手记,増田部長のめざめるパワー 第175回,https://www.gamefreak.co.jp/blog/dir/?p=175,https://web.archive.org/web/*/https://www.gamefreak.co.jp/blog/dir/?p=175,2012-12-22,增田顺一,Gen 5,JA,Game Freak 官方博客,Director Column,增田顺一; 觉醒力量; Game Freak; 开发随笔; Gen 5; JA,Game Freak 董事兼总监增田顺一亲笔专栏第175回，探讨开发随笔。,_posts/2010-09-10-gamefreak-director-175.md,imported,
,增田顺一专栏：增田部长专栏 第176回：开发随想与创作手记,増田部長のめざめるパワー 第176回,https://www.gamefreak.co.jp/blog/dir/?p=176,https://web.archive.org/web/*/https://www.gamefreak.co.jp/blog/dir/?p=176,2012-05-01,增田顺一,Gen 5,JA,Game Freak 官方博客,Director Column,增田顺一; 觉醒力量; Game Freak; 开发随笔; Gen 5; JA,Game Freak 董事兼总监增田顺一亲笔专栏第176回，探讨开发随笔。,_posts/2010-09-16-gamefreak-director-176.md,imported,
,增田顺一专栏：增田部长专栏 第177回：开发随想与创作手记,増田部長のめざめるパワー 第177回,https://www.gamefreak.co.jp/blog/dir/?p=177,https://web.archive.org/web/*/https://www.gamefreak.co.jp/blog/dir/?p=177,2012-10-08,增田顺一,Gen 5,JA,Game Freak 官方博客,Director Column,增田顺一; 觉醒力量; Game Freak; 开发随笔; Gen 5; JA,Game Freak 董事兼总监增田顺一亲笔专栏第177回，探讨开发随笔。,_posts/2010-09-17-gamefreak-director-177.md,imported,
,增田顺一专栏：增田部长专栏 第178回：开发随想与创作手记,増田部長のめざめるパワー 第178回,https://www.gamefreak.co.jp/blog/dir/?p=178,https://web.archive.org/web/*/https://www.gamefreak.co.jp/blog/dir/?p=178,2012-03-15,增田顺一,Gen 5,JA,Game Freak 官方博客,Director Column,增田顺一; 觉醒力量; Game Freak; 开发随笔; Gen 5; JA,Game Freak 董事兼总监增田顺一亲笔专栏第178回，探讨开发随笔。,_posts/2010-09-22-gamefreak-director-178.md,imported,
,增田顺一专栏：增田部长专栏 第179回：开发随想与创作手记,増田部長のめざめるパワー 第179回,https://www.gamefreak.co.jp/blog/dir/?p=179,https://web.archive.org/web/*/https://www.gamefreak.co.jp/blog/dir/?p=179,2012-08-22,增田顺一,Gen 5,JA,Game Freak 官方博客,Director Column,增田顺一; 觉醒力量; Game Freak; 开发随笔; Gen 5; JA,Game Freak 董事兼总监增田顺一亲笔专栏第179回，探讨开发随笔。,_posts/2010-12-27-gamefreak-director-179.md,imported,
,增田顺一专栏：增田部长专栏 第180回：开发随想与创作手记,増田部長のめざめるパワー 第180回,https://www.gamefreak.co.jp/blog/dir/?p=180,https://web.archive.org/web/*/https://www.gamefreak.co.jp/blog/dir/?p=180,2012-01-01,增田顺一,Gen 5,JA,Game Freak 官方博客,Director Column,增田顺一; 觉醒力量; Game Freak; 开发随笔; Gen 5; JA,Game Freak 董事兼总监增田顺一亲笔专栏第180回，探讨开发随笔。,_posts/2010-12-28-gamefreak-director-180.md,imported,
,增田顺一专栏：增田部长专栏 第181回：开发随想与创作手记,増田部長のめざめるパワー 第181回,https://www.gamefreak.co.jp/blog/dir/?p=181,https://web.archive.org/web/*/https://www.gamefreak.co.jp/blog/dir/?p=181,2012-06-08,增田顺一,Gen 5,JA,Game Freak 官方博客,Director Column,增田顺一; 觉醒力量; Game Freak; 开发随笔; Gen 5; JA,Game Freak 董事兼总监增田顺一亲笔专栏第181回，探讨开发随笔。,_posts/2011-01-05-gamefreak-director-181.md,imported,
,增田顺一专栏：增田部长专栏 第182回：开发随想与创作手记,増田部長のめざめるパワー 第182回,https://www.gamefreak.co.jp/blog/dir/?p=182,https://web.archive.org/web/*/https://www.gamefreak.co.jp/blog/dir/?p=182,2012-11-15,增田顺一,Gen 5,JA,Game Freak 官方博客,Director Column,增田顺一; 觉醒力量; Game Freak; 开发随笔; Gen 5; JA,Game Freak 董事兼总监增田顺一亲笔专栏第182回，探讨开发随笔。,_posts/2011-01-07-gamefreak-director-182.md,imported,
,增田顺一专栏：增田部长专栏 第183回：开发随想与创作手记,増田部長のめざめるパワー 第183回,https://www.gamefreak.co.jp/blog/dir/?p=183,https://web.archive.org/web/*/https://www.gamefreak.co.jp/blog/dir/?p=183,2012-04-22,增田顺一,Gen 5,JA,Game Freak 官方博客,Director Column,增田顺一; 觉醒力量; Game Freak; 开发随笔; Gen 5; JA,Game Freak 董事兼总监增田顺一亲笔专栏第183回，探讨开发随笔。,_posts/2011-01-12-gamefreak-director-183.md,imported,
,增田顺一专栏：增田部长专栏 第184回：开发随想与创作手记,増田部長のめざめるパワー 第184回,https://www.gamefreak.co.jp/blog/dir/?p=184,https://web.archive.org/web/*/https://www.gamefreak.co.jp/blog/dir/?p=184,2012-09-01,增田顺一,Gen 5,JA,Game Freak 官方博客,Director Column,增田顺一; 觉醒力量; Game Freak; 开发随笔; Gen 5; JA,Game Freak 董事兼总监增田顺一亲笔专栏第184回，探讨开发随笔。,_posts/2011-02-10-gamefreak-director-184.md,imported,
,增田顺一专栏：增田部长专栏 第185回：开发随想与创作手记,増田部長のめざめるパワー 第185回,https://www.gamefreak.co.jp/blog/dir/?p=185,https://web.archive.org/web/*/https://www.gamefreak.co.jp/blog/dir/?p=185,2012-02-08,增田顺一,Gen 5,JA,Game Freak 官方博客,Director Column,增田顺一; 觉醒力量; Game Freak; 开发随笔; Gen 5; JA,Game Freak 董事兼总监增田顺一亲笔专栏第185回，探讨开发随笔。,_posts/2011-02-14-gamefreak-director-185.md,imported,
,增田顺一专栏：增田部长专栏 第186回：开发随想与创作手记,増田部長のめざめるパワー 第186回,https://www.gamefreak.co.jp/blog/dir/?p=186,https://web.archive.org/web/*/https://www.gamefreak.co.jp/blog/dir/?p=186,2012-07-15,增田顺一,Gen 5,JA,Game Freak 官方博客,Director Column,增田顺一; 觉醒力量; Game Freak; 开发随笔; Gen 5; JA,Game Freak 董事兼总监增田顺一亲笔专栏第186回，探讨开发随笔。,_posts/2011-02-17-gamefreak-director-186.md,imported,
,增田顺一专栏：增田部长专栏 第187回：开发随想与创作手记,増田部長のめざめるパワー 第187回,https://www.gamefreak.co.jp/blog/dir/?p=187,https://web.archive.org/web/*/https://www.gamefreak.co.jp/blog/dir/?p=187,2012-12-22,增田顺一,Gen 5,JA,Game Freak 官方博客,Director Column,增田顺一; 觉醒力量; Game Freak; 开发随笔; Gen 5; JA,Game Freak 董事兼总监增田顺一亲笔专栏第187回，探讨开发随笔。,_posts/2011-02-24-gamefreak-director-187.md,imported,
,增田顺一专栏：增田部长专栏 第188回：开发随想与创作手记,増田部長のめざめるパワー 第188回,https://www.gamefreak.co.jp/blog/dir/?p=188,https://web.archive.org/web/*/https://www.gamefreak.co.jp/blog/dir/?p=188,2012-05-01,增田顺一,Gen 5,JA,Game Freak 官方博客,Director Column,增田顺一; 觉醒力量; Game Freak; 开发随笔; Gen 5; JA,Game Freak 董事兼总监增田顺一亲笔专栏第188回，探讨开发随笔。,_posts/2011-02-25-gamefreak-director-188.md,imported,
,增田顺一专栏：增田部长专栏 第189回：开发随想与创作手记,増田部長のめざめるパワー 第189回,https://www.gamefreak.co.jp/blog/dir/?p=189,https://web.archive.org/web/*/https://www.gamefreak.co.jp/blog/dir/?p=189,2012-10-08,增田顺一,Gen 5,JA,Game Freak 官方博客,Director Column,增田顺一; 觉醒力量; Game Freak; 开发随笔; Gen 5; JA,Game Freak 董事兼总监增田顺一亲笔专栏第189回，探讨开发随笔。,_posts/2011-03-08-gamefreak-director-189.md,imported,
,增田顺一专栏：第190回：『黑2·白2』发售！续篇给玩家的告白,第190回：ブラック２・ホワイト２発売日によせて,https://www.gamefreak.co.jp/blog/dir/?p=190,https://web.archive.org/web/*/https://www.gamefreak.co.jp/blog/dir/?p=190,2012-06-23,增田顺一,Gen 5,JA,Game Freak 官方博客,Director Column,增田顺一; 觉醒力量; Game Freak; 开发随笔; Gen 5; JA,Game Freak 董事兼总监增田顺一亲笔专栏第190回，探讨B2W2发售。,_posts/2011-03-09-gamefreak-director-190.md,imported,
,增田顺一专栏：增田部长专栏 第191回：开发随想与创作手记,増田部長のめざめるパワー 第191回,https://www.gamefreak.co.jp/blog/dir/?p=191,https://web.archive.org/web/*/https://www.gamefreak.co.jp/blog/dir/?p=191,2012-08-22,增田顺一,Gen 5,JA,Game Freak 官方博客,Director Column,增田顺一; 觉醒力量; Game Freak; 开发随笔; Gen 5; JA,Game Freak 董事兼总监增田顺一亲笔专栏第191回，探讨开发随笔。,_posts/2011-04-25-gamefreak-director-191.md,imported,
,增田顺一专栏：增田部长专栏 第192回：开发随想与创作手记,増田部長のめざめるパワー 第192回,https://www.gamefreak.co.jp/blog/dir/?p=192,https://web.archive.org/web/*/https://www.gamefreak.co.jp/blog/dir/?p=192,2013-01-01,增田顺一,Gen 6,JA,Game Freak 官方博客,Director Column,增田顺一; 觉醒力量; Game Freak; 开发随笔; Gen 6; JA,Game Freak 董事兼总监增田顺一亲笔专栏第192回，探讨开发随笔。,_posts/2011-04-27-gamefreak-director-192.md,imported,
,增田顺一专栏：增田部长专栏 第193回：开发随想与创作手记,増田部長のめざめるパワー 第193回,https://www.gamefreak.co.jp/blog/dir/?p=193,https://web.archive.org/web/*/https://www.gamefreak.co.jp/blog/dir/?p=193,2013-06-08,增田顺一,Gen 6,JA,Game Freak 官方博客,Director Column,增田顺一; 觉醒力量; Game Freak; 开发随笔; Gen 6; JA,Game Freak 董事兼总监增田顺一亲笔专栏第193回，探讨开发随笔。,_posts/2011-05-29-gamefreak-director-193.md,imported,
,增田顺一专栏：增田部长专栏 第194回：开发随想与创作手记,増田部長のめざめるパワー 第194回,https://www.gamefreak.co.jp/blog/dir/?p=194,https://web.archive.org/web/*/https://www.gamefreak.co.jp/blog/dir/?p=194,2013-11-15,增田顺一,Gen 6,JA,Game Freak 官方博客,Director Column,增田顺一; 觉醒力量; Game Freak; 开发随笔; Gen 6; JA,Game Freak 董事兼总监增田顺一亲笔专栏第194回，探讨开发随笔。,_posts/2011-05-31-gamefreak-director-194.md,imported,
,增田顺一专栏：增田部长专栏 第195回：开发随想与创作手记,増田部長のめざめるパワー 第195回,https://www.gamefreak.co.jp/blog/dir/?p=195,https://web.archive.org/web/*/https://www.gamefreak.co.jp/blog/dir/?p=195,2013-04-22,增田顺一,Gen 6,JA,Game Freak 官方博客,Director Column,增田顺一; 觉醒力量; Game Freak; 开发随笔; Gen 6; JA,Game Freak 董事兼总监增田顺一亲笔专栏第195回，探讨开发随笔。,_posts/2011-06-01-gamefreak-director-195.md,imported,
,增田顺一专栏：增田部长专栏 第196回：开发随想与创作手记,増田部長のめざめるパワー 第196回,https://www.gamefreak.co.jp/blog/dir/?p=196,https://web.archive.org/web/*/https://www.gamefreak.co.jp/blog/dir/?p=196,2013-09-01,增田顺一,Gen 6,JA,Game Freak 官方博客,Director Column,增田顺一; 觉醒力量; Game Freak; 开发随笔; Gen 6; JA,Game Freak 董事兼总监增田顺一亲笔专栏第196回，探讨开发随笔。,_posts/2011-06-06-gamefreak-director-196.md,imported,
,增田顺一专栏：增田部长专栏 第197回：开发随想与创作手记,増田部長のめざめるパワー 第197回,https://www.gamefreak.co.jp/blog/dir/?p=197,https://web.archive.org/web/*/https://www.gamefreak.co.jp/blog/dir/?p=197,2013-02-08,增田顺一,Gen 6,JA,Game Freak 官方博客,Director Column,增田顺一; 觉醒力量; Game Freak; 开发随笔; Gen 6; JA,Game Freak 董事兼总监增田顺一亲笔专栏第197回，探讨开发随笔。,_posts/2011-06-07-gamefreak-director-197.md,imported,
,增田顺一专栏：增田部长专栏 第198回：开发随想与创作手记,増田部長のめざめるパワー 第198回,https://www.gamefreak.co.jp/blog/dir/?p=198,https://web.archive.org/web/*/https://www.gamefreak.co.jp/blog/dir/?p=198,2013-07-15,增田顺一,Gen 6,JA,Game Freak 官方博客,Director Column,增田顺一; 觉醒力量; Game Freak; 开发随笔; Gen 6; JA,Game Freak 董事兼总监增田顺一亲笔专栏第198回，探讨开发随笔。,_posts/2011-06-08-gamefreak-director-198.md,imported,
,增田顺一专栏：增田部长专栏 第199回：开发随想与创作手记,増田部長のめざめるパワー 第199回,https://www.gamefreak.co.jp/blog/dir/?p=199,https://web.archive.org/web/*/https://www.gamefreak.co.jp/blog/dir/?p=199,2013-12-22,增田顺一,Gen 6,JA,Game Freak 官方博客,Director Column,增田顺一; 觉醒力量; Game Freak; 开发随笔; Gen 6; JA,Game Freak 董事兼总监增田顺一亲笔专栏第199回，探讨开发随笔。,_posts/2011-06-09-gamefreak-director-199.md,imported,
,增田顺一专栏：增田部长专栏 第200回：开发随想与创作手记,増田部長のめざめるパワー 第200回,https://www.gamefreak.co.jp/blog/dir/?p=200,https://web.archive.org/web/*/https://www.gamefreak.co.jp/blog/dir/?p=200,2013-05-01,增田顺一,Gen 6,JA,Game Freak 官方博客,Director Column,增田顺一; 觉醒力量; Game Freak; 开发随笔; Gen 6; JA,Game Freak 董事兼总监增田顺一亲笔专栏第200回，探讨开发随笔。,_posts/2011-08-07-gamefreak-director-200.md,imported,
,增田顺一专栏：增田部长专栏 第201回：开发随想与创作手记,増田部長のめざめるパワー 第201回,https://www.gamefreak.co.jp/blog/dir/?p=201,https://web.archive.org/web/*/https://www.gamefreak.co.jp/blog/dir/?p=201,2013-10-08,增田顺一,Gen 6,JA,Game Freak 官方博客,Director Column,增田顺一; 觉醒力量; Game Freak; 开发随笔; Gen 6; JA,Game Freak 董事兼总监增田顺一亲笔专栏第201回，探讨开发随笔。,_posts/2011-08-08-gamefreak-director-201.md,imported,
,增田顺一专栏：增田部长专栏 第202回：开发随想与创作手记,増田部長のめざめるパワー 第202回,https://www.gamefreak.co.jp/blog/dir/?p=202,https://web.archive.org/web/*/https://www.gamefreak.co.jp/blog/dir/?p=202,2013-03-15,增田顺一,Gen 6,JA,Game Freak 官方博客,Director Column,增田顺一; 觉醒力量; Game Freak; 开发随笔; Gen 6; JA,Game Freak 董事兼总监增田顺一亲笔专栏第202回，探讨开发随笔。,_posts/2011-08-09-gamefreak-director-202.md,imported,
,增田顺一专栏：增田部长专栏 第203回：开发随想与创作手记,増田部長のめざめるパワー 第203回,https://www.gamefreak.co.jp/blog/dir/?p=203,https://web.archive.org/web/*/https://www.gamefreak.co.jp/blog/dir/?p=203,2013-08-22,增田顺一,Gen 6,JA,Game Freak 官方博客,Director Column,增田顺一; 觉醒力量; Game Freak; 开发随笔; Gen 6; JA,Game Freak 董事兼总监增田顺一亲笔专栏第203回，探讨开发随笔。,_posts/2011-08-11-gamefreak-director-203.md,imported,
,增田顺一专栏：增田部长专栏 第204回：开发随想与创作手记,増田部長のめざめるパワー 第204回,https://www.gamefreak.co.jp/blog/dir/?p=204,https://web.archive.org/web/*/https://www.gamefreak.co.jp/blog/dir/?p=204,2013-01-01,增田顺一,Gen 6,JA,Game Freak 官方博客,Director Column,增田顺一; 觉醒力量; Game Freak; 开发随笔; Gen 6; JA,Game Freak 董事兼总监增田顺一亲笔专栏第204回，探讨开发随笔。,_posts/2011-08-14-gamefreak-director-204.md,imported,
,增田顺一专栏：增田部长专栏 第205回：开发随想与创作手记,増田部長のめざめるパワー 第205回,https://www.gamefreak.co.jp/blog/dir/?p=205,https://web.archive.org/web/*/https://www.gamefreak.co.jp/blog/dir/?p=205,2013-06-08,增田顺一,Gen 6,JA,Game Freak 官方博客,Director Column,增田顺一; 觉醒力量; Game Freak; 开发随笔; Gen 6; JA,Game Freak 董事兼总监增田顺一亲笔专栏第205回，探讨开发随笔。,_posts/2011-08-22-gamefreak-director-205.md,imported,
,增田顺一专栏：增田部长专栏 第206回：开发随想与创作手记,増田部長のめざめるパワー 第206回,https://www.gamefreak.co.jp/blog/dir/?p=206,https://web.archive.org/web/*/https://www.gamefreak.co.jp/blog/dir/?p=206,2013-11-15,增田顺一,Gen 6,JA,Game Freak 官方博客,Director Column,增田顺一; 觉醒力量; Game Freak; 开发随笔; Gen 6; JA,Game Freak 董事兼总监增田顺一亲笔专栏第206回，探讨开发随笔。,_posts/2011-08-23-gamefreak-director-206.md,imported,
,增田顺一专栏：增田部长专栏 第207回：开发随想与创作手记,増田部長のめざめるパワー 第207回,https://www.gamefreak.co.jp/blog/dir/?p=207,https://web.archive.org/web/*/https://www.gamefreak.co.jp/blog/dir/?p=207,2013-04-22,增田顺一,Gen 6,JA,Game Freak 官方博客,Director Column,增田顺一; 觉醒力量; Game Freak; 开发随笔; Gen 6; JA,Game Freak 董事兼总监增田顺一亲笔专栏第207回，探讨开发随笔。,_posts/2011-08-25-gamefreak-director-207.md,imported,
,增田顺一专栏：第208回：Mega进化外观概念：羁绊的具象化,第208回：メガシンカのデザイン哲学・絆の表現,https://www.gamefreak.co.jp/blog/dir/?p=208,https://web.archive.org/web/*/https://www.gamefreak.co.jp/blog/dir/?p=208,2013-05-15,增田顺一,Gen 6,JA,Game Freak 官方博客,Director Column,增田顺一; 觉醒力量; Game Freak; 开发随笔; Gen 6; JA,Game Freak 董事兼总监增田顺一亲笔专栏第208回，探讨Mega进化。,_posts/2011-09-03-gamefreak-director-208.md,imported,
,增田顺一专栏：增田部长专栏 第209回：开发随想与创作手记,増田部長のめざめるパワー 第209回,https://www.gamefreak.co.jp/blog/dir/?p=209,https://web.archive.org/web/*/https://www.gamefreak.co.jp/blog/dir/?p=209,2013-02-08,增田顺一,Gen 6,JA,Game Freak 官方博客,Director Column,增田顺一; 觉醒力量; Game Freak; 开发随笔; Gen 6; JA,Game Freak 董事兼总监增田顺一亲笔专栏第209回，探讨开发随笔。,_posts/2011-09-08-gamefreak-director-209.md,imported,
,增田顺一专栏：增田部长专栏 第210回：开发随想与创作手记,増田部長のめざめるパワー 第210回,https://www.gamefreak.co.jp/blog/dir/?p=210,https://web.archive.org/web/*/https://www.gamefreak.co.jp/blog/dir/?p=210,2013-07-15,增田顺一,Gen 6,JA,Game Freak 官方博客,Director Column,增田顺一; 觉醒力量; Game Freak; 开发随笔; Gen 6; JA,Game Freak 董事兼总监增田顺一亲笔专栏第210回，探讨开发随笔。,_posts/2011-09-22-gamefreak-director-210.md,imported,
,增田顺一专栏：增田部长专栏 第211回：开发随想与创作手记,増田部長のめざめるパワー 第211回,https://www.gamefreak.co.jp/blog/dir/?p=211,https://web.archive.org/web/*/https://www.gamefreak.co.jp/blog/dir/?p=211,2013-12-22,增田顺一,Gen 6,JA,Game Freak 官方博客,Director Column,增田顺一; 觉醒力量; Game Freak; 开发随笔; Gen 6; JA,Game Freak 董事兼总监增田顺一亲笔专栏第211回，探讨开发随笔。,_posts/2011-09-22-gamefreak-director-211.md,imported,
,增田顺一专栏：增田部长专栏 第212回：开发随想与创作手记,増田部長のめざめるパワー 第212回,https://www.gamefreak.co.jp/blog/dir/?p=212,https://web.archive.org/web/*/https://www.gamefreak.co.jp/blog/dir/?p=212,2013-05-01,增田顺一,Gen 6,JA,Game Freak 官方博客,Director Column,增田顺一; 觉醒力量; Game Freak; 开发随笔; Gen 6; JA,Game Freak 董事兼总监增田顺一亲笔专栏第212回，探讨开发随笔。,_posts/2011-09-26-gamefreak-director-212.md,imported,
,增田顺一专栏：增田部长专栏 第213回：开发随想与创作手记,増田部長のめざめるパワー 第213回,https://www.gamefreak.co.jp/blog/dir/?p=213,https://web.archive.org/web/*/https://www.gamefreak.co.jp/blog/dir/?p=213,2013-10-08,增田顺一,Gen 6,JA,Game Freak 官方博客,Director Column,增田顺一; 觉醒力量; Game Freak; 开发随笔; Gen 6; JA,Game Freak 董事兼总监增田顺一亲笔专栏第213回，探讨开发随笔。,_posts/2011-10-07-gamefreak-director-213.md,imported,
,增田顺一专栏：增田部长专栏 第214回：开发随想与创作手记,増田部長のめざめるパワー 第214回,https://www.gamefreak.co.jp/blog/dir/?p=214,https://web.archive.org/web/*/https://www.gamefreak.co.jp/blog/dir/?p=214,2013-03-15,增田顺一,Gen 6,JA,Game Freak 官方博客,Director Column,增田顺一; 觉醒力量; Game Freak; 开发随笔; Gen 6; JA,Game Freak 董事兼总监增田顺一亲笔专栏第214回，探讨开发随笔。,_posts/2011-10-07-gamefreak-director-214.md,imported,
,增田顺一专栏：第215回：『X·Y』全球同日发售！跨越时区的世界互联,第215回：ポケットモンスターＸ・Ｙ世界同時発売！,https://www.gamefreak.co.jp/blog/dir/?p=215,https://web.archive.org/web/*/https://www.gamefreak.co.jp/blog/dir/?p=215,2013-10-12,增田顺一,Gen 6,JA,Game Freak 官方博客,Director Column,增田顺一; 觉醒力量; Game Freak; 开发随笔; Gen 6; JA,Game Freak 董事兼总监增田顺一亲笔专栏第215回，探讨XY全球同发。,_posts/2011-10-14-gamefreak-director-215.md,imported,
,增田顺一专栏：增田部长专栏 第216回：开发随想与创作手记,増田部長のめざめるパワー 第216回,https://www.gamefreak.co.jp/blog/dir/?p=216,https://web.archive.org/web/*/https://www.gamefreak.co.jp/blog/dir/?p=216,2014-01-01,增田顺一,Gen 6,JA,Game Freak 官方博客,Director Column,增田顺一; 觉醒力量; Game Freak; 开发随笔; Gen 6; JA,Game Freak 董事兼总监增田顺一亲笔专栏第216回，探讨开发随笔。,_posts/2011-12-13-gamefreak-director-216.md,imported,
,增田顺一专栏：增田部长专栏 第217回：开发随想与创作手记,増田部長のめざめるパワー 第217回,https://www.gamefreak.co.jp/blog/dir/?p=217,https://web.archive.org/web/*/https://www.gamefreak.co.jp/blog/dir/?p=217,2014-06-08,增田顺一,Gen 6,JA,Game Freak 官方博客,Director Column,增田顺一; 觉醒力量; Game Freak; 开发随笔; Gen 6; JA,Game Freak 董事兼总监增田顺一亲笔专栏第217回，探讨开发随笔。,_posts/2011-12-29-gamefreak-director-217.md,imported,
,增田顺一专栏：增田部长专栏 第218回：开发随想与创作手记,増田部長のめざめるパワー 第218回,https://www.gamefreak.co.jp/blog/dir/?p=218,https://web.archive.org/web/*/https://www.gamefreak.co.jp/blog/dir/?p=218,2014-11-15,增田顺一,Gen 6,JA,Game Freak 官方博客,Director Column,增田顺一; 觉醒力量; Game Freak; 开发随笔; Gen 6; JA,Game Freak 董事兼总监增田顺一亲笔专栏第218回，探讨开发随笔。,_posts/2012-01-13-gamefreak-director-218.md,imported,
,增田顺一专栏：增田部长专栏 第219回：开发随想与创作手记,増田部長のめざめるパワー 第219回,https://www.gamefreak.co.jp/blog/dir/?p=219,https://web.archive.org/web/*/https://www.gamefreak.co.jp/blog/dir/?p=219,2014-04-22,增田顺一,Gen 6,JA,Game Freak 官方博客,Director Column,增田顺一; 觉醒力量; Game Freak; 开发随笔; Gen 6; JA,Game Freak 董事兼总监增田顺一亲笔专栏第219回，探讨开发随笔。,_posts/2012-01-23-gamefreak-director-219.md,imported,
,增田顺一专栏：增田部长专栏 第220回：开发随想与创作手记,増田部長のめざめるパワー 第220回,https://www.gamefreak.co.jp/blog/dir/?p=220,https://web.archive.org/web/*/https://www.gamefreak.co.jp/blog/dir/?p=220,2014-09-01,增田顺一,Gen 6,JA,Game Freak 官方博客,Director Column,增田顺一; 觉醒力量; Game Freak; 开发随笔; Gen 6; JA,Game Freak 董事兼总监增田顺一亲笔专栏第220回，探讨开发随笔。,_posts/2012-02-10-gamefreak-director-220.md,imported,
,增田顺一专栏：增田部长专栏 第221回：开发随想与创作手记,増田部長のめざめるパワー 第221回,https://www.gamefreak.co.jp/blog/dir/?p=221,https://web.archive.org/web/*/https://www.gamefreak.co.jp/blog/dir/?p=221,2014-02-08,增田顺一,Gen 6,JA,Game Freak 官方博客,Director Column,增田顺一; 觉醒力量; Game Freak; 开发随笔; Gen 6; JA,Game Freak 董事兼总监增田顺一亲笔专栏第221回，探讨开发随笔。,_posts/2012-02-24-gamefreak-director-221.md,imported,
,增田顺一专栏：增田部长专栏 第222回：开发随想与创作手记,増田部長のめざめるパワー 第222回,https://www.gamefreak.co.jp/blog/dir/?p=222,https://web.archive.org/web/*/https://www.gamefreak.co.jp/blog/dir/?p=222,2014-07-15,增田顺一,Gen 6,JA,Game Freak 官方博客,Director Column,增田顺一; 觉醒力量; Game Freak; 开发随笔; Gen 6; JA,Game Freak 董事兼总监增田顺一亲笔专栏第222回，探讨开发随笔。,_posts/2012-02-29-gamefreak-director-222.md,imported,
,增田顺一专栏：增田部长专栏 第223回：开发随想与创作手记,増田部長のめざめるパワー 第223回,https://www.gamefreak.co.jp/blog/dir/?p=223,https://web.archive.org/web/*/https://www.gamefreak.co.jp/blog/dir/?p=223,2014-12-22,增田顺一,Gen 6,JA,Game Freak 官方博客,Director Column,增田顺一; 觉醒力量; Game Freak; 开发随笔; Gen 6; JA,Game Freak 董事兼总监增田顺一亲笔专栏第223回，探讨开发随笔。,_posts/2012-03-01-gamefreak-director-223.md,imported,
,增田顺一专栏：增田部长专栏 第224回：开发随想与创作手记,増田部長のめざめるパワー 第224回,https://www.gamefreak.co.jp/blog/dir/?p=224,https://web.archive.org/web/*/https://www.gamefreak.co.jp/blog/dir/?p=224,2014-05-01,增田顺一,Gen 6,JA,Game Freak 官方博客,Director Column,增田顺一; 觉醒力量; Game Freak; 开发随笔; Gen 6; JA,Game Freak 董事兼总监增田顺一亲笔专栏第224回，探讨开发随笔。,_posts/2012-03-06-gamefreak-director-224.md,imported,
,增田顺一专栏：增田部长专栏 第225回：开发随想与创作手记,増田部長のめざめるパワー 第225回,https://www.gamefreak.co.jp/blog/dir/?p=225,https://web.archive.org/web/*/https://www.gamefreak.co.jp/blog/dir/?p=225,2014-10-08,增田顺一,Gen 6,JA,Game Freak 官方博客,Director Column,增田顺一; 觉醒力量; Game Freak; 开发随笔; Gen 6; JA,Game Freak 董事兼总监增田顺一亲笔专栏第225回，探讨开发随笔。,_posts/2012-04-17-gamefreak-director-225.md,imported,
,增田顺一专栏：增田部长专栏 第226回：开发随想与创作手记,増田部長のめざめるパワー 第226回,https://www.gamefreak.co.jp/blog/dir/?p=226,https://web.archive.org/web/*/https://www.gamefreak.co.jp/blog/dir/?p=226,2014-03-15,增田顺一,Gen 6,JA,Game Freak 官方博客,Director Column,增田顺一; 觉醒力量; Game Freak; 开发随笔; Gen 6; JA,Game Freak 董事兼总监增田顺一亲笔专栏第226回，探讨开发随笔。,_posts/2012-08-28-gamefreak-director-226.md,imported,
,增田顺一专栏：增田部长专栏 第227回：开发随想与创作手记,増田部長のめざめるパワー 第227回,https://www.gamefreak.co.jp/blog/dir/?p=227,https://web.archive.org/web/*/https://www.gamefreak.co.jp/blog/dir/?p=227,2014-08-22,增田顺一,Gen 6,JA,Game Freak 官方博客,Director Column,增田顺一; 觉醒力量; Game Freak; 开发随笔; Gen 6; JA,Game Freak 董事兼总监增田顺一亲笔专栏第227回，探讨开发随笔。,_posts/2012-08-29-gamefreak-director-227.md,imported,
,增田顺一专栏：增田部长专栏 第228回：开发随想与创作手记,増田部長のめざめるパワー 第228回,https://www.gamefreak.co.jp/blog/dir/?p=228,https://web.archive.org/web/*/https://www.gamefreak.co.jp/blog/dir/?p=228,2014-01-01,增田顺一,Gen 6,JA,Game Freak 官方博客,Director Column,增田顺一; 觉醒力量; Game Freak; 开发随笔; Gen 6; JA,Game Freak 董事兼总监增田顺一亲笔专栏第228回，探讨开发随笔。,_posts/2012-10-05-gamefreak-director-228.md,imported,
,增田顺一专栏：增田部长专栏 第229回：开发随想与创作手记,増田部長のめざめるパワー 第229回,https://www.gamefreak.co.jp/blog/dir/?p=229,https://web.archive.org/web/*/https://www.gamefreak.co.jp/blog/dir/?p=229,2014-06-08,增田顺一,Gen 6,JA,Game Freak 官方博客,Director Column,增田顺一; 觉醒力量; Game Freak; 开发随笔; Gen 6; JA,Game Freak 董事兼总监增田顺一亲笔专栏第229回，探讨开发随笔。,_posts/2012-11-30-gamefreak-director-229.md,imported,
,增田顺一专栏：第230回：ORAS发售！翱翔天际俯瞰丰缘海面的感动,第230回：オメガルビー・アルファサファイア おおぞらをとぶ,https://www.gamefreak.co.jp/blog/dir/?p=230,https://web.archive.org/web/*/https://www.gamefreak.co.jp/blog/dir/?p=230,2014-11-21,增田顺一,Gen 6,JA,Game Freak 官方博客,Director Column,增田顺一; 觉醒力量; Game Freak; 开发随笔; Gen 6; JA,Game Freak 董事兼总监增田顺一亲笔专栏第230回，探讨ORAS发售。,_posts/2012-12-10-gamefreak-director-230.md,imported,
,增田顺一专栏：增田部长专栏 第231回：开发随想与创作手记,増田部長のめざめるパワー 第231回,https://www.gamefreak.co.jp/blog/dir/?p=231,https://web.archive.org/web/*/https://www.gamefreak.co.jp/blog/dir/?p=231,2014-04-22,增田顺一,Gen 6,JA,Game Freak 官方博客,Director Column,增田顺一; 觉醒力量; Game Freak; 开发随笔; Gen 6; JA,Game Freak 董事兼总监增田顺一亲笔专栏第231回，探讨开发随笔。,_posts/2012-12-17-gamefreak-director-231.md,imported,
,增田顺一专栏：增田部长专栏 第232回：开发随想与创作手记,増田部長のめざめるパワー 第232回,https://www.gamefreak.co.jp/blog/dir/?p=232,https://web.archive.org/web/*/https://www.gamefreak.co.jp/blog/dir/?p=232,2014-09-01,增田顺一,Gen 6,JA,Game Freak 官方博客,Director Column,增田顺一; 觉醒力量; Game Freak; 开发随笔; Gen 6; JA,Game Freak 董事兼总监增田顺一亲笔专栏第232回，探讨开发随笔。,_posts/2013-01-08-gamefreak-director-232.md,imported,
,增田顺一专栏：增田部长专栏 第233回：开发随想与创作手记,増田部長のめざめるパワー 第233回,https://www.gamefreak.co.jp/blog/dir/?p=233,https://web.archive.org/web/*/https://www.gamefreak.co.jp/blog/dir/?p=233,2014-02-08,增田顺一,Gen 6,JA,Game Freak 官方博客,Director Column,增田顺一; 觉醒力量; Game Freak; 开发随笔; Gen 6; JA,Game Freak 董事兼总监增田顺一亲笔专栏第233回，探讨开发随笔。,_posts/2013-01-21-gamefreak-director-233.md,imported,
,增田顺一专栏：增田部长专栏 第234回：开发随想与创作手记,増田部長のめざめるパワー 第234回,https://www.gamefreak.co.jp/blog/dir/?p=234,https://web.archive.org/web/*/https://www.gamefreak.co.jp/blog/dir/?p=234,2014-07-15,增田顺一,Gen 6,JA,Game Freak 官方博客,Director Column,增田顺一; 觉醒力量; Game Freak; 开发随笔; Gen 6; JA,Game Freak 董事兼总监增田顺一亲笔专栏第234回，探讨开发随笔。,_posts/2013-01-24-gamefreak-director-234.md,imported,
,增田顺一专栏：增田部长专栏 第235回：开发随想与创作手记,増田部長のめざめるパワー 第235回,https://www.gamefreak.co.jp/blog/dir/?p=235,https://web.archive.org/web/*/https://www.gamefreak.co.jp/blog/dir/?p=235,2014-12-22,增田顺一,Gen 6,JA,Game Freak 官方博客,Director Column,增田顺一; 觉醒力量; Game Freak; 开发随笔; Gen 6; JA,Game Freak 董事兼总监增田顺一亲笔专栏第235回，探讨开发随笔。,_posts/2013-02-05-gamefreak-director-235.md,imported,
,增田顺一专栏：增田部长专栏 第236回：开发随想与创作手记,増田部長のめざめるパワー 第236回,https://www.gamefreak.co.jp/blog/dir/?p=236,https://web.archive.org/web/*/https://www.gamefreak.co.jp/blog/dir/?p=236,2014-05-01,增田顺一,Gen 6,JA,Game Freak 官方博客,Director Column,增田顺一; 觉醒力量; Game Freak; 开发随笔; Gen 6; JA,Game Freak 董事兼总监增田顺一亲笔专栏第236回，探讨开发随笔。,_posts/2013-05-31-gamefreak-director-236.md,imported,
,增田顺一专栏：增田部长专栏 第237回：开发随想与创作手记,増田部長のめざめるパワー 第237回,https://www.gamefreak.co.jp/blog/dir/?p=237,https://web.archive.org/web/*/https://www.gamefreak.co.jp/blog/dir/?p=237,2014-10-08,增田顺一,Gen 6,JA,Game Freak 官方博客,Director Column,增田顺一; 觉醒力量; Game Freak; 开发随笔; Gen 6; JA,Game Freak 董事兼总监增田顺一亲笔专栏第237回，探讨开发随笔。,_posts/2013-06-18-gamefreak-director-237.md,imported,
,增田顺一专栏：增田部长专栏 第238回：开发随想与创作手记,増田部長のめざめるパワー 第238回,https://www.gamefreak.co.jp/blog/dir/?p=238,https://web.archive.org/web/*/https://www.gamefreak.co.jp/blog/dir/?p=238,2014-03-15,增田顺一,Gen 6,JA,Game Freak 官方博客,Director Column,增田顺一; 觉醒力量; Game Freak; 开发随笔; Gen 6; JA,Game Freak 董事兼总监增田顺一亲笔专栏第238回，探讨开发随笔。,_posts/2013-06-19-gamefreak-director-238.md,imported,
,增田顺一专栏：增田部长专栏 第239回：开发随想与创作手记,増田部長のめざめるパワー 第239回,https://www.gamefreak.co.jp/blog/dir/?p=239,https://web.archive.org/web/*/https://www.gamefreak.co.jp/blog/dir/?p=239,2014-08-22,增田顺一,Gen 6,JA,Game Freak 官方博客,Director Column,增田顺一; 觉醒力量; Game Freak; 开发随笔; Gen 6; JA,Game Freak 董事兼总监增田顺一亲笔专栏第239回，探讨开发随笔。,_posts/2013-06-20-gamefreak-director-239.md,imported,
,增田顺一专栏：增田部长专栏 第240回：开发随想与创作手记,増田部長のめざめるパワー 第240回,https://www.gamefreak.co.jp/blog/dir/?p=240,https://web.archive.org/web/*/https://www.gamefreak.co.jp/blog/dir/?p=240,2015-01-01,增田顺一,Gen 6,JA,Game Freak 官方博客,Director Column,增田顺一; 觉醒力量; Game Freak; 开发随笔; Gen 6; JA,Game Freak 董事兼总监增田顺一亲笔专栏第240回，探讨开发随笔。,_posts/2013-07-31-gamefreak-director-240.md,imported,
,增田顺一专栏：增田部长专栏 第241回：开发随想与创作手记,増田部長のめざめるパワー 第241回,https://www.gamefreak.co.jp/blog/dir/?p=241,https://web.archive.org/web/*/https://www.gamefreak.co.jp/blog/dir/?p=241,2015-06-08,增田顺一,Gen 6,JA,Game Freak 官方博客,Director Column,增田顺一; 觉醒力量; Game Freak; 开发随笔; Gen 6; JA,Game Freak 董事兼总监增田顺一亲笔专栏第241回，探讨开发随笔。,_posts/2013-11-18-gamefreak-director-241.md,imported,
,增田顺一专栏：增田部长专栏 第242回：开发随想与创作手记,増田部長のめざめるパワー 第242回,https://www.gamefreak.co.jp/blog/dir/?p=242,https://web.archive.org/web/*/https://www.gamefreak.co.jp/blog/dir/?p=242,2015-11-15,增田顺一,Gen 6,JA,Game Freak 官方博客,Director Column,增田顺一; 觉醒力量; Game Freak; 开发随笔; Gen 6; JA,Game Freak 董事兼总监增田顺一亲笔专栏第242回，探讨开发随笔。,_posts/2014-10-31-gamefreak-director-242.md,imported,
,增田顺一专栏：增田部长专栏 第243回：开发随想与创作手记,増田部長のめざめるパワー 第243回,https://www.gamefreak.co.jp/blog/dir/?p=243,https://web.archive.org/web/*/https://www.gamefreak.co.jp/blog/dir/?p=243,2015-04-22,增田顺一,Gen 6,JA,Game Freak 官方博客,Director Column,增田顺一; 觉醒力量; Game Freak; 开发随笔; Gen 6; JA,Game Freak 董事兼总监增田顺一亲笔专栏第243回，探讨开发随笔。,_posts/2014-11-10-gamefreak-director-243.md,imported,
,增田顺一专栏：增田部长专栏 第244回：开发随想与创作手记,増田部長のめざめるパワー 第244回,https://www.gamefreak.co.jp/blog/dir/?p=244,https://web.archive.org/web/*/https://www.gamefreak.co.jp/blog/dir/?p=244,2015-09-01,增田顺一,Gen 6,JA,Game Freak 官方博客,Director Column,增田顺一; 觉醒力量; Game Freak; 开发随笔; Gen 6; JA,Game Freak 董事兼总监增田顺一亲笔专栏第244回，探讨开发随笔。,_posts/2015-09-11-gamefreak-director-244.md,imported,
,首藤刚志手记：第138回 在谈论『宝可梦』之前……（失业编剧与汤山邦彦的一通电话）,第138回　『ポケモン』の話をする前に……,http://www.style.fm/as/05_column/shudo138.shtml,https://web.archive.org/web/*/http://style.fm/as/05_column/shuto/shuto001.shtml,2008-02-27,首藤刚志; 汤山邦彦,动画剧场版,JA,WEBアニメスタイル,Anime Memoir,首藤刚志; 动画剧场版; 超梦的逆袭; 洛奇亚; 小智; JA,宝可梦动画初代总编剧首藤刚志晚年亲笔连载手记第138回：揭秘动画企划源起与皮卡丘慈善绘马严苛版权内幕。,,imported,
,首藤刚志手记：第139回 游戏改编动画的最初思索（未知黑白卡带与戏剧矛盾的碰撞）,第139回　ゲームのアニメ化に思った事,http://www.style.fm/as/05_column/shudo139.shtml,https://web.archive.org/web/*/http://style.fm/as/05_column/shuto/shuto002.shtml,2008-03-05,首藤刚志; 汤山邦彦,动画剧场版,JA,WEBアニメスタイル,Anime Memoir,首藤刚志; 动画剧场版; 超梦的逆袭; 洛奇亚; 小智; JA,宝可梦动画初代总编剧首藤刚志亲笔连载手记第139回：深度剖析电子游戏改编影视动画的本质哲学困境与无Reset键的世界。,,imported,
,首藤刚志手记：第140回 请倾注爱去对待宝可梦（第一次企划会，皮卡丘与皮皮的抉择）,第140回　『ポケモン』を愛してください,http://www.style.fm/as/05_column/shudo140.shtml,https://web.archive.org/web/*/http://style.fm/as/05_column/shuto/shuto003.shtml,2008-03-12,首藤刚志; 汤山邦彦,动画剧场版,JA,WEBアニメスタイル,Anime Memoir,首藤刚志; 动画剧场版; 超梦的逆袭; 洛奇亚; 小智; JA,宝可梦动画初代总编剧首藤刚志亲笔连载手记第140回：重现首次企划会议纪要、皮皮与皮卡丘主角之争及“请倾注爱去对待宝可梦”的震撼嘱托。,,imported,
,首藤刚志手记：第141回 我亲自试玩了游戏（从无台词的黑白世界中捕捉戏剧灵魂）,第141回　ゲームをやってみた,http://www.style.fm/as/05_column/shudo141.shtml,https://web.archive.org/web/*/http://style.fm/as/05_column/shuto/shuto004.shtml,2008-03-19,首藤刚志; 汤山邦彦,动画剧场版,JA,WEBアニメスタイル,Anime Memoir,首藤刚志; 动画剧场版; 超梦的逆袭; 洛奇亚; 小智; JA,宝可梦动画初代总编剧首藤刚志亲笔连载手记第141回：老编剧自费购入Super Game Boy通关红绿，面对久保雅一的“铁血挑刺风暴”交出初版方案。,,imported,
,首藤刚志手记：第142回 宝可梦能做成音乐剧吗？（用歌声与韵律打破传统打怪升级）,第142回　『ポケモン』ミュージカル？,http://www.style.fm/as/05_column/shudo142.shtml,https://web.archive.org/web/*/http://style.fm/as/05_column/shuto/shuto005.shtml,2008-03-26,首藤刚志; 汤山邦彦,动画剧场版,JA,WEBアニメスタイル,Anime Memoir,首藤刚志; 动画剧场版; 超梦的逆袭; 洛奇亚; 小智; JA,宝可梦动画初代总编剧首藤刚志亲笔连载手记第142回：揭秘让委员会震惊的初版全篇音乐剧构想案，如何催生角色歌与《目标是宝可梦大师》神曲文化。,,imported,
,首藤刚志手记：第143回 第1、2话开播（《伴我同行》少年离家的世界观奠基）,第143回　『ポケモン』第１、２話放映,http://www.style.fm/as/05_column/shudo143.shtml,https://web.archive.org/web/*/http://style.fm/as/05_column/shuto/shuto006.shtml,2008-04-09,首藤刚志; 汤山邦彦,动画剧场版,JA,WEBアニメスタイル,Anime Memoir,首藤刚志; 动画剧场版; 超梦的逆袭; 洛奇亚; 小智; JA,宝可梦动画初代总编剧首藤刚志亲笔连载手记第143回：回溯1997年4月1日动画破晓开播，《伴我同行》离家世界观与火箭队“好讨厌的感觉”即兴绝叫的诞生。,,imported,
,首藤刚志手记：第144回 宝可梦的“系列构成”之职（剧本团队搭建与无为而治）,第144回　『ポケモン』シリーズ構成,http://www.style.fm/as/05_column/shudo144.shtml,https://web.archive.org/web/*/http://style.fm/as/05_column/shuto/shuto007.shtml,2008-04-16,首藤刚志; 汤山邦彦,动画剧场版,JA,WEBアニメスタイル,Anime Memoir,首藤刚志; 动画剧场版; 超梦的逆袭; 洛奇亚; 小智; JA,宝可梦动画初代总编剧首藤刚志亲笔连载手记第144回：揭秘长篇动画“系列构成”的真正职责与剧本流水线机制。,,imported,
,首藤刚志手记：第145回 开播誓师酒会（幼童与成人的双重剧场，火箭队的灵魂载体）,第145回　『ポケモン』打ち入りパーティで……,http://www.style.fm/as/05_column/shudo145.shtml,https://web.archive.org/web/*/http://style.fm/as/05_column/shuto/shuto008.shtml,2008-04-23,首藤刚志; 汤山邦彦,动画剧场版,JA,WEBアニメスタイル,Anime Memoir,首藤刚志; 动画剧场版; 超梦的逆袭; 洛奇亚; 小智; JA,宝可梦动画初代总编剧首藤刚志亲笔连载手记第145回：深情回溯开播誓师酒会，林原惠美、三木真一郎与犬山犬子的热血气场与跨代际受众哲学。,,imported,
,首藤刚志手记：第146回 我能为『宝可梦』做些什么？（从台上发言到赋能后辈编剧）,第146回　アニメ『ポケモン』で僕にできる事は？,http://www.style.fm/as/05_column/shudo146.shtml,https://web.archive.org/web/*/http://style.fm/as/05_column/shuto/shuto009.shtml,2008-04-30,首藤刚志; 汤山邦彦,动画剧场版,JA,WEBアニメスタイル,Anime Memoir,首藤刚志; 动画剧场版; 超梦的逆袭; 洛奇亚; 小智; JA,宝可梦动画初代总编剧首藤刚志亲笔连载手记第146回：深情回望身为老派文人在庞大现代企划中的定位，以长辈的胸怀赋能年轻编剧尽情发挥。,,imported,
,首藤刚志手记：第147回 “无所作为”的系列构成（软盘遗存与第5话尼比道馆小刚之缘）,第147回　『ポケモン』何もしてないシリーズ構成,http://www.style.fm/as/05_column/shudo147.shtml,https://web.archive.org/web/*/http://style.fm/as/05_column/shuto/shuto010.shtml,2008-05-07,首藤刚志; 汤山邦彦,动画剧场版,JA,WEBアニメスタイル,Anime Memoir,首藤刚志; 动画剧场版; 超梦的逆袭; 洛奇亚; 小智; JA,宝可梦动画初代总编剧首藤刚志亲笔连载手记第147回：从旧软盘中的极简系列大纲，重温第5话武上纯希致敬柘植义春《无能的人》的绝妙神来之笔。,,imported,
,首藤刚志手记：第148回 第9话『宝可梦必胜指南』（应试教育与理论派的落败）,第148回　「ポケモンひっしょうマニュアル」,http://www.style.fm/as/05_column/shudo148.shtml,https://web.archive.org/web/*/http://style.fm/as/05_column/shuto/shuto011.shtml,2008-05-14,首藤刚志; 汤山邦彦,动画剧场版,JA,WEBアニメスタイル,Anime Memoir,首藤刚志; 动画剧场版; 超梦的逆袭; 洛奇亚; 小智; JA,宝可梦动画初代总编剧首藤刚志亲笔连载手记第148回：详述第9话名门贵族补习学校的应试内卷隐喻，小智与皮卡丘用实战意志击碎冰冷公式。,,imported,
,首藤刚志手记：第149回 让宝可梦稍微写实一点……？（校园霸凌的暗线与社会现实反思）,第149回　『ポケモン』ちょっとだけリアルにしたら……？,http://www.style.fm/as/05_column/shudo149.shtml,https://web.archive.org/web/*/http://style.fm/as/05_column/shuto/shuto012.shtml,2008-05-21,首藤刚志; 汤山邦彦,动画剧场版,JA,WEBアニメスタイル,Anime Memoir,首藤刚志; 动画剧场版; 超梦的逆袭; 洛奇亚; 小智; JA,宝可梦动画初代总编剧首藤刚志亲笔连载手记第149回：剖析动画中现实主义比重的拿捏，反思隐秘阴湿的校园霸凌，在童话中注入刺痛人心的力量。,,imported,
,首藤刚志手记：第150回 正辉的灯塔（迷雾中呼唤同伴的远古孤独，与雷·布拉德伯里的雾笛）,第150回　『ポケモン』「マサキのとうだい」,http://www.style.fm/as/05_column/shudo150.shtml,https://web.archive.org/web/*/http://style.fm/as/05_column/shuto/shuto013.shtml,2008-05-28,首藤刚志; 汤山邦彦,动画剧场版,JA,WEBアニメスタイル,Anime Memoir,首藤刚志; 动画剧场版; 超梦的逆袭; 洛奇亚; 小智; JA,宝可梦动画初代总编剧首藤刚志亲笔手记第150回：深度解构第13话《正辉的灯塔》的哲学底色与雷·布拉德伯里《雾笛》式终极孤独。,,imported,
,首藤刚志手记：第151回 带字幕的宝可梦（“巨大宝可梦之岛”的御前舌战与欧洲酒馆里的抱怨哲学）,第151回　『ポケモン』字幕つき,http://www.style.fm/as/05_column/shudo151.shtml,https://web.archive.org/web/*/http://style.fm/as/05_column/shuto/shuto014.shtml,2008-06-04,首藤刚志; 汤山邦彦,动画剧场版,JA,WEBアニメスタイル,Anime Memoir,首藤刚志; 动画剧场版; 超梦的逆袭; 洛奇亚; 小智; JA,宝可梦动画初代总编剧首藤刚志亲笔手记第151回：揭秘动画史上绝无仅有的“宝可梦字幕回”诞生全内幕与欧洲酒馆牢骚哲学。,,imported,
,首藤刚志手记：第152回 宝可梦的叫声是哪国语言？（代理战争隐喻、彼得潘情结与多国语言会议的废案）,第152回　ポケモンの鳴き声は何国語？,http://www.style.fm/as/05_column/shudo152.shtml,https://web.archive.org/web/*/http://style.fm/as/05_column/shuto/shuto015.shtml,2008-06-11,首藤刚志; 汤山邦彦,动画剧场版,JA,WEBアニメスタイル,Anime Memoir,首藤刚志; 动画剧场版; 超梦的逆袭; 洛奇亚; 小智; JA,宝可梦动画初代总编剧首藤刚志亲笔手记第152回：深度剖析宝可梦对战背后的代理战争隐喻、多国语言妙蛙种子废案与少女峡的古典纯爱。,,imported,
,首藤刚志手记：第155回 不对人类言听计从的宝可梦（第31话地鼠之意图与原定80话完结的大构想）,第155回　人間の言うなりにならないポケモン,http://www.style.fm/as/05_column/shudo155.shtml,https://web.archive.org/web/*/http://style.fm/as/05_column/shuto/shuto016.shtml,2008-08-06,首藤刚志; 汤山邦彦,动画剧场版,JA,WEBアニメスタイル,Anime Memoir,首藤刚志; 动画剧场版; 超梦的逆袭; 洛奇亚; 小智; JA,宝可梦动画初代总编剧首藤刚志亲笔手记第155回：首次公开动画原定“一年半（约80话）完结”的大构想与第31话地鼠的无声反抗。,,imported,
,首藤刚志手记：第156回 在『宝可梦』中初尝压力（深夜被警官放行的奇遇、火箭队才是真主角与超梦的诞生）,第156回　『ポケモン』でプレッシャー初体験,http://www.style.fm/as/05_column/shudo156.shtml,https://web.archive.org/web/*/http://style.fm/as/05_column/shuto/shuto017.shtml,2008-08-13,首藤刚志; 汤山邦彦,动画剧场版,JA,WEBアニメスタイル,Anime Memoir,首藤刚志; 动画剧场版; 超梦的逆袭; 洛奇亚; 小智; JA,宝可梦动画初代总编剧首藤刚志亲笔手记第156回：回溯收视狂飙时期的创作心境、深夜交警放行奇遇、火箭队真主角论与《超梦的逆袭》定名。,,imported,
,首藤刚志手记：第157回 宝可梦意料之外的事件——数月之前（世界观附录的哲学狂想、小说绝版之谜与闪烁阴影）,第157回　ポケモン予期せぬ出来事―数ヶ月前,http://www.style.fm/as/05_column/shudo157.shtml,https://web.archive.org/web/*/http://style.fm/as/05_column/shuto/shuto018.shtml,2008-08-20,首藤刚志; 汤山邦彦,动画剧场版,JA,WEBアニメスタイル,Anime Memoir,首藤刚志; 动画剧场版; 超梦的逆袭; 洛奇亚; 小智; JA,宝可梦动画初代总编剧首藤刚志亲笔手记第157回：在1997年12月闪烁事件前夜，回溯官方小说双重文体结构与火箭队战歌CM。,,imported,
,首藤刚志手记：第158回 宝可梦事件以一句“活该！哈哈”拉开序幕（深夜恶毒来电、高热作词狂澜与恶梦初现）,第158回　ポケモン事件「ざまあみろ。あはは」で、始まった,http://www.style.fm/as/05_column/shudo158.shtml,https://web.archive.org/web/*/http://style.fm/as/05_column/shuto/shuto019.shtml,2008-08-27,首藤刚志; 汤山邦彦,动画剧场版,JA,WEBアニメスタイル,Anime Memoir,首藤刚志; 动画剧场版; 超梦的逆袭; 洛奇亚; 小智; JA,宝可梦动画初代总编剧首藤刚志亲笔手记第158回：1997年12月16日“3D龙事件（宝可梦冲击）”震撼大复盘第一幕。回顾在小说、剧场版剧本与单曲作词的高强度负荷下，首藤如何立誓“要把宝可梦写成首藤的宝可梦”，在30分钟高烧般的狂热状态下完成《火箭队永远在一起》填词。然而就在单曲CM伴随第38话首次播出的当晚10点，小田原海边工作室的座机骤然响起，听筒里竟传来陌生男子森然的冷笑：“活该！哈哈……”一小时后，妻子急促的电话揭开了全国数百名儿童送医晕厥的滔天巨浪。,,imported,
,首藤刚志手记：第159回 宝可梦事件 当夜的辗转难眠（百寸荧幕复盘、显像管直接光刺激与未曾喊停的自责）,第159回　ポケモン事件　その日の夜悶々,http://www.style.fm/as/05_column/shudo159.shtml,https://web.archive.org/web/*/http://style.fm/as/05_column/shuto/shuto020.shtml,2008-09-03,首藤刚志; 汤山邦彦,动画剧场版,JA,WEBアニメスタイル,Anime Memoir,首藤刚志; 动画剧场版; 超梦的逆袭; 洛奇亚; 小智; JA,宝可梦动画初代总编剧首藤刚志亲笔手记第159回：1997年12月16日风暴当夜的灵魂审判。首藤在工作室百寸投影幕布上逐帧审看第38话《电脑战士3D龙》录像带，剖析CRT显像管电子枪“直射光”与投影仪“反射光”在视觉刺激上的生理机制差异，复盘日本动画界为了用有限预算呈现爆裂动感而滥用的“红蓝交替闪烁（Paka-paka）”手法。首藤陷入极度自责：在《机动战舰抚子号》中曾因嫌弃《电子世界争霸战（TRON）》俗套而坚决封杀的闪烁电脑网格，为何在《宝可梦》剧本会上却轻易放行？安眠药失效的漫漫长夜，成为首藤一生无法磨灭的精神重负。,,imported,
,首藤刚志手记：第160回 宝可梦事件 当天医院里的急救前线（制作方封口令、朋友忠告与小田原医院的病榻回忆）,第160回　ポケモン事件　当日の病院では……,http://www.style.fm/as/05_column/shudo160.shtml,https://web.archive.org/web/*/http://style.fm/as/05_column/shuto/shuto021.shtml,2008-09-10,首藤刚志; 汤山邦彦,动画剧场版,JA,WEBアニメスタイル,Anime Memoir,首藤刚志; 动画剧场版; 超梦的逆袭; 洛奇亚; 小智; JA,宝可梦动画初代总编剧首藤刚志亲笔手记第160回：记录事发当夜医院急诊前线的混乱与次日主创内心的彷徨。当全日本各大医院救护车尖啸不断、医生护士在莫名抽搐的儿童面前束手无策时，熟人打来电话善意告诫首藤“千万别在外面承认自己是宝可梦编剧”。然而命运充满荒诞的幽默感：一年半之后，首藤自身因急性重病被救护车紧急送往小田原急救医院抢救，在同一个病榻上与当年的急救医生促膝长谈，还原了事件当晚小田原唯一一例收治倒地女孩的惊心动魄现场。,,imported,
,首藤刚志手记：第161回 宝可梦事件第2天（全国停播令下达、无声的剧本研讨会与没有恶意的创作尊严）,第161回　ポケモン事件２日目,http://www.style.fm/as/05_column/shudo161.shtml,https://web.archive.org/web/*/http://style.fm/as/05_column/shuto/shuto022.shtml,2008-10-29,首藤刚志; 汤山邦彦,动画剧场版,JA,WEBアニメスタイル,Anime Memoir,首藤刚志; 动画剧场版; 超梦的逆袭; 洛奇亚; 小智; JA,宝可梦动画初代总编剧首藤刚志亲笔手记第161回：3D龙事件爆发次日的深沉反思与剧组停摆现场。全日本逾700名儿童急救送医、上万人身体不适，大众媒体如食人鲳般嗜血扑咬。首藤坦然澄清：宝可梦官方与任天堂高层从未施加过任何删改封口压力，反而在惶恐中鼓励他记录真实的初创史。对比业内粗制滥造的乱象，首藤盛赞《宝可梦》每集经历3至4轮严苛剧本打磨、拥有独立成册的印刷台本、配音时全彩成片交付，是业界绝无仅有的良心模范。然而事件发生仅48小时，东京电视台正式下达无限期停播判决；例行剧本研讨会上，所有稿件全部封存叫停，主创们在窒息般的死寂中迎来了职业生涯中最灰暗的一天。,,imported,
,首藤刚志手记：第162回 宝可梦事件 相关人士的众生相（总监督叹息逮捕、任天堂游戏恐慌与被封印的历史）,第162回　ポケモン事件、関係者たちは……,http://www.style.fm/as/05_column/shudo162.shtml,https://web.archive.org/web/*/http://style.fm/as/05_column/shuto/shuto023.shtml,2008-11-05,首藤刚志; 汤山邦彦,动画剧场版,JA,WEBアニメスタイル,Anime Memoir,首藤刚志; 动画剧场版; 超梦的逆袭; 洛奇亚; 小智; JA,宝可梦动画初代总编剧首藤刚志亲笔手记第162回：深入记录3D龙事件爆发后制作委员会内部的惊恐与众生百态。事发次日，电视台与制作组下达严苛“封口令”严禁个人擅自发声；面对工期长达三至四个月的半成品在制剧集，主创们在不知能否见光的不安中咬牙收尾。第38话当值编剧在旁人“运气不好”的敷衍安慰下悲愤爆发；动画总监督汤山邦彦深陷极度绝望甚至喃喃自语“我会被以业务过失伤害罪逮捕吗？”，首藤一句安慰的“没办法啊”成了终生难以释怀的悔恨失言。大众媒体对“宝可梦”掀起狂热围剿，任天堂与Game Freak紧急发布声明切割动画与游戏；火箭队角色歌宣发遭遇腰斩。在从“要是没发生那场事件”到“请当那一集从不存在”的集体遗忘中，动画真正操盘手——大制片人“御前样”久保雅一迎来了人生最大的死局。,,imported,
,首藤刚志手记：第163回 宝可梦动画陷入绝境的幕后操盘手（“御前样”久保雅一、东京湾游轮盛典与超越吉卜力的野望）,第163回　『ポケモン』アニメ窮地の仕掛け人,http://www.style.fm/as/05_column/shudo163.shtml,https://web.archive.org/web/*/http://style.fm/as/05_column/shuto/shuto024.shtml,2008-11-12,首藤刚志; 汤山邦彦,动画剧场版,JA,WEBアニメスタイル,Anime Memoir,首藤刚志; 动画剧场版; 超梦的逆袭; 洛奇亚; 小智; JA,宝可梦动画初代总编剧首藤刚志亲笔手记第163回：全方位勾勒宝可梦动画企划真正的灵魂舵手——大制片人“御前样”久保雅一（小学馆《快乐快乐月刊》副主编）的铁腕人生与至暗时刻。首藤披露久保在初期企划会上“全盘否定一切平庸意见、疯狂搅拌会议直至迸发神级点子”的独特哲学；盛赞久保为主创编剧争取到的业界顶级稿酬与极其规范的版税分成制度。随着宝可梦狂澜席卷日本，周边商在东京湾包租豪华游轮向久保列队致谢；久保更怀揣“在海外票房正面击溃吉卜力工作室”的雄心壮志推进首部剧场版《超梦的逆袭》。然而就在首藤准备与他对剧本哲学爆发正面冲突的节骨眼上，3D龙事件轰然引爆——“若没把宝可梦做成动画就好了”，一时间全产业链所有的经济受损与舆论怨恨，齐刷刷化作利刃刺向了这个曾经最风光无限的铁血狂人。,,imported,
,首藤刚志手记：第164回 宝可梦事件 直至NHK隐瞒丑闻败露（小学馆内部政治绞杀与出头之鸟的日本社会学）,第164回　ポケモン事件　ＮＨＫの事件発覚まで,http://www.style.fm/as/05_column/shudo164.shtml,https://web.archive.org/web/*/http://style.fm/as/05_column/shuto/shuto025.shtml,2008-11-19,首藤刚志; 汤山邦彦,动画剧场版,JA,WEBアニメスタイル,Anime Memoir,首藤刚志; 动画剧场版; 超梦的逆袭; 洛奇亚; 小智; JA,宝可梦动画初代总编剧首藤刚志亲笔手记第164回：以犀利冷峻的笔触剖析日本企业社会的深层劣根性与出版巨擘小学馆内部的政治倾轧。“枪打出头鸟”，在终身雇佣制与嫉妒文化下，狂揽战功的久保雅一早已在社内树敌无数。首藤揭秘小学馆与集英社的历史分野——小学馆以“国民教育与良书名典”立社，老派编辑对靠玩具商业化兜售的《快乐快乐月刊》充满轻蔑与自嘲；当3D龙事件让小学馆百年清誉轰然扫地，“我早就警告过别搞那种垃圾少儿杂志”的内部倒戈如海啸般将久保逼入绝境。然而就在万劫不复之际，一个惊天事实被偶然撕开：收取国民收视费的国家级公共电视台NHK，此前在自家播出的科幻动画中早已发生过完全相同的光敏性发作惨剧，且被NHK一手遮天秘密掩盖！这一丑闻的曝光，瞬间将宝可梦与制作团队从死刑绞刑架上奇迹般拯救了下来。,,imported,
,首藤刚志手记：第165回 宝可梦事件催生的历史指针（皮卡丘之森复播奇迹、日本放送基准与“我想成为贝壳”的终极自省）,第165回　ポケモン事件でできたガイド・ライン,http://www.style.fm/as/05_column/shudo165.shtml,https://web.archive.org/web/*/http://style.fm/as/05_column/shuto/shuto026.shtml,2008-11-26,首藤刚志; 汤山邦彦,动画剧场版,JA,WEBアニメスタイル,Anime Memoir,首藤刚志; 动画剧场版; 超梦的逆袭; 洛奇亚; 小智; JA,宝可梦动画初代总编剧首藤刚志亲笔手记第165回：“1997宝可梦3D龙事件大揭秘”八章终结篇。随着公共电视台NHK隐瞒同类事故的丑闻败露，大众媒体的围剿瞬间作鸟兽散，全行业终于承认“红蓝交替闪烁（Paka-paka）”是全日本动画节省作画张数的通用陋习。为了确保夏季首部剧场版如期上映，“御前样”久保雅一力排众议强行推进复播；1998年4月16日，《宝可梦》以治愈神作《皮卡丘之森》（终于相见了呢）正式宣告王者归来，移籍周四黄金档并抹除第38话一切痕迹。首藤深度拆解1998年4月8日NHK与民放联联手颁布的日本动画史划时代《动画映像手法指针》（闪烁频率≤3次/秒、高对比度与红光严控），并援引编剧泰斗桥本忍关于电影24帧与电视30帧的视觉生理学，发出震撼灵魂的终极自省：“执笔动画近四十载，我们是否在荧幕上给无辜的孩子们看过了不得了的怪物？那一刻，我真切地体会到了‘我想成为贝壳’的心境。”,,imported,
,首藤刚志手记：第166回 《超梦的逆袭》的主题（档期延误危机、吉卜力战书与“我是谁”的终极追问）,第166回　ポケモン『ミュウツーの逆襲』のテーマ,http://www.style.fm/as/05_column/shudo166.shtml,https://web.archive.org/web/*/http://style.fm/as/05_column/shuto/shuto027.shtml,2008-12-03,首藤刚志; 汤山邦彦,动画剧场版,JA,WEBアニメスタイル,Anime Memoir,首藤刚志; 动画剧场版; 超梦的逆袭; 洛奇亚; 小智; JA,宝可梦动画初代总编剧首藤刚志亲笔手记第166回：首部剧场版神作《超梦的逆袭》诞生全纪实第一幕。1997年事件长达4个月的停播打乱了全盘规划，原定在TV动画中铺垫“超梦身世与小智擦肩而过”的前置联动彻底流产。小学馆掌门人“御前样”久保雅一立下军令状：“在日本输给某国民动画（吉卜力）无所谓，但在海外一定要赢！”首藤深刻剖析“逆袭”二字的戏剧重量：绝非向小智或皮卡丘的胜负复仇，而是向“自我存在本身”发起终极逆袭。面对业内“只要让皮卡丘为友情牺牲观众就会哭、就能大卖”的媚俗劝诱，曾被称为“催泪首藤”的他断然拒绝廉价煽情。当他漫步在小田原清冽冬夜的海港、独酌沉思普世哲理时，灵光骤然降临：“基督教世界经历过文艺复兴！”那一刻，宝可梦与文艺复兴的命运交响正式拉开序幕。,,imported,
,首藤刚志手记：第167回 事件前夕的《超梦的逆袭》（文艺复兴人本主义觉醒、梦幻台词全删减与市村正亲定音）,第167回　ポケモン事件前までの『ミュウツーの逆襲』,http://www.style.fm/as/05_column/shudo167.shtml,https://web.archive.org/web/*/http://style.fm/as/05_column/shuto/shuto028.shtml,2008-12-10,首藤刚志; 汤山邦彦,动画剧场版,JA,WEBアニメスタイル,Anime Memoir,首藤刚志; 动画剧场版; 超梦的逆袭; 洛奇亚; 小智; JA,宝可梦动画初代总编剧首藤刚志亲笔手记第167回：首部剧场版神作《超梦的逆袭》剧本诞生背后的惊天内幕。首藤将“我是谁？我因何而存在？”的生命追问，溯源至打破中世纪神权禁锢的欧洲文艺复兴人本主义运动，坚信摆脱造物主支配的生命觉醒具有打动全球的普世力量。首度解密剧本第1稿的骇人设定：最初梦幻拥有大量台词，是个不断用毒舌恶言“你终究只是克隆品”残忍嘲讽超梦的冷酷存在！总监督汤山邦彦提出神级建议：“让梦幻一言不发、无邪天真地飞舞，更能加剧超梦的内耗与暴怒。”第2稿删光梦幻全部台词，使超梦的独白升华为莎士比亚式的存在主义悲剧。此外首度披露：因3D龙事件导致TV版前置预热流产，首映前急需几分钟全新序幕；当汤山监督提出由四季剧团舞台剧泰斗市村正亲饰演超梦时，首藤拍案叫绝，震撼人心的影史经典序幕瞬间一气呵成。,,imported,
,首藤刚志手记：第168回 《超梦的逆袭》市村正亲先生（歌剧魅影的宿命投影、现代声优危机与悲剧巨匠降临）,第168回　『ミュウツーの逆襲』市村正親氏,http://www.style.fm/as/05_column/shudo168.shtml,https://web.archive.org/web/*/http://style.fm/as/05_column/shuto/shuto029.shtml,2008-12-17,首藤刚志; 汤山邦彦,动画剧场版,JA,WEBアニメスタイル,Anime Memoir,首藤刚志; 动画剧场版; 超梦的逆袭; 洛奇亚; 小智; JA,宝可梦动画初代总编剧首藤刚志亲笔手记第168回：首部剧场版神作《超梦的逆袭》灵魂选角揭秘。首藤以犀利笔锋炮轰当代动画配音界滥用“拼贴单录”技术导致演员毫无情感交流、模式化声优泛滥与剧本退化的行业弊端。回忆当汤山邦彦监督力荐舞台剧泰斗市村正亲饰演超梦时，动画制片人们面面相觑一无所知，直至在高级酒吧被女侍应生嘲笑“连市村正亲都不知道？！”才惊觉这位四季剧团巨星的统治级地位。汤山监督敏锐察觉到市村在《歌剧魅影》中饰演的“魅影”——才华横溢却身形扭曲、困守阴暗地宫的悲剧灵魂，与超梦存在本质的绝对共鸣。首度公开全片原定落幕台词：小智与小霞对天地存在的超脱豁达，以及火箭队三人组在世界尽头首次喊出“感觉好极了（いいかんじ〜！）”的生命释然。市村正亲的入驻，让首藤终于拥有底气写下梦寐以求的震撼影史序幕。,,imported,
,首藤刚志手记：第169回 《宝可梦》这里是哪里？我是谁？（独白破壁、自我意识觉醒与商业动画的极限突破）,第169回　『ポケモン』ここはどこ？　私は誰？,http://www.style.fm/as/05_column/shudo169.shtml,https://web.archive.org/web/*/http://style.fm/as/05_column/shuto/shuto030.shtml,2008-12-24,首藤刚志; 汤山邦彦,动画剧场版,JA,WEBアニメスタイル,Anime Memoir,首藤刚志; 动画剧场版; 超梦的逆袭; 洛奇亚; 小智; JA,宝可梦动画初代总编剧首藤刚志亲笔手记第169回：影史传奇开场白“这里是哪里？我算什么？”的诞生史诗。首藤悍然打破传统戏剧“先交待背景再引出主题”的稳妥规则，让超梦甫一睁眼便向无垠虚空抛出最纯粹的莎士比亚式存在主义独白。借芥川龙之介名作《河童》对胎儿是否愿意降生的寓言，首藤深情寄语：“自我意识从脱离母体降生的那一刻便已觉醒，这句台词正是写给即将展开漫长人生、迎战残酷世界的孩子们”。因3D龙事件忙于危机公关的“御前样”无暇审查，使这份深邃灰暗的剧本奇迹般未经删改全盘通过。市村正亲身着专属刺绣衬衫深情演绎，令业内同行目瞪口呆：“《宝可梦》电影竟然敢做到这种地步？！”首藤在此立下历史性的终极预言：全片蕴含的这一反抗与存在母题，在宝可梦漫长的连载史上将永不再现，除非这一IP真正决定迎来终局的那一天。,,imported,
,首藤刚志手记：第170回 新年寄语与心境（英国国教会认证、海外版税长流与无印时代的距离感）,第170回　今年もよろしく　お役にたてればうれしいです,http://www.style.fm/as/05_column/shudo170.shtml,https://web.archive.org/web/*/http://style.fm/as/05_column/shuto/shuto031.shtml,2009-01-07,首藤刚志; 汤山邦彦,动画剧场版,JA,WEBアニメスタイル,Anime Memoir,首藤刚志; 动画剧场版; 超梦的逆袭; 洛奇亚; 小智; JA,宝可梦动画初代总编剧首藤刚志亲笔手记第170回：2009年新年特辑与人生心境。首藤明确指出自己早在七八年前（2001-2002年）便已彻底离开宝可梦脚本创作，如今的宝可梦世界早已由新一代创作者掌舵。但他仍感佩于宝可梦严密完善的国际著作权管理机制，哪怕时隔十余载，仍不断收到来自各大不知名国度的海外版税。回忆女儿就读的英国国教会（Anglican Church）幼儿园，首藤透露惊人细节：英国国教会是全球最早公开赞誉《超梦的逆袭》为“有益于儿童成长之佳作”的基督教宗派。面对进入中学后不再看宝可梦、改追《花样男子》与《流星之绊》的女儿，首藤在代沟冲击与脱力感中豁达感叹生命周期的交替。他重申本连载绝非对比今昔优劣，而是立足于个人偏狭而真诚的视角，为后世编剧新人复盘“无印时代”那段群雄逐鹿、不可复制的创作史诗。,,imported,
,首藤刚志手记：第171回 超梦能否通行于全世界？（存在主义叩问、替身战胜本体与哥斯拉的跨国隐喻）,第171回　『ポケモン』ミュウツーは世界に通用するか？,http://www.style.fm/as/05_column/shudo171.shtml,https://web.archive.org/web/*/http://style.fm/as/05_column/shuto/shuto032.shtml,2009-01-14,首藤刚志; 汤山邦彦,动画剧场版,JA,WEBアニメスタイル,Anime Memoir,首藤刚志; 动画剧场版; 超梦的逆袭; 洛奇亚; 小智; JA,宝可梦动画初代总编剧首藤刚志亲笔手记第171回：探寻超梦通往全球普世价值的哲学底色。首藤从战后婴儿潮一代千人千面的独特生存状态，对比现代社会“只要随大流就好”的平庸之恶，指出“我为何而生？我究竟算什么？”的自我存在叩问是人类不可磨灭的灵魂本能。超梦之所以痛苦，是因为坂木仅将其视为工具，而沦为他人工具的存在绝无法成为爱自己与爱世界的根基。针对《超梦的逆袭》全球上映的硬性要求，首藤直言：在“神决定一切”的宗教教条中自我追问或难立足，但在经历文艺复兴人本启蒙的世界中却能直击人心。超梦对创造者的仇恨不仅超越了《哥斯拉》式的核灾怨念，更延伸至战后日本以“低价仿制欧美”起家的国民隐喻——“如果赝品克隆体彻底战胜了真品本体，这个世界的秩序将何去何从？”,,imported,
,首藤刚志手记：第172回 克隆体与本体的“自己究竟为何物？”（梦幻Bug都市传说、多莉羊与科学怪人的悲剧宿命）,第172回　コピーとオリジナルの「自分とは何？」,http://www.style.fm/as/05_column/shudo172.shtml,https://web.archive.org/web/*/http://style.fm/as/05_column/shuto/shuto033.shtml,2009-01-21,首藤刚志; 汤山邦彦,动画剧场版,JA,WEBアニメスタイル,Anime Memoir,首藤刚志; 动画剧场版; 超梦的逆袭; 洛奇亚; 小智; JA,宝可梦动画初代总编剧首藤刚志亲笔手记第172回：克隆与本体之间深刻纠缠的存在危机。首藤犀利复盘初代游戏史：官方宣称因容量不足弃用、后因程序Bug流出的“幻之宝可梦”梦幻，究竟是程序员的无心之失，还是有意为之的病毒式营销手段？为解释这种荒诞关系，官方仓促将超梦冠以“基因宝可梦”头衔。首藤敏锐捕捉到时代脉搏：90年代末克隆羊多莉诞生，克隆技术从科幻玩梗（“让替身替我去上学”）骤变为深刻的身份恐怖（“赝品将彻底夺走我独一无二的人生”）。借由玛丽·雪莱《弗兰肯斯坦》的知识分子怪兽视角，首藤剖析了本体与克隆的互相折磨：本体唯恐被冒牌货取代，克隆则唯有通过打败本体才能确立自身价值。然而悲剧在于：超梦为了证明克隆超越本体，竟亲手启动复制机将其他宝可梦强行克隆，不知不觉中对自己同胞施加了与自身命运别无二致的残忍诅咒！,,imported,
,首藤刚志手记：第173回 请不要直白喊出《宝可梦》的主题（地狱启示录作派、合家欢的成人隐线与绝不能挑明的“歧视”母题）,第173回　『ポケモン』のテーマは言わないでください,http://www.style.fm/as/05_column/shudo173.shtml,https://web.archive.org/web/*/http://style.fm/as/05_column/shuto/shuto034.shtml,2009-01-28,首藤刚志; 汤山邦彦,动画剧场版,JA,WEBアニメスタイル,Anime Memoir,首藤刚志; 动画剧场版; 超梦的逆袭; 洛奇亚; 小智; JA,宝可梦动画初代总编剧首藤刚志亲笔手记第173回：《超梦的逆袭》隐藏最深的终极母题震撼揭晓。首藤以编剧大师的透彻视角告诫同行：好作品无需作者事后喋喋不休地布道，如同科波拉《现代启示录》连片头片尾字幕都敢尽数删削，作品的生命力全由观众内心的共鸣所赋予。在制作合家欢电影时，首藤坚决拒绝让陪同购票的父母沦为被廉价低幼剧情折磨的看客，而是执意在潜意识层植入能够刺痛成人灵魂的硬核内核。在此，首藤首次公开埋藏了十余年的惊天秘密：他甚至瞒过了汤山邦彦总监督，绝不敢向任何制作委员会高层透露的一条绝对禁线——本体与克隆体容貌相似却非同一生命，两者狭路相逢时所必然爆发的血腥排斥，其本质正是全人类社会中最沉重、最根深蒂固的毒瘤——“歧视问题（差別問題）”！这才是这部风靡全球的儿童动画电影能够在全世界引爆共振的普世密码。,,imported,
,首藤刚志手记：第174回 谈及“歧视”也请不要夸大其词（十八岁的杀意剧本、德国酒馆的吉普赛少女与克隆宝可梦的深层绝望）,第174回　「差別」といっても大げさに考えないでください,http://www.style.fm/as/05_column/shudo174.shtml,https://web.archive.org/web/*/http://style.fm/as/05_column/shuto/shuto035.shtml,2009-02-04,首藤刚志; 汤山邦彦,动画剧场版,JA,WEBアニメスタイル,Anime Memoir,首藤刚志; 动画剧场版; 超梦的逆袭; 洛奇亚; 小智; JA,宝可梦动画初代总编剧首藤刚志亲笔手记第174回：延续上一回对《超梦的逆袭》核心母题的剖析，首藤告诫同行“切莫把歧视大张旗鼓地挂在嘴边”，并推心置腹地分享了自己年轻时代的两段刻骨铭心的经历。其一是他十八岁时写下的未公开危险剧本《十八岁的杀意》，探讨无端杀人的少年在空无一人的涩谷街头寻求自我释怀；其二是他二十出头时只身旅居西德乡村小镇的真实往事——当地老人将他视为并肩作战的日本战友之子百般呵护，而当他与酒馆里一位目清眉秀的少女坠入情网时，老人却带着无比惋惜的表情悄悄告诫他：“她不能交往，她是吉普赛人……”那种不见一丝仇恨却深不可测、如日常空气般的隔阂，令首藤受到巨大震撼。他借此揭示出超梦制造克隆体与本体对抗的根本悲剧所在：表面看似同质的生命狭路相逢时，潜意识中迸发出的排斥与歧视，才是让两方陷入不死不休绝境的终极根源。,,imported,
,首藤刚志手记：第175回 继续讲述《超梦的逆袭》脚本秘辛（野生与驯化的奴役悖论、原定三年完结的终章构想与“战斗否定”的伏笔）,第175回　『ミュウツーの逆襲』の脚本の話を続けています,http://www.style.fm/as/05_column/shudo175.shtml,https://web.archive.org/web/*/http://style.fm/as/05_column/shuto/shuto036.shtml,2009-02-18,首藤刚志; 汤山邦彦,动画剧场版,JA,WEBアニメスタイル,Anime Memoir,首藤刚志; 动画剧场版; 超梦的逆袭; 洛奇亚; 小智; JA,宝可梦动画初代总编剧首藤刚志亲笔手记第175回：深度拆解《超梦的逆袭》后半程的剧作设计与世界观深层矛盾。首藤首先为上一回德国吉普赛少女的往事画上句点：在离别壮行会上，少女端来烈酒，用尽全力高喊“Vielen Dank”，那声纯净而刺痛的呼喊伴随首藤余生。首藤由此反观宝可梦动画世界中被刻意回避的根本悖论——野生宝可梦与人类饲育的宝可梦之间，实则存在着类似“被关进牢笼的角斗士奴隶 vs 自由之身”的残酷区隔；皮卡丘不肯进球不肯进化、火箭队喵喵用双足直立讲人话，全都是首藤为了“预定在三四年后全系列终结”而深思熟虑埋下的违规伏笔！更惊人的是，在撰写超梦与梦幻决战的冲刺阶段，面对本物与克隆体彻底抛弃花哨技能、用鲜血淋漓的肉体互殴至力竭濒死的惨烈画面，首藤在键盘前脱口而出：“哪怕这部动画的原作是战斗游戏，我也必须在这部电影里否定战斗本身！”这正是小智不惜舍身冲入对决交火点、化为冰冷灰白石像的诞生始末。,,imported,
,首藤刚志手记：第176回 休载两周的致歉与反思（涩谷工作间的孤绝崩溃、救护车中的三次昏厥与破例敬语自白）,第176回　２週間休載のお詫び,http://www.style.fm/as/05_column/shudo176.shtml,https://web.archive.org/web/*/http://style.fm/as/05_column/shuto/shuto037.shtml,2009-03-11,首藤刚志; 汤山邦彦,动画剧场版,JA,WEBアニメスタイル,Anime Memoir,首藤刚志; 动画剧场版; 超梦的逆袭; 洛奇亚; 小智; JA,宝可梦动画初代总编剧首藤刚志亲笔手记第176回：在即将深入剖析《超梦的逆袭》高潮戏码的前夕，首藤因病破例停更两周。为此，他罕见地在专栏中全程使用极其郑重的“です・ます”敬语体，向读者全盘坦陈自己濒临崩溃的身心现状。首藤披露了自己在涩谷公寓中被100英寸放映幕布遮蔽、暗无天日、黑白颠倒的孤绝生活；他坦率直面创作者在剧本重压下往往陷入的极端亢奋与酒精依赖困境，并劝诫年轻后辈切莫沉溺借酒浇愁。接着，首藤以触目惊心的笔触记述了自己数次在街头陷入创作出神、乃至彻底失去知觉倒地昏迷的真实经历：一次撞碎在施工围栏后被路人送入重症急救室，另一次则是在出席比自己年轻一岁的心腹制片人葬礼后、身着黑色丧服手握驱邪盐在归途的人行道上轰然倒下！面对外界猜测“停更是因宝可梦高层施压”，首藤郑重澄清高层从无干涉，并在文末再次确认：正是为了导出小霞“既然活着，那就好好活着”的终极解答，他在剧本中才赌上一切、毅然写下了否定宝可梦战斗的震撼高潮。,,imported,
,首藤刚志手记：第177回 可以否定《宝可梦》的对战吗？（胜负与自我存在的断裂、无风险代理战争批判与小田原海边的孤绝破局）,第177回　『ポケモン』バトルを否定していいのか？,http://www.style.fm/as/05_column/shudo177.shtml,https://web.archive.org/web/*/http://style.fm/as/05_column/shuto/shuto038.shtml,2009-03-18,首藤刚志; 汤山邦彦,动画剧场版,JA,WEBアニメスタイル,Anime Memoir,首藤刚志; 动画剧场版; 超梦的逆袭; 洛奇亚; 小智; JA,宝可梦动画初代总编剧首藤刚志亲笔手记第177回：全系列乃至整个宝可梦商业帝国史上最为振聋发聩、最具哲学颠覆性的灵魂叩问！首藤直指核心：无论是本物还是克隆，每一个个体都不是自己选择来到这个世界的，但既然生而为人为物，胜负与排名根本无法回答“我究竟为何物”的终极谜题。他进而以极其犀利的社会学目光解构了现代电子游戏——在零代价重置、毫无肉体风险的虚拟世界中，操纵听话的部下为自己的仕途加官晋爵，本质上是一种迎合世俗处世术的“无风险代理战争”。而在《超梦的逆袭》中，原本作为棋子的宝可梦跨越了指令，开始为了赌上自我存在的尊严进行肉搏厮杀，原本高高在上发号施令的人类训练家们瞬间吓得面无人色、陷入呆滞——这无可挽回地导向了对宝可梦战斗本身的彻底否定！如果一部以对战游戏为根本的动画，在大银幕上彻底否定了对战，游戏原作乃至整部动画的存在根基将何去何从？汤山邦彦与制作委员会将承担何等灾难？首藤一人独自坐在小田原冰冷的海风中，凝视着波涛翻滚的大海，苦思了整整一天一夜，终于找到了那条穿透阴霾的奇迹之路。,,imported,
,首藤刚志手记：第178回 宝可梦剧场版必须能让自己由衷信服……（从“无印良品”到作者性觉醒、与游戏原作方见解分歧的创作定力）,第178回　『ポケモン』映画版は自分が納得できるもので……,http://www.style.fm/as/05_column/shudo178.shtml,https://web.archive.org/web/*/http://style.fm/as/05_column/shuto/shuto039.shtml,2009-03-25,首藤刚志; 汤山邦彦,动画剧场版,JA,WEBアニメスタイル,Anime Memoir,首藤刚志; 动画剧场版; 超梦的逆袭; 洛奇亚; 小智; JA,宝可梦动画初代总编剧首藤刚志亲笔手记第178回：面对《超梦的逆袭》的高潮抉择，首藤在小田原海边立下死誓——哪怕彻底推翻商业对战游戏的基本立足点，也绝不妥协写下迎合世俗的平庸烂尾！首藤极其罕见地坦白了自己作为文字作者的深层自卑：他坦言自己厌恶文字写作的隔阂与歧义，甚至认为肢体、科学公式与音乐都比文字更能精准传递灵魂，若非为了谋生绝不会以文字为业；正因如此，他患上了“无法由衷认可剧本就必定生理性重病”的身体防御机制。在面对既有原作时，他向来拒绝做亦步亦趋的匠人；而面对《宝可梦》这部由游戏改编的巨擘，他质问自己：如果动画只是游戏的克隆复制品，那制作组何必找他首藤刚志担任系列构成？总导演汤山邦彦与Game Freak正是看中了他独特的怪癖与锋芒。看着小田原早川汇入大海的浪涛，首藤参透了“溪流与大海虽皆为水、其质却截然不同”的隐喻，毅然挥毫写下了那段震撼影史、否定盲目好战的巅峰终局。,,imported,
,首藤刚志手记：第179回 《超梦的逆袭》的高潮戏剧时刻（肉搏战的惨烈现实、小智挺身而出的石化、皮卡丘绝望电击的剧作推导）,第179回　『ミュウツーの逆襲』クライマックス,http://www.style.fm/as/05_column/shudo179.shtml,https://web.archive.org/web/*/http://style.fm/as/05_column/shuto/shuto040.shtml,2009-04-01,首藤刚志; 汤山邦彦,动画剧场版,JA,WEBアニメスタイル,Anime Memoir,首藤刚志; 动画剧场版; 超梦的逆袭; 洛奇亚; 小智; JA,宝可梦动画初代总编剧首藤刚志亲笔手记第179回：全景解密影史奇迹《超梦的逆袭》最撕心裂肺的高潮剧作推演！首藤逐一解构了战场上众生相的复杂心灵：面对脱离人类掌控、赌上存在尊严的原始肉搏撕咬，训练家们呆若木鸡；武藏小次郎在厮杀中照见自身边缘人的身份困境；喵喵在满月下与克隆体达成侘寂超脱。而小智的皮卡丘之所以任凭克隆体狂扇耳光绝不还手，不仅是善良，更是因为作为被人类饲养的个体，其自身存在本就充满不确定性。最终，立志成为大师、理应奉对战为圭臬的小智，却在无意识中为了制止惨剧而肉身挡球。首藤斩钉截铁地澄清：小智石化绝非为了规避儿童向死亡管制的妥协，而是一个在意识层面肯定对战、却在行动上否定对战的悖论个体所必然遭遇的精神与物理石化！皮卡丘那段让全世界观众泪崩的电击，绝非廉价的煽情，而是一只不愿接受冷酷现实的生灵，拼尽一切在呼唤那位“敢于在对战世界中否定战斗”的少年！,,imported,
,首藤刚志手记：第180回 宝可梦的眼泪与超梦的记忆消除（奇迹生命的共鸣、原定终章伏笔回收与全员遗忘的宿命悲剧）,第180回　ポケモンの涙とミュウツーの記憶抹消,http://www.style.fm/as/05_column/shudo180.shtml,https://web.archive.org/web/*/http://style.fm/as/05_column/shuto/shuto041.shtml,2009-04-08,首藤刚志; 汤山邦彦,动画剧场版,JA,WEBアニメスタイル,Anime Memoir,首藤刚志; 动画剧场版; 超梦的逆袭; 洛奇亚; 小智; JA,宝可梦动画初代总编剧首藤刚志亲笔手记第180回：深入解构《超梦的逆袭》中“宝可梦的眼泪”与“超梦记忆抹除”两大核心谜题！极度厌恶煽情哭戏的首藤，为何让全场宝可梦流下滂沱大雨般的眼泪？他直言：那绝非软弱的同情或廉价的怜悯，而是全生灵因自身愚蠢厮杀而痛失珍贵存在的纯粹“巨大丧失感”！当这份超越本体与克隆壁垒的丧失感凝聚在一起，死寂的顽石迎来了生命的复苏。然而，高潮之后却是一记更为冷酷的现实重击——面对人世间根深蒂固的排他偏见，为了守护克隆体不必沦为社会绞杀的牺牲品，超梦选择抹去所有当事人的记忆。首藤在此埋下了日后特别篇《超梦！我就在这里》的悲愿之种：在这个荒诞麻木的日常世界里，唯有坐在银幕前的观众，才能永远成为超梦与小智那段壮烈史诗的唯一见证者！,,imported,
,首藤刚志手记：第181回 《超梦的逆袭》公映前夜（全美公映署名WRITTEN、试映会震撼与现象级引爆前的暗涌）,第181回　『ミュウツーの逆襲』前夜,http://www.style.fm/as/05_column/shudo181.shtml,https://web.archive.org/web/*/http://style.fm/as/05_column/shuto/shuto042.shtml,2009-04-15,首藤刚志; 汤山邦彦,动画剧场版,JA,WEBアニメスタイル,Anime Memoir,首藤刚志; 动画剧场版; 超梦的逆袭; 洛奇亚; 小智; JA,宝可梦动画初代总编剧首藤刚志亲笔手记第181回：纪录《超梦的逆袭》公映前夕惊心动魄的幕后暗战！影片在欧美公映时破格给予了首藤“WRITTEN BY TAKESHI SHUDO”的作者级最高礼遇。然而初稿出炉时，在制作委员会内部却遭遇狂风暴雨般的挞伐，高层怒斥其“阴暗沉重、毫无爽快感，是在自寻死路”；就在撤换编剧的危机一触即发之际，“宝可梦闪烁事件”骤然爆发，TV停播危机反倒让电影逃过了被扼杀的厄运。首藤临危受命，巧妙借莎士比亚级老戏骨市村正亲的沉雄嗓音，以颠覆传统的“哲学独白序幕”重构了全片的叙事脊梁。初号试映会上全场死寂、高层怒斥“这是给宝可梦宣判死刑”。首藤抱定“洗颈待戮、问心无愧”的决死之心，迎来了改写日本影史票房神话的公映初日！,,imported,
,首藤刚志手记：第182回 《超梦的逆袭》公映狂澜（小田原影院赠票往事、大人们的肃穆凝固与对狂热狂澜的战栗警惕）,第182回　『ミュウツーの逆襲』公開,http://www.style.fm/as/05_column/shudo182.shtml,https://web.archive.org/web/*/http://style.fm/as/05_column/shuto/shuto043.shtml,2009-04-22,首藤刚志; 汤山邦彦,动画剧场版,JA,WEBアニメスタイル,Anime Memoir,首藤刚志; 动画剧场版; 超梦的逆袭; 洛奇亚; 小智; JA,宝可梦动画初代总编剧首藤刚志亲笔手记第182回：全景回眸《超梦的逆袭》震动日本乃至全球影坛的公映神话！首藤回忆起公映首日的忐忑：因害怕扑街连家人都不敢让去影院，结果小田原地方影院门口水泄不通，他甚至悄悄把自己的工作预售票赠给因满场而痛哭的陌生母子。在影院暗处，首藤敏锐捕捉到了陪同观影的大人们神态的剧变——原本以为只是应付小儿科的家长，在超梦吐出“这里是哪里？我是谁？”的瞬间彻底陷入死一般的肃穆与震颤。然而，面对日本本土斩获75亿至80亿日元的狂暴票房，首藤却罕见地表达了深沉的恐惧与警惕：他警惕日本社会那种未经深思、如盲潮般狂涌而至的“群合心理”，更犀利直言“如果押井守的作品达到吉卜力级别的国民狂热，我宁可逃离日本”。最后，他回望本片在北美以8000万美元斩获周榜第一、破天荒打破全美日本电影影史纪录的壮举，重申了他对普世母题的追求。,,imported,
,首藤刚志手记：第183回 《超梦的逆袭》心力交瘁（盛名重负下的创作焦虑、英国国教条文赞赏与安定剂相伴的绝望追问）,第183回　『ミュウツーの逆襲』疲れました。,http://www.style.fm/as/05_column/shudo183.shtml,https://web.archive.org/web/*/http://style.fm/as/05_column/shuto/shuto044.shtml,2009-04-30,首藤刚志; 汤山邦彦,动画剧场版,JA,WEBアニメスタイル,Anime Memoir,首藤刚志; 动画剧场版; 超梦的逆袭; 洛奇亚; 小智; JA,宝可梦动画初代总编剧首藤刚志亲笔手记第183回：在空前票房奇迹的万丈光芒背后，首藤写下了最为痛苦、最让人心碎的至暗独白——《超梦的逆袭》让他彻底心力交瘁、身心俱残。面对票房大暴卖，制作高层轻佻地将其归功于“宣扬了生命的尊严”；而首藤深知，自己倾注一切写下的“自我存在之问、歧视与战斗否定”在商业巨兽面前正被迅速稀释。他回忆起三十岁荣获首届手冢奖编剧大奖时的沉重诅咒，坦言自己无数次想趁早封笔退圈；更痛陈同行“全靠皮卡丘可爱才能火”的浅薄。在西方世界，英国国教会神职官员盛赞本片“蕴含基督自我牺牲与复活救赎的福音”，让非教徒的首藤啼笑皆非。在盛名的高峰，面对连自己都解不开的虚无之谜，首藤在烟酒禁令与市售精神安定剂的麻醉下苟延残喘，甚至向精神医学泰斗求医无门。文末，他决意公开珍贵的《超梦的诞生》原案大纲，为后辈编剧点亮一盏明灯。,,imported,
,首藤刚志手记：第184回 迈向《超梦的逆袭》的彼方（全球版税暗涌、原定动画大结局“皮卡丘斯巴达克斯叛乱”与拒绝拉斯维加斯公费犒劳风波）,第184回　『ミュウツーの逆襲』のその先へ,http://www.style.fm/as/05_column/shudo184.shtml,https://web.archive.org/web/*/http://style.fm/as/05_column/shuto/shuto045.shtml,2009-05-14,首藤刚志; 汤山邦彦,动画剧场版,JA,WEBアニメスタイル,Anime Memoir,首藤刚志; 动画剧场版; 超梦的逆袭; 洛奇亚; 小智; JA,宝可梦动画初代总编剧首藤刚志亲笔手记第184回：全动漫史上最具震撼力、最富传奇色彩的绝密档案正式解封！首藤首次向全人类披露了他原本为《宝可梦》全系列构想的“幻之真正最终回”大结局：宝可梦本质是被人类奴役的角斗士，终盘皮卡丘成长为古罗马斯巴达克斯般的起义领袖，悍然掀起全种族对抗人类的反叛风暴；小智与皮卡丘在友谊与种族解放间备受煎熬；而最懂残缺宝可梦的火箭队与喵喵挺身充当人类与宝可梦共存的桥梁平息纷争；时光流逝，耄耋之年的老小智从虚构美化的童年幻梦中醒来，被母亲唤醒后踏上寻找“自我究竟为何物”的崭新启程！此外，首藤犀利对比了《泰坦尼克号》与《乱世佳人》，回溯了来自苏联解体后东欧新兴国家的海外版权费暗涌；并披露了自己因不屑浮华社交，断然拒绝高层组织的“全员包机赴美拉斯维加斯公费犒劳之旅”，从而彻底激怒制作委员会巨头“御前大人”的惊天内幕！,,imported,
,首藤刚志手记：第185回 迈向《宝可梦》电影第二部（拒绝赌城背后的超现实音乐剧、金银延期的“游戏时间”、橘子群岛诞生与小刚被除名的荒唐内幕）,第185回　『ポケモン』映画２作目へ,http://www.style.fm/as/05_column/shudo185.shtml,https://web.archive.org/web/*/http://style.fm/as/05_column/shuto/shuto046.shtml,2009-05-20,首藤刚志; 汤山邦彦,动画剧场版,JA,WEBアニメスタイル,Anime Memoir,首藤刚志; 动画剧场版; 超梦的逆袭; 洛奇亚; 小智; JA,宝可梦动画初代总编剧首藤刚志亲笔手记第185回：全面解密第二部剧场版《洛奇亚爆诞》诞生前夕的一系列荒诞风暴！首藤首先还原了自己拒绝赴美拉斯维加斯狂欢的真相：为了照看自己执笔的一部由牛顿、居里夫人与爱因斯坦超时空辩论自我存在的先锋小剧场音乐剧，他不惜当面拂逆了巨头“御前大人”的面子。紧接着，电子游戏《金银》遭遇了臭名昭著的无底洞延期（“游戏时间”），TV动画耗尽了初代关都151只宝可梦素材；酷爱乘龙的总导演汤山邦彦临危受命，促成了“橘子群岛篇”的诞生，也由此锁定了《洛奇亚爆诞》的海岛舞台。最为骇人听闻的是，首藤首度公开揭露了常驻主角小刚（小建上位）在橘子群岛遭到强行除名的真相——高层竟荒谬地认为“小刚是眯眯眼，眯眯眼太像东方人，在欧美绝对不讨喜！”首藤当场痛骂提出这种蠢见解的人简直是无可救药的大白痴！直到后来发现欧美观众极度喜爱小刚，高层才灰溜溜地让其复活。,,imported,
,首藤刚志手记：第186回 电影第二作的“深层海流”（从超梦的存在到自我共存、拒绝三大神鸟怪兽摔角与原创宝可梦“X爆诞”解禁）,第186回　映画２作目の「深層海流」,http://www.style.fm/as/05_column/shudo186.shtml,https://web.archive.org/web/*/http://style.fm/as/05_column/shuto/shuto047.shtml,2009-05-27,首藤刚志; 汤山邦彦,动画剧场版,JA,WEBアニメスタイル,Anime Memoir,首藤刚志; 动画剧场版; 超梦的逆袭; 洛奇亚; 小智; JA,宝可梦动画初代总编剧首藤刚志亲笔手记第186回：剧场版第二作《洛奇亚爆诞》筹备全景震撼公开！《超梦的逆袭》全球暴卖后，制作委员会急切要求第二部打造纯粹爽快的“商业冒险活剧”。然而首藤绝不容许作品流于庸俗：在追问完“自我存在”后，他定下了更宏大的命题——“各自独立之自我存在的共存”！面对海岛舞台，首藤将倾注十年心血的小说《永远的菲莱娜》中的硬核意象“深层海流”（耗时两千年巡游全球的地球生命之源与母性象征）植入其中，甚至自费从高知订购深层海水饮用一年。更关键的是，由于金银跳票尚无新怪，仅存的急冻鸟、闪电鸟、火焰鸟极易让剧本沦为丧失人性深度的“怪兽摔角博弈”。首藤力排众议，破天荒向御前大人提议为电影量身打造能够与人类共鸣的“深层海流象征”原创宝可梦。未曾想提案竟然全票秒过——于是，在名字与造型皆为白纸的最初海报上，赫然印下了日后被奉为神作的神秘代号：“X 爆诞”！,,imported,
,首藤刚志手记：第187回 洛奇亚默示录（小智妈妈“无需赌命拯救世界”台词、反派吉拉尔丹被剪掉的10分钟戏份与御前大人的白板造词“爆诞”）,第187回　ルギア黙示録,http://www.style.fm/as/05_column/shudo187.shtml,https://web.archive.org/web/*/http://style.fm/as/05_column/shuto/shuto048.shtml,2009-06-03,首藤刚志; 汤山邦彦,动画剧场版,JA,WEBアニメスタイル,Anime Memoir,首藤刚志; 动画剧场版; 超梦的逆袭; 洛奇亚; 小智; JA,宝可梦动画初代总编剧首藤刚志亲笔手记第187回：深度揭秘《洛奇亚爆诞》（美版译名《洛奇亚默示录》）灵魂深处的戏剧构造与剧本被阉割的巨大遗憾！首藤首先串联起自己执笔的“存在主义三部曲”：从《超梦的诞生》中如露水般消逝的少女“爱（Ai/I）”，到《结晶塔的帝王》中执念具象化的少女“美（Mii/Me）”，洛奇亚恰恰充当了“个体自我存在”向“世界多元共存”过渡的交响桥梁。首藤在片尾借小智母亲花子之口吐露了震碎当时世俗救世主教条的惊世台词：“世界不需要你赌上性命去拯救！你只要珍惜并做好独一无二的自己！”更令人扼腕的是反派收藏家吉拉尔丹——首藤本将其塑造成对标市村正亲（超梦）的悲剧唐吉诃德式唯美狂人，并钦定日本音乐剧第一巨匠鹿贺丈史献声；然而成片因篇幅限制被制片方无情砍去10分钟关键文戏，让吉拉尔丹沦为扁平浅薄的工具人反派，令汤山邦彦与首藤痛心疾首。文末，首藤揭秘了“爆诞”一词的由来：巨头“御前大人”在企划会上亲手在白板上写下了这个辞书未载的生造词，令首藤内心倍感抗拒与刺痛。,,imported,
,首藤刚志手记：第188回 “爆诞”（广岛长崎的“胎内受害者”阴影、商业流行语背后的历史失忆与沉痛的默哀）,第188回　「爆誕」,http://www.style.fm/as/05_column/shudo188.shtml,https://web.archive.org/web/*/http://style.fm/as/05_column/shuto/shuto049.shtml,2009-06-10,首藤刚志; 汤山邦彦,动画剧场版,JA,WEBアニメスタイル,Anime Memoir,首藤刚志; 动画剧场版; 超梦的逆袭; 洛奇亚; 小智; JA,宝可梦动画初代总编剧首藤刚志亲笔手记第188回：全系列专栏中最沉痛、最触及灵魂的泣血独白。首藤首度坦白了自己为何极度抗拒提及“爆诞”二字——对于年轻世代，这个词或许只代表宇宙大爆炸或时髦噱头；但对出生于1949年战后初期的首藤而言，这个词字面直刺日本战后最沉重的历史伤痕：广岛与长崎遭受核打击时在母亲腹中被辐射摧残的“胎内被爆者”。首藤回忆起小学一年级时校园里遭受辐射病痛折磨的高年级学长，痛惜世人对这段惨绝人寰历史的麻木遗忘；更对自己当年在企划会上因药物与酒精昏沉而未能出言劝阻标题生造深感自责与痛苦。在文章结尾，首藤陷入巨大的精神震颤与负罪感，恳求读者原谅自己无法继续写下去，并留下了全篇最庄严沉重的祈愿：“请容我保持长久的缄默……我由衷祈愿，广岛与长崎的惨痛记忆，永远不要被世人风化磨灭。”,,imported,
,首藤刚志手记：第189回 休载致歉与电影第二部致命败笔（票房登顶下的编剧神经衰弱、洛奇亚的性别错位与“母性神兽”的失声之痛）,第189回　休載のお詫び,http://www.style.fm/as/05_column/shudo189.shtml,https://web.archive.org/web/*/http://style.fm/as/05_column/shuto/shuto050.shtml,2009-06-24,首藤刚志; 汤山邦彦,动画剧场版,JA,WEBアニメスタイル,Anime Memoir,首藤刚志; 动画剧场版; 超梦的逆袭; 洛奇亚; 小智; JA,宝可梦动画初代总编剧首藤刚志亲笔手记第189回：在因病休刊一周后，首藤以惊人的自我剖析勇气，向世人公布了第二部剧场版《洛奇亚爆诞》在他心头深扎十年的“致命败笔”！尽管本片当年勇夺日本本土电影年度票房总冠军、在欧美狂揽巨额收益（仅次于《超梦的逆袭》），成为十多年无人能破的神话，但首藤却陷入了编剧生涯二十年来仅有两次的极度神经衰弱——因为他无法在生理层面对剧本达成自我信服。首藤不惜触怒喜爱本片的观众与制作同僚，决绝指出剧本的核心硬伤所在：洛奇亚的性别错位！在大银幕上，洛奇亚被赋予了充满压迫感的雄性低沉男中音；然而在首藤的最初构想中，作为孕育地球万物生命的“深层海流”的化身，洛奇亚骨子里必须是一只象征着至高无上造化伟力的“母性神兽（母性のポケモン）”！这一关键性别的粗暴雄性化，彻底打破了全片内在的情感流动与戏剧逻辑，成为首藤晚年挥之不去的至深隐痛。,,imported,
,首藤刚志手记：第190回 番外篇·再次休载致歉……以及（读者来信中的“爆诞”、历史遗忘的社会寒意与“不知战争的孩子们”）,第190回　というか番外編　休載のお詫び再び……そして,http://www.style.fm/as/05_column/shudo190.shtml,https://web.archive.org/web/*/http://style.fm/as/05_column/shuto/shuto051.shtml,2009-07-15,首藤刚志; 汤山邦彦,动画剧场版,JA,WEBアニメスタイル,Anime Memoir,首藤刚志; 动画剧场版; 超梦的逆袭; 洛奇亚; 小智; JA,宝可梦动画初代总编剧首藤刚志亲笔手记第190回（番外篇）：首藤向读者致以再次休载的深切歉意。由于身体虚弱且食欲彻底归零，他正靠着在医院每日输液勉强维持生命。在静养期间，编辑部转交了一位读者的真挚来信。这位读者的长辈是广岛原子弹爆炸的受害者后裔，信中温柔宽慰首藤：“请不必为了‘爆诞’这个词而过度内疚与自责……我们只把它当作一个追求时髦张扬的商业标题，并不会联想到体内核辐射。”读罢来信，首藤虽感宽慰，心中却泛起了更刺骨的凄凉：读者在信中提及，如今在东京向年轻一代谈起广岛、长崎与原子弹，大多数人只会一脸茫然地反问“那是啥？”首藤沉痛地反思：世人正在以惊人的速度滑向历史的彻底遗忘。面对邻国闪烁的核武导弹危机，身为战后和平红利中“不知战争的孩子们”的一员，首藤感慨自己或许是世界上最幸福也是最麻木的一代人，在无声的叹息中向读者郑重致歉。,,imported,
,首藤刚志手记：第191回 《洛奇亚》雄性？雌性？根本无关紧要（编剧戏剧观批判卓别林黑泽明、深层海流母性象征与御前大人密室表决）,第191回　『ルギア』男？　女？　そんなの関係ない,http://www.style.fm/as/05_column/shudo191.shtml,https://web.archive.org/web/*/http://style.fm/as/05_column/shuto/shuto052.shtml,2009-07-22,首藤刚志; 汤山邦彦,动画剧场版,JA,WEBアニメスタイル,Anime Memoir,首藤刚志; 动画剧场版; 超梦的逆袭; 洛奇亚; 小智; JA,宝可梦动画初代总编剧首藤刚志亲笔手记第191回：全方位剖析《洛奇亚爆诞》中被封印的戏剧创作哲学与“洛奇亚性别表决事件”！首藤首先亮出严苛的戏剧编剧观：凡是在台词中直白宣讲主题的剧本，都是二流的说教演讲稿！他毫不留情地批判了卓别林《大独裁者》片尾毁掉全片戏剧情境的长篇演说，以及黑泽明《七武士》片尾堪称虚伪漂亮话的“胜者是百姓”。在首藤的构想中，作为深层海流与生命之源的洛奇亚，根本不该多费唇舌，更不能靠拳头与暴力去强行压制急冻鸟、闪电鸟与火焰鸟——因为以暴制暴只会让暴力在神兽离去后再度爆发！洛奇亚必须凭借自身作为“生命源泉的绝对母性”，以超然的存在感唤醒神鸟与人类对共存的敬畏。然而，在剧本讨论会上，巨头“御前大人”突然抛出重磅炸弹：“X到底是雄性还是雌性？声音用男声还是女声？！”首藤原以为洛奇亚台词稀少、应由奈良冈朋子或市原悦子等日本国民级母亲声优演绎母性威严；然而在会议多数决表决中，“为了迎合动作商业片基调，避免作品流于纤细脆弱”，男声以微弱优势胜出。首藤当时未曾料到，这一妥协日后竟将他推入了写作生涯最痛苦的深渊。,,imported,
,首藤刚志手记：第192回 《宝可梦》洛奇亚本是母性（三大神鸟的男儿兄弟阋墙、《三国志》式父权斗争的虚无与首藤笔锋骤停的至暗时刻）,第192回　『ポケモン』ルギアは母性だった,http://www.style.fm/as/05_column/shudo192.shtml,https://web.archive.org/web/*/http://style.fm/as/05_column/shuto/shuto053.shtml,2009-07-29,首藤刚志; 汤山邦彦,动画剧场版,JA,WEBアニメスタイル,Anime Memoir,首藤刚志; 动画剧场版; 超梦的逆袭; 洛奇亚; 小智; JA,宝可梦动画初代总编剧首藤刚志亲笔手记第192回：直击创作者灵魂的超凡解构——为什么洛奇亚在神学与剧作结构上必须是“母性”？！首藤剖析了急冻鸟、闪电鸟与火焰鸟的三方死斗：三大神鸟的本质是血气方刚、充满争斗本能的“男性兄弟”。在人类与自然的历史中，若由代表力量与秩序的“父亲”介入兄弟阋墙，父亲只会以展示强权来压服，激化儿子的叛逆与妒忌，让冲突滑向如《三国志》般无休无止的狡诈残杀与权力轮回。唯有赋予他们生命的“母亲”，才能超越胜负与利害，以不求回报的母爱无条件化解仇恨与纷争！洛奇亚象征深层海流与生命造化，它并非凭借凌驾神鸟之上的绝对怪力，而是凭借崇高的母性威严化解灭世浩劫。然而，由于企划会上草率投票将洛奇亚定为“雄性”，首藤在执笔后半程时惊恐地发现：无论自己如何落笔，洛奇亚的行为动机完全是女性与母性的！一旦让其以雄性姿态暴力平乱，全片立意便立刻沦为虚伪短暂的强权止战。首藤的笔锋陷入了前所未有的死寂停滞，迎来了编剧生涯最绝望的写作瓶颈，不得不选择痛苦地“欺骗自我”继续下笔……,,imported,
,首藤刚志手记：第193回 对《洛奇亚爆诞》的厚望与自我信服（商业狂热背后的生理排异、早期CG海流试验、神秘GS球伏线与拯救全片的火箭队）,第193回　『ルギア爆誕』への期待と僕の納得,http://www.style.fm/as/05_column/shudo193.shtml,https://web.archive.org/web/*/http://style.fm/as/05_column/shuto/shuto054.shtml,2009-08-05,首藤刚志; 汤山邦彦,动画剧场版,JA,WEBアニメスタイル,Anime Memoir,首藤刚志; 动画剧场版; 超梦的逆袭; 洛奇亚; 小智; JA,宝可梦动画初代总编剧首藤刚志亲笔手记第193回：揭露商业大潮裹挟下的编剧抗争与洛奇亚电影制作的绝密内幕！首藤坦言自己天生厌恶写作，只要被迫去写自己灵魂无法信服的剧本，身体就会立刻产生剧烈的生理排斥——食欲归零、彻夜失眠、乃至狂饮烈酒与大剂量安定剂企图麻痹神经。他回顾了自己入行以来的坚守：宁可饿死也不接违心之作。然而在《超梦的逆袭》震撼全球后，制作委员会对第二部的狂热预期彻底失控：为了超越前作，“御前大人”全力驱动多媒体造势，不仅在第一部片尾硬塞进一个全员都不知道里面装了什么新怪的“神秘金银GS球”，更耗费巨资将《洛奇亚爆诞》作为全日本前沿CG技术的试验场（挑战《青之6号》未能攻克的高难度CG海水渲染，最终多处样本惨遭废弃）。身处全行业狂热中心的总编剧首藤，却为洛奇亚的性别错位痛苦欲死，甚至一度产生了“豪饮药物与烈酒一死了之”的念头。十年后首藤重新审视本片，却释然发现：在绝境之中，正是自己倾注了最多心血与怜爱的常驻三人组——火箭队（武藏、小次郎、喵喵）在危急关头毅然放手舍己救人的壮举，在无形中支撑起了全片“共存”的崇高母题！,,imported,
,首藤刚志手记：第194回 从复眼视角诠释《洛奇亚爆诞》主题（小田原渔港看海买醉、罗伯特·奥特曼式多线交织与火箭队的意外破茧）,第194回　『ルギア爆誕』テーマを複眼で語ると,http://www.style.fm/as/05_column/shudo194.shtml,https://web.archive.org/web/*/http://style.fm/as/05_column/shuto/shuto055.shtml,2009-08-12,首藤刚志; 汤山邦彦,动画剧场版,JA,WEBアニメスタイル,Anime Memoir,首藤刚志; 动画剧场版; 超梦的逆袭; 洛奇亚; 小智; JA,宝可梦动画初代总编剧首藤刚志亲笔手记第194回：解密《洛奇亚爆诞》如何从“神兽性别困境”中化茧成蝶，完成向大师级“复眼群戏”的惊天蜕变！在企划会强行将洛奇亚定为雄性后，首藤深知一人之力无法扭转全场高管意志，甚至苦笑想过借法语“海（la mer）是阴性名词”去游说。苦闷之中，首藤在小田原渔港的工作室日夜凝视大海，裹着睡衣在海边自动售货机买单杯清酒独酌，连当地派出所警察都从防范自杀变成了担心探望。海风变幻让首藤顿悟：大海有时如母般温柔，有时如父般暴烈；作为编剧，他心中必须坚守洛奇亚的母性，但对片中角色而言，洛奇亚究竟是父是母端看各人视角——从小缺乏父爱的小智，将其听成理想父亲之音未尝不可！首藤由此引入电影大师罗伯特·奥特曼（《纳什维尔》）的“复眼式群戏结构”：小智只想当宝可梦大师无心救世，芙卢拉并无大志，小霞暗自嫉妒吃醋，皮卡丘抗拒当展品，吉拉尔丹死不悔改，每个人都极度自私任性，然而当这些鲜活视角交织在一起，无需一句空洞口号，“各自独立之自我存在的共存”便自然升腾！而在这座群戏舞台上，未费吹灰之力便光芒万丈夺走全场焦点的，正是首藤寄托了全系列最深心血的灵魂搭档——火箭队三人组！,,imported,
,首藤刚志手记：第195回 火箭队是万物共存的终极钥匙？（角色尊严与自尊心塑造、声优名台词即兴内幕与《火箭队直到永远》）,第195回　ロケット団が共存の決め手？,http://www.style.fm/as/05_column/shudo195.shtml,https://web.archive.org/web/*/http://style.fm/as/05_column/shuto/shuto056.shtml,2009-08-19,首藤刚志; 汤山邦彦,动画剧场版,JA,WEBアニメスタイル,Anime Memoir,首藤刚志; 动画剧场版; 超梦的逆袭; 洛奇亚; 小智; JA,宝可梦动画初代总编剧首藤刚志亲笔手记第195回：全面剖析为何在剧场版第二作《洛奇亚爆诞》中，看似与严肃哲学八竿子打不着的反派丑角“火箭队三人组（武藏、小次郎、喵喵）”，竟然成为了点化全片“共存”母题的终极钥匙！首藤回顾了火箭队的动画诞生史：在游戏原作里，火箭队只是偶尔跳出来的泛泛恶役组织；企划之初众人只想将他们做成类似《时间飞船（Time Bokan）》系列那样的倒霉滑稽反派三纽带。但首藤坚决拒绝将他们塑造成脸谱化的扁平受气包，而是赋予了他们极高的自尊心与骄傲——武藏是经历坎坷的美人，小次郎是教养极高的豪门遗珠，喵喵是通过刻苦努力掌握人言的知识分子！他们连制服都特立独行不穿黑色普通队服，而是定制白色私服，坚决不肯在组织里抹杀自己的独立自我。首藤精心撰写了长篇登场名台词，并背着制片人悄悄叮嘱三位声优（林原惠、三木真一郎、犬山犬子）“放开了去即兴自由发挥”；声优们即兴发挥的退场口头禅“好讨厌的感觉啊～（やな感じー）”，直接启发首藤写下了电影尾声舍身救世后那句名垂宝可梦影史的震撼台词——“感觉好极了～（なんだかとってもいい感じー）”！,,imported,
,首藤刚志手记：第196回 音讯全无、屡次休载深表歉意（“专业编剧至死不离笔”的拷问、前人之怒与永远的街头混混心态）,第196回　音信不通、たびたび申し訳ありません,http://www.style.fm/as/05_column/shudo196.shtml,https://web.archive.org/web/*/http://style.fm/as/05_column/shuto/shuto057.shtml,2009-09-09,首藤刚志; 汤山邦彦,动画剧场版,JA,WEBアニメスタイル,Anime Memoir,首藤刚志; 动画剧场版; 超梦的逆袭; 洛奇亚; 小智; JA,宝可梦动画初代总编剧首藤刚志亲笔手记第196回：在突发休载两周后，首藤向读者与编辑部致以最沉痛而真诚的致歉。首藤坦承这并非不可抗力的突发急病，而是自己长期以来昼夜颠倒、透支身体的放纵不节制所致。世人常说“真正的专业作家哪怕至死也不会松开手中的笔”，首藤却自嘲自己一旦觉得身体不舒服，就会立刻抱着笔记本电脑跑进医院挂水静养；然而躺在病床上望着天花板，脑海里却在疯狂构思完全不同的新故事。眼看自己年岁已高，想写的题材堆积如山，从二十多岁开始动笔的故事完结的却寥寥无几，深感“若再不加快脚步，死后将留下山一样的未竟之作”。回忆起专栏创立之初，前辈作家听到副标题定为“谁都能当编剧”时勃然大怒斥责：“若你当年写的是谁都能写的剧本，根本没人会搭理你这个小混混！”然而首藤坦言，自己至今骨子里依旧是一个自卑而倔强的街头小混混（チンピラ）。文末，首藤亦反思了倾注三十年心血的舞台音乐剧创作观，痛感生命倒计时下必须与时间疯狂赛跑。,,imported,
,首藤刚志手记：第197回 《洛奇亚爆诞》在自我主张中实现共存（从庄周梦蝶与全共斗幻灭谈起、反套路恶役与火箭队对剧本的强行主宰）,第197回　『ルギア爆誕』自己主張で共存,http://www.style.fm/as/05_column/shudo197.shtml,https://web.archive.org/web/*/http://style.fm/as/05_column/shuto/shuto058.shtml,2009-09-16,首藤刚志; 汤山邦彦,动画剧场版,JA,WEBアニメスタイル,Anime Memoir,首藤刚志; 动画剧场版; 超梦的逆袭; 洛奇亚; 小智; JA,宝可梦动画初代总编剧首藤刚志亲笔手记第197回：全系列专栏中哲学浓度最高、思想极其深邃冷峻的纲领性篇章！首藤首度正面拆解自己眼中所谓“共存”的残酷真相：世俗所谓的“互相体谅退让、和和气气做朋友”纯属温情主义的虚伪空想！首藤认为，世上绝无完全相同的两个人，每个人都是自己世界的中心；一旦生命终结，其世界即告寂灭。首藤从耶稣十字架上的哀鸣、恺撒遇刺时的悲叹，一路溯源至中国道家老庄哲学的“庄周梦蝶”，痛彻领悟到人活在世就必须彻底捍卫自我存在的主张。首藤结合自身经历的1970年日本“全共斗”学生运动与赤军派分裂残杀的血腥历史，揭示出“人本就是嗜好争斗远胜于和平的生灵”，“共斗尚且四分五裂，共存更是天方夜谭”！然而正是在这看似绝望的死局中，《洛奇亚爆诞》提出了一剂惊世骇俗的解药：在剧烈碰撞的极致自我主张中，奇迹般达成生态的宏观共存！正因如此，当电视动画里公式化挨打飞天的火箭队三人组在电影中释放出“我们就是我们自己、绝非平凡恶党”的狂暴自尊时，他们彻底打破了安全套路的桎梏，甚至不是首藤在写他们，而是火箭队三人组强行夺过首藤的笔锋，主宰并书写了整部《洛奇亚爆诞》的灵魂高潮！,,imported,
,首藤刚志手记：第198回 想让火箭队出尽风头是好事，但是……（消灭自我的伪善共存、全员皆主角的群像剧革命与配角人设深渊）,第198回　『ルギア爆誕』ロケット団を目立たせたかったのはいいけれど……,http://www.style.fm/as/05_column/shudo198.shtml,https://web.archive.org/web/*/http://style.fm/as/05_column/shuto/shuto059.shtml,2009-09-30,首藤刚志; 汤山邦彦,动画剧场版,JA,WEBアニメスタイル,Anime Memoir,首藤刚志; 动画剧场版; 超梦的逆袭; 洛奇亚; 小智; JA,宝可梦动画初代总编剧首藤刚志亲笔手记第198回：深刻拷问“共存”本质与剧作哲学的思辨巅峰！世人常把“共存”美化为体谅退让，但首藤冷峻质问：为了迎合他者而强行扼杀自己在这世上唯一的自我存在，难道不是对生命的亵渎？自然界中无法适应环境的物种每天都在灭绝；人类以指数级繁衍破坏地球生态，即便不引爆核武也终将自取灭亡，唯有地球本身历经多次生物大灭绝依旧傲然运转。回到《宝可梦》：究竟是谁规定了小智与皮卡丘才是这个世界的绝对主角？！在火箭队眼中，武藏、小次郎、喵喵每一个人才是自己人生的唯一主角！若直接让火箭队独占舞台，电影就会沦为离经叛道的番外篇；首藤灵光乍现，掀起了一场剧作革命——“让全片登场的每一个生灵，全都是平起平坐的绝对主角！”小智从高高在上的刻板英雄神坛走下，化为群像中的一员；然而这却将编剧推入了无底深渊：哪怕戏份只有几分钟的过客，首藤也必须将其未经银幕展现的出身、阅历与灵魂彻底打磨具象，全剧无一人雷同，各自主张自我却奇迹般织就万物共存！,,imported,
,首藤刚志手记：第199回 《洛奇亚爆诞》登场人物各自鲜明的个性（配角全员皆自我中心、小建的无个性惨败与小智母亲的极端母性）,第199回　『ルギア爆誕』登場人物にもそれぞれも個性,http://www.style.fm/as/05_column/shudo199.shtml,https://web.archive.org/web/*/http://style.fm/as/05_column/shuto/shuto060.shtml,2009-10-07,首藤刚志; 汤山邦彦,动画剧场版,JA,WEBアニメスタイル,Anime Memoir,首藤刚志; 动画剧场版; 超梦的逆袭; 洛奇亚; 小智; JA,宝可梦动画初代总编剧首藤刚志亲笔手记第199回：解构群像剧经典角色心理的剧作剖析！为了让火箭队三人组在《洛奇亚爆诞》中不显突兀地大放异彩，首藤坚持让出场时间极短的配角们全都立起极端的自我中心个性：大木博士在末日面前临危不乱，只沉醉于自己作为“宝可梦解说者”的冰冷学者天职；小智的母亲花子无视科学常识强行挤上灾难调查直升机，纯粹出于独抚幼子的极端母性与不讲理的任性自私；反派收藏家吉拉尔丹不求征服或毁灭世界，飞船粉碎依然凝视“古代梦幻”卡牌冷笑，完全是一团纯粹的收集欲望化身；海岛长老拿古老神话当发展旅游经济的噱头；巫女芙卢拉只把神职当烦人的打工兼职；而为了替代小刚而登场的新角色小建，首藤试图以“极致的无个性”进行反衬，却无奈承认沦为了毫无存在感的边缘事件目击者。配角全员自私任性，才奇迹般撞击出真实的群像剧画卷！,,imported,
,首藤刚志手记：第200回 终于迎来了第200回（生死边缘的执念、只写非我不可之物与巫女原型的妻子之谜）,第200回　とうとう200回,http://www.style.fm/as/05_column/shudo200.shtml,https://web.archive.org/web/*/http://style.fm/as/05_column/shuto/shuto061.shtml,2009-11-04,首藤刚志; 汤山邦彦,动画剧场版,JA,WEBアニメスタイル,Anime Memoir,首藤刚志; 动画剧场版; 超梦的逆袭; 洛奇亚; 小智; JA,宝可梦动画初代总编剧首藤刚志亲笔手记第200回里程碑！在因身体极度衰竭险些踏入鬼门关而休载三周后，首藤迎来了具有重大历史意义的第200回连载。首藤坦陈自己拒绝长期住院的原因：被关在病房就无法查阅资料与写作；更痛心反思业界诸多同仁英年早逝，自己虚度半生却仍未能写出毕生真正想写之物，因而立下死誓：别人能写的就让别人去写，自己活着唯有写下“非我不可之物”！回顾耗费心血最多的《洛奇亚爆诞》，全员各自为政却奇迹织就共存；为了塑造戏份极少的前代巫女（芙卢拉姐姐），首藤在小田原神社深入采风现代巫女依然困惑，却猛然惊醒：身边不可理喻的最强神性原型，正是自己的妻子——看似是西麻布摩登女性的妻子，幼年竟是高知县土佐清水古老神社的神社巫女！首藤深情回望十年前横扫全球大银幕历史亚军的《洛奇亚爆诞》，感慨其在命中注定大卖的商业重压下却长成了一部何其怪诞离经叛道的奇迹之作。,,imported,
,首藤刚志手记：第201回 对不起，我差点忘了小霞的事（打破智霞恋爱幻想、菜盘香菜的残酷隐喻与被删减的愤怒殴打）,第201回　ごめんなさい。忘れてた。カスミのこと,http://www.style.fm/as/05_column/shudo201.shtml,https://web.archive.org/web/*/http://style.fm/as/05_column/shuto/shuto062.shtml,2009-11-11,首藤刚志; 汤山邦彦,动画剧场版,JA,WEBアニメスタイル,Anime Memoir,首藤刚志; 动画剧场版; 超梦的逆袭; 洛奇亚; 小智; JA,宝可梦动画初代总编剧首藤刚志亲笔手记第201回：震碎无数粉丝幻想、彻底解构小霞真实定位的惊天自白！首藤斩钉截铁明确辟谣：小霞对小智根本毫无男女之情，“我正好想去的地方碰巧有他在”纯粹是回击芙卢拉挑衅的假戏；宝可梦是少年告别童年的残酷《伴我同行》，小智已有灵魂伴侣皮卡丘，世俗恋爱只会彻底瓦解作品根基！小霞最初加入旅途不过是因高层担心男童与怪兽太单调、用来招揽女观众的“餐盘边角香菜”，早期全男性编剧班底更将其降格为模板泼辣野丫头。而由于存在感薄弱，小霞时刻面临被撤换的灭顶危机！最令人扼腕的是《洛奇亚爆诞》落水救人高潮：首藤原剧本中小霞目眦欲裂地发狂连续猛殴小智胸膛，歇斯底里咆哮“你若敢死我在这部宝可梦里算个什么东西”，却惨遭高层以欧美审查暴力为由生硬删减，反被异化成俗不可耐的救夫真爱！小霞最终被换下，成为以极擅写女性著称的首藤刚志一生最刻骨铭心的遗憾创口。,,imported,
,首藤刚志手记：第202回 火箭队才是真正主角（自我存在的悖论、被抹杀的反派尊严与秋叶原无差别事件的社会冷思）,第202回　ロケット団が主役です,http://www.style.fm/as/05_column/shudo202.shtml,https://web.archive.org/web/*/http://style.fm/as/05_column/shuto/shuto063.shtml,2009-11-18,首藤刚志; 汤山邦彦,动画剧场版,JA,WEBアニメスタイル,Anime Memoir,首藤刚志; 动画剧场版; 超梦的逆袭; 洛奇亚; 小智; JA,宝可梦动画初代总编剧首藤刚志亲笔手记第202回：彻底确立火箭队全系列无冕之王地位的划时代自白！首藤再度剖析《超梦的逆袭》与《洛奇亚爆诞》的哲学根基：所谓自我存在必然包含自私，但若为了消灭异己而抹杀他者，自我存在也将沦为虚无与全能妄想——唯有容纳不同他者，自我方能确立，这便是首藤眼中的“共存”。首藤结合当时日本闭门茧居族与震惊社会的秋叶原无差别杀人事件，冷峻指出当人在虚无中无法向体制巨恶拔刀时，便会反噬更弱小的无辜者。转回《宝可梦》：火箭队绝非传统《时间飞船》式的受气包丑角，他们英俊有教养，自尊极高，因商业宣发才被迫沦为反派；其他流水线编剧为了偷懒将他们降格为搞笑打手，令总编剧首藤深感憋屈痛苦。《洛奇亚爆诞》中，角色灵魂向首藤施加可怕威压，首藤顶着高层枪毙的危险，以极其霸道的姿态将火箭队推向了全片真正的舞台C位！随笔栏目中，首藤回顾母校松涛中学建校60周年，洞察少子化时代的银发动漫商机与影视剧作的代际嬗变。,,imported,
,首藤刚志手记：第203回 番外篇 敬请提高警惕（首藤惨遭电话转账电信诈骗、警车奔赴涉谷署五小时笔录惊魂）,第203回　番外編　ご注意ください,http://www.style.fm/as/05_column/shudo203.shtml,https://web.archive.org/web/*/http://style.fm/as/05_column/shuto/shuto064.shtml,2009-11-25,首藤刚志; 汤山邦彦,动画剧场版,JA,WEBアニメスタイル,Anime Memoir,首藤刚志; 动画剧场版; 超梦的逆袭; 洛奇亚; 小智; JA,宝可梦动画初代总编剧首藤刚志亲笔手记第203回：全系列连载中最具荒诞现实色彩与惊心动魄的番外突发篇！2009年11月25日清晨，首藤刚志不幸遭遇新型电话转账电信诈骗，存款瞬间遭黑手卷走！报案后，首藤直接被警车紧急拉往东京都涩谷警察署，接受长达五个多小时的严密排查与受害调查。首藤苦笑感叹：对方手法极其专业，不仅伪装公共机关逼真，更掌握了连自己都已忘却的深层隐私（甚至包括去年的就医自费支出与收入明细）。身为编剧，首藤脑海中曾构思过无数精妙骗术，未料竟被犯罪团伙当真搬入现实；首藤自嘲“若是再来一次我定能反客为主把他们一网打尽”，并由自身遭遇深刻剖析了现代互联网购物信息泄露、便利店ATM风控漏洞与次贷危机雷曼倒闭背后的资本失控。文末，首藤以痛定思痛的血泪教训向广大读者发起最真挚的金融安全警示！,,imported,
,首藤刚志手记：第204回 与火箭队共存？（初期三部曲爆火与后续剧场版平庸化、急冻鸟冰原设定的CG幕后与打破第四面墙的歌舞伎大亮相）,第204回　ロケット団と共存？,http://www.style.fm/as/05_column/shudo204.shtml,https://web.archive.org/web/*/http://style.fm/as/05_column/shuto/shuto065.shtml,2009-12-02,首藤刚志; 汤山邦彦,动画剧场版,JA,WEBアニメスタイル,Anime Memoir,首藤刚志; 动画剧场版; 超梦的逆袭; 洛奇亚; 小智; JA,宝可梦动画初代总编剧首藤刚志亲笔手记第204回：深刻剖析宝可梦电影盛衰密码与经典名场面幕后大揭秘！首藤直言：前三部宝可梦剧场版之所以能在欧美大银幕引爆史诗级狂潮，全赖其对“自我存在”与异质碰撞的硬核哲学探索，契合西方个人主义；而第四部之后的作品彻底滑向了安全套路化的日本本土催泪温室（水户黄门式合家欢），由此丧失了全球感染力。首藤揭秘了《洛奇亚爆诞》冰原高潮的爆笑幕后：南洋大海之所以突然冰封千里，纯因大制作人发疯般想卖弄三维CG，但当年算力渲染的水面宛如恶心的果冻胶水，首藤先发制人让急冻鸟冷冻整片海洋避免翻车！而火箭队在冰原上的震撼名台词“为了超越正义与邪恶的万物共存”，虽触犯了“角色不可在戏中直接喊口号”的编剧禁忌，却是火箭队打破第四面墙、向全场观众奉上的歌舞伎式雷霆大亮相！随笔栏目中，首藤由十年旧作洞察日本公营团地老朽化与断崖式老龄独居死的社会惨剧，深情拷问编剧究竟该为孤独的灵魂撰写何种慰藉。,,imported,
,首藤刚志手记：第205回 “其实我们只是想出风头罢了”（松开洛奇亚脚爪的悲壮自白、惨遭顶包的片尾曲公案与日剧《仁医》剧作鉴赏）,第205回　「ほんとは目立ちたいだけだったんです」,http://www.style.fm/as/05_column/shudo205.shtml,https://web.archive.org/web/*/http://style.fm/as/05_column/shuto/shuto066.shtml,2009-12-09,首藤刚志; 汤山邦彦,动画剧场版,JA,WEBアニメスタイル,Anime Memoir,首藤刚志; 动画剧场版; 超梦的逆袭; 洛奇亚; 小智; JA,宝可梦动画初代总编剧首藤刚志亲笔手记第205回：全景解密《洛奇亚爆诞》决战最高潮的终极剧作真相！首藤无情拆解《宝可梦》的伦理悖论：人类将野生动物据为私有当作士兵驱使搏杀出世，若这并非纯粹正义，中途捣乱的火箭队便算不上纯粹邪恶。在洛奇亚决战高潮中，火箭队三人组毅然松开攀附在神兽脚爪上的双手坠入冰渊——世人以为是大义凛然的舍身救世，首藤揭秘其本音：绝不甘心沦为累赘滑落雪山当小丑，要以主角的英姿从容赴死！对着小智怒吼“你才是主角”，反衬出自己才是无冕之王的悲壮！此外首藤揭露了公映片尾曲被高层强行顶包的黑幕：原本由芙卢拉长笛谱写的大气神曲惨遭撤换，换上了某大热制作人不知所云的快餐流行曲，令首藤痛苦抱憾十年。写完定稿后首藤吐血倒地住院，向总监督下达“最多再写四年宝可梦”的死期通牒。文末随笔，首藤深度品评封神日剧《仁医》与影史经典《似曾相识》，剖析如何以纯粹人性超越科幻时空悖论。,,imported,
,首藤刚志手记：第206回 “宝可梦还要再做十年”（深海狂想、酒馆采风与脑内多重人格、催泪弹大拷问与十年之限死斗）,第206回 『ポケモン』をあと10年,http://www.style.fm/as/05_column/shudo206.shtml,https://web.archive.org/web/*/http://style.fm/as/05_column/shuto/shuto067.shtml,2009-12-16,首藤刚志; 汤山邦彦,剧场版,JA,WEBアニメスタイル,Anime Memoir,首藤刚志; 剧场版; 洛奇亚爆诞; 汤山邦彦; JA,宝可梦动画初代总编剧首藤刚志亲笔手记第206回：震撼披露《洛奇亚爆诞》剧本难产全过程与剧作心法！首藤详述自己独特的创作仪式：深夜混迹小田原渔港小酒馆汲取市井台词律动、以默诵圆周率至小数点后十位及推演费马大定理与庞加莱猜想自测清醒度、进入“多重人格附体”的狂热写作状态。而在高层云集的决定稿剧本会议上，某制作人当面质问“这剧本的催泪弹在哪”，深恶痛绝廉价煽情的首藤怒火中烧，幸得总监督汤山邦彦当场以“小霞给溺水小智做人工呼吸”巧妙圆场。此后首藤深刻拷问宝可梦长寿模式的致命死穴：若沦为“新精灵→对战→火箭队捣乱→老套获胜”且主角毫无心理成长的万年公式，作品终将沦为僵尸。在东京家中致电汤山质问“还要再做几年”，听闻汤山斩钉截铁的“还要再战十年”，深知自己精力极限仅剩两年的首藤心力交瘁，当场突发昏厥吐血入院！文末随笔，首藤辛辣讽刺日本脚本家联盟与放送作家协会的派系内耗与虚妄档案计划。,,imported,
,首藤刚志手记：第207回 “2010……既喜亦不喜”（银英病榻与自治医大往事、不着一字台词秘传、酒精依赖大拷问与真人版大和号狂想）,第207回 2010……めでたくもありめでたくもなし,http://www.style.fm/as/05_column/shudo207.shtml,https://web.archive.org/web/*/http://style.fm/as/05_column/shuto/shuto068.shtml,2010-01-06,首藤刚志; 后藤久美子; 汤山邦彦,剧场版,JA,WEBアニメスタイル,Anime Memoir,首藤刚志; 银河英雄传说; 自治医科大学; 后藤久美子; JA,宝可梦动画初代总编剧首藤刚志亲笔手记第207回：2010新年回眸与剧作哲思！首藤抚今追昔，回顾38岁刚写完剧场版《银河英雄传说：我的征途是星辰大海》便吐血入院、入住栃木县自治医科大学附属医院的难忘岁月。首藤幽默风趣地回忆了当年与年轻护士们的深夜交往轶事，包括被誉为“自治医大后藤久美子”的俏丽护士彻夜长谈电话、借由拉威尔《悼念公主的帕凡舞曲》在《战国魔神豪将军》外传小说中献上浪漫题记。首藤借此传授顶级编剧台词心法：“直白吐露心声的台词算不上高明，欲言又止、隐而不发的潜台词才是剧作神髓！”随后首藤深刻自省长期困扰自己的酗酒问题：酒精依赖患者平均寿命仅52岁，而自己竟已跨越死线迈入60花甲之年。文末随笔，首藤借岁末年初观看木村拓哉真人版《宇宙战舰大和号》预告片与詹姆斯·卡梅隆《阿凡达》，犀利吐槽日本电影在科幻、特摄与Cosplay之间的荒诞命运。,,imported,
,首藤刚志手记：第208回 “宝可梦电影第二弹之后、第三弹之前”（奴隶论哲学拷问、狂灌20罐啤酒的绝望深渊与病榻笔记本上的幻之企划）,第208回 『ポケモン』映画第２弾以後、第３弾以前,http://www.style.fm/as/05_column/shudo208.shtml,https://web.archive.org/web/*/http://style.fm/as/05_column/shuto/shuto069.shtml,2010-01-13,首藤刚志; 汤山邦彦,剧场版,JA,WEBアニメスタイル,Anime Memoir,首藤刚志; 剧场版; 洛奇亚爆诞; 结晶塔的帝王; JA,宝可梦动画初代总编剧首藤刚志亲笔手记第208回：无情拷问人宠伦理与剧作宿命！首藤深刻反刍《超梦的逆袭》（自我存在）与《洛奇亚爆诞》（生命共存）的哲学底层：人类驯服野生宝可梦并驱使它们去搏杀出世，本质上就是蓄奴行为！正因这种尖锐伦理，首藤渴望创作出足以让观众在童年、青年、老年不同人生关口反复品味、映照自身存在的深刻巨作。然而彼时的宝可梦已化身为不可阻挡的资本巨兽：飞机涂装、JR集章、乃至日本底层贫困家庭靠缝制盗版皮卡丘公仔糊口。面对总监督“还要再战十年”的坚持，首藤坚决反对将小智变成千篇一律、永不长大的“水户黄门式工具人”；他理想中的真正终局，是小智在宝可梦世界中历练成长，最终告别宝可梦世界、蜕变成熟，并在成年后深深怀念童年！在与总监督立下“最多再干三四部便隐退”的通牒后，首藤在东京冰箱前绝望暴饮二十多罐啤酒，随即被母亲勒令押送小田原医院救治，并带着笔记本电脑在病榻点滴架下开启了彻底推倒重来的“幻之剧场版第三弹”秘密大纲！文末随笔，首藤痛斥某制作公司打着《甜甜仙子》30周年旗号搞山寨音乐剧侵权侵权的恶劣丑态。,,imported,
,首藤刚志手记：第209回 “病房里的宝可梦电影第三弹”（点滴针头进京开会、皮卡丘主角宿命、霸王龙化石复活与幻之第三部电影开端）,第209回 病院での映画『ポケモン』第３弾,http://www.style.fm/as/05_column/shudo209.shtml,https://web.archive.org/web/*/http://style.fm/as/05_column/shuto/shuto070.shtml,2010-01-20,首藤刚志; 汤山邦彦,剧场版,JA,WEBアニメスタイル,Anime Memoir,首藤刚志; 剧场版; 结晶塔的帝王; 霸王龙化石; JA,宝可梦动画初代总编剧首藤刚志亲笔手记第209回：传奇“幻之第三部电影”大纲诞生内幕震撼解密！首藤再次被收治进一年前小田原接收宝可梦闪光休克患儿的急救医院。首藤痛切反思3D立体视效泛滥对青少年脑神经健康的潜在威胁，立下绝不参与3D剧本创作的誓言。在病房中，年近五十的首藤遭受实习护生们“对待老爷爷”般的温柔善待，甚至手臂上留着点滴留置针直接坐电车奔赴东京参加剧本例会！在“自我存在”与“生命共存”之后，首藤仰望病房天花板迎来了终极叩问：“我所身处的世界究竟是什么？”他犀利剖析游戏机制与动画叙事的本质分歧：游戏让玩家代入、宝可梦平时封在球里、野生怪只是捕猎目标；而动画必须依靠剧情人物支撑。为了安抚广大玩家，制作组不敢让小智在御三家里挑选，只能将中立且高人气的皮卡丘硬塞给他，并将小智塑造成没有个性的刻板好孩子。而最大的世界观谜团在于：宝可梦世界为何没有真实动物？！原本首藤计划在小说第三卷完结揭秘，并在病榻上草拟了震惊业界的“幻之第三部剧场版”：现实中真实灭绝的“霸王龙化石”横空出世，撕裂空想与真实的界限！文末随笔，首藤回顾《漫画发现之旅》老同事们步入花甲、深陷养老看护的沧桑，发出“想做的事绝莫拖延到明天”的苍凉感慨。,,imported,
,首藤刚志手记：第210回 “幻之宝可梦电影第3弹……消失了”（霸王龙骨骼暴走、非人意识降临、踏平真新镇与全员迎击绝望大决战）,第210回 幻の『ポケモン』映画３弾……消えた,http://www.style.fm/as/05_column/shudo210.shtml,https://web.archive.org/web/*/http://style.fm/as/05_column/shuto/shuto071.shtml,2010-02-03,首藤刚志; 汤山邦彦,剧场版,JA,WEBアニメスタイル,Anime Memoir,首藤刚志; 剧场版; 幻之第3弹; 霸王龙化石; 结晶塔的帝王; JA,宝可梦动画初代总编剧首藤刚志亲笔手记第210回：影史最震撼“幻之第3部宝可梦剧场版”完整剧情大纲首次全盘大解密！面对“我所身处的世界究竟是什么”这一终极命题，首藤指出宝可梦世界本是由拟人化萌物构筑的“纯人类中心世界”，唯有引入真实存在的异质生物——中生代霸王龙（Tyrannosaurus Rex，原型为举世闻名的化石苏‘Sue’），才能真正打破世界的认知假象。在大纲中，巨大暴龙化石眼眸泛起诡异蓝光奇迹复活，不带任何人类善恶意识，只循着最原始的本能呈绝对直线向前碾压暴走：踏平真新镇、踩烂大木研究所、向火箭队总部推进！小智、小刚、火箭队乃至全人类与所有宝可梦面对这种从未见过的真正生物陷入绝望恐慌，最终摒弃前嫌组成悲壮的联合战线拼死迎击，唯独超梦冷眼旁观。然而这部构思宏大的哲学巨作，最终在企划会议上面临被彻底枪毙的命运。文末随笔，首藤回顾《甜甜仙子》企划初期自己所撰写的充满先锋实验性的第1集原创剧本。,,imported,
,首藤刚志手记：第211回 “从幻之第3弹走向《结晶塔的帝王》”（霸王龙被毙始末、无机物狂暴论、金银新宠未知图腾与献给女儿的结晶之梦）,第211回 幻の第３弾から『結晶塔の帝王』へ,http://www.style.fm/as/05_column/shudo211.shtml,https://web.archive.org/web/*/http://style.fm/as/05_column/shuto/shuto072.shtml,2010-02-10,首藤刚志; 汤山邦彦,剧场版,JA,WEBアニメスタイル,Anime Memoir,首藤刚志; 剧场版; 结晶塔的帝王; 恩泰; 未知图腾; JA,宝可梦动画初代总编剧首藤刚志亲笔手记第211回：披露霸王龙化石剧场版被否决的真正原因与《结晶塔的帝王》的奇迹诞生物语！首藤透露化石方案遭毙并非因为“没有真实动物”的世界观铁律，而是源于最高制作人‘御前样’的一句商业断言：“无机物获得意识四处暴走的电影在票房上绝对卖不座”（此前某四驱车动画电影票房惨败便是前车之鉴）。在小田原居酒屋豪饮烈酒买醉绝望之际，游戏原作方送来了《金·银》四只全新宝可梦：未知图腾与恩泰。首藤敏锐捕捉到字母形状、莫名其妙的未知图腾，将其构想为能将人类内心愿望彻底具象化的神秘媒介。更重要的是，首藤将自己45岁老来得女（乳名‘小美’）的深沉私情毫无保留地注入其中——深知自己年事已高、注定无法陪伴女儿长大成人的老父亲，将电影第三弹变作了一份献给亲生女儿小美的深情绝唱，描摹渴望父爱、用梦境封闭现实的孤绝少女与代理父亲恩泰的人性羁绊！文末随笔，首藤记录了与小学馆编辑久保雅一在新宿共进河豚料理的温馨轶事。,,imported,
,首藤刚志手记：第212回 “梗概轻而易举就通过了的《结晶塔的帝王》”（自我牺牲之伪、自我满足与弑亲、巴拉德结晶世界与怪优竹中直人）,第212回 プロットはあっさり通った『結晶塔の帝王』,http://www.style.fm/as/05_column/shudo212.shtml,https://web.archive.org/web/*/http://style.fm/as/05_column/shuto/shuto073.shtml,2010-02-17,首藤刚志; 竹中直人; 汤山邦彦,剧场版,JA,WEBアニメスタイル,Anime Memoir,首藤刚志; 剧场版; 结晶塔的帝王; 恩泰; 竹中直人; JA,宝可梦动画初代总编剧首藤刚志亲笔手记第212回：深入解构《结晶塔的帝王》的文学意象与戏剧哲学！首藤的大纲因被高层理解为恩泰保护小美的“自我牺牲”催泪大戏而毫无阻力全票通过；但首藤内心深恶痛绝“自我牺牲”这种冠冕堂皇的词汇，直言恩泰的拼命是父亲的“自我满足”，且恩泰向未知图腾宣战实质上是为了当好小美的父亲而不得不弑杀创造自己的“生身双亲”！首藤更透露本片受到科幻大师J.G.巴拉德《结晶世界》与德国科隆大教堂双塔（虚构的小美与觉醒的小美）的深刻启发。而当得知总监督内定怪才演员竹中直人配音恩泰时，曾见识过竹中在《新·飞翔情侣》中反客为主怪异演技的首藤大受震撼，特意为竹中量身打造了震撼人心的名台词：“只要那是小美的希望……”。然而在反思自己这个年差40岁、浪荡不羁的父亲能否代表天下普遍父亲的心声时，首藤在电脑前骤然停笔陷入严重瓶颈，导致一稿剧本严重拖期难产。文末随笔，首藤辛辣讽刺某自称《甜甜仙子》原作者的外行对音乐剧编剧瞎指挥的荒诞行径。,,imported,
,首藤刚志手记：第213回 “我的《宝可梦》电影在《结晶塔的帝王》画上句号”（深渊伦理拷问、病榻口述急送医院、园田英树接棒改稿与隐退宣言）,第213回 僕の『ポケモン』映画は『結晶塔の帝王』でおわり,http://www.style.fm/as/05_column/shudo213.shtml,https://web.archive.org/web/*/http://style.fm/as/05_column/shuto/shuto074.shtml,2010-02-24,首藤刚志; 汤山邦彦; 园田英树; 宫内妇贵子,剧场版,JA,WEBアニメスタイル,Anime Memoir,首藤刚志; 剧场版; 结晶塔的帝王; 园田英树; 宫内妇贵子; JA,宝可梦动画初代总编剧首藤刚志亲笔手记第213回：震撼宣告彻底告别宝可梦电影舞台！首藤倾吐执笔《结晶塔的帝王》时所面临的伦理绝境与心理崩溃：恩泰为了保护虚构女儿不得不弑杀赋予自身生命的未知图腾；而被掳走的小智母亲花子一旦苏醒，将面对养育小智与怜悯孤女小美的残酷人伦拉扯，加之花子与秀力博士的旧识关系极易滑向成人肥皂剧的污浊深渊。为了避免主题大崩盘，首藤狠心割舍花子戏份、剥离枝节，并在身体彻底散架之际于病床上向妻子口述高潮戏，稿件刚传真发给制作组便突发休克送医急救！面对监督对缺乏家庭温情戏的修改意见，心力交瘁的首藤指派精明干练的青年编剧园田英树接手润色第一稿。然而对成片片尾及胶片漫画中园田添加的‘生母生病住院’设定，首藤深感逻辑荒谬。此作之后，彻底力竭的首藤立誓再不碰宝可梦电影剧本！文末，首藤深情悼念18岁时发掘并庇护自己的恩师宫内妇贵子女士，誓死坚守严肃作家的风骨，痛斥借《甜甜仙子》30周年之名圈钱投机的无良奸商。,,imported,
,首藤刚志手记：第214回 “最近是不是筋疲力尽了啊”（板垣退助乌龙、7亿巨资质疑、为园田英树平反与剧场版退场绝响）,第214回 さいきんばてたのかなあ,http://www.style.fm/as/05_column/shudo214.shtml,https://web.archive.org/web/*/http://style.fm/as/05_column/shuto/shuto075.shtml,2010-03-03,首藤刚志; 板垣伸; 园田英树; 汤山邦彦,剧场版,JA,WEBアニメスタイル,Anime Memoir,首藤刚志; 剧场版; 结晶塔的帝王; 板垣伸; 园田英树; 7亿制作费; JA,宝可梦动画初代总编剧首藤刚志亲笔手记第214回：坦荡笑对业界质疑与《结晶塔的帝王》幕后秘辛！首藤在脚本家联盟聚会上被同行询问“写得这么露骨不怕业界封杀吗”，豁达直言行得正坐得端自无所畏惧；更幽默记叙自己误将隔壁专栏作者板垣伸当成“板垣退助”的健忘乌龙，自嘲迈入老年痴呆却一向“只重内容不记人名”。重回《结晶塔的帝王》，首藤披露当年制作总成本高达7亿日元，高层曾拍桌怒斥“首藤的本子根本不配花7个亿”；但他坚信作为送给女儿的珍贵礼物毫无遗憾。首藤更为改稿搭档园田英树鸣不平：自己撂挑子住院未能交代深层立意，园田独自承受制片方与监督的狂轰滥炸，强行拼凑大团圆结局情有可原。此作之后，首藤确认自身体力心智彻底耗尽，无论票房多火爆都誓不再碰宝可梦电影！文末随笔，首藤通报《甜甜仙子》主创编剧团队将正式提起司法诉讼，誓死阻击山寨侵权音乐剧与伪劣第三代企划。,,imported,
,首藤刚志手记：第215回 “小田原的剧本展”（结晶塔后辞去系列构成、坠海消波块自杀未遂惨案与小田原手稿文献展）,第215回 小田原の脚本展,http://www.style.fm/as/05_column/shudo215.shtml,https://web.archive.org/web/*/http://style.fm/as/05_column/shuto/shuto076.shtml,2010-03-10,首藤刚志; 汤山邦彦,剧场版,JA,WEBアニメスタイル,Anime Memoir,首藤刚志; 剧场版; 系列构成退场; 超梦我就在这里; 消波块自杀未遂; 小田原文学馆; JA,宝可梦动画初代总编剧首藤刚志亲笔手记第215回：首度披露震惊业界的离职真相与骇人自杀未遂惨剧！首藤交代自己的宝可梦剧场版生涯在第三部《结晶塔的帝王》之后便彻底终结，随后仅执笔了电视特别篇《超梦！我就在这里》（Mewtwo Returns）。在交出一稿剧本住院抢救出院后，首藤正式辞去了剧场版编剧与宝可梦TV动画系列构成（Series Construction）的全部职务。首藤坦承辞职绝非与善待自己的制作组闹翻，纯粹源于自身精神与体力的极度崩溃；更令人毛骨悚然的是，首藤透露此后自己曾闹出被警方记录为“自杀未遂”的重大惨案：恢复神智时竟发现自己漂浮在防波堤消波块的惊涛骇浪中，头部缝合数针且记忆全失！此外，首藤宣布小田原文学馆将于樱花季举办首藤刚志剧本专题文献展。文末随笔，首藤怒斥某制作公司抹除原作署名、恶意拖欠《甜甜仙子》初代Blu-ray版税的卑劣行径。,,imported,
,首藤刚志手记：第216回 “凝视着医院的天花板……”（海外大酒鬼档案、左撇子写作论、赠品打火机自嘲与宝可梦三十年永生大结局构想）,第216回 病院の天井を見つめつつ……,http://www.style.fm/as/05_column/shudo216.shtml,https://web.archive.org/web/*/http://style.fm/as/05_column/shuto/shuto077.shtml,2010-03-17,首藤刚志; 汤山邦彦; 林原惠; 小山茉美; 冈崎律子,剧场版,JA,WEBアニメスタイル,Anime Memoir,首藤刚志; 剧场版; 系列构成退场; 宝可梦终极结局; 赠品打火机; 冈崎律子; JA,宝可梦动画初代总编剧首藤刚志亲笔手记第216回：在病榻绝境中对生命意义与宝可梦终极宿命的深刻拷问！首藤在交出《结晶塔的帝王》一稿后住院整整一个月，深知每年写一部电影便倒下一次的恶性循环已难以为继。筹备小田原手稿展时，首藤在东京杂物间翻出一份将自己评价为“卓越编剧兼绝世大酒鬼”的英文资料，哭笑不得之余坚决否认辞去系列构成单纯是因为肝病——他是在病床上反思自己荒诞的一生：左撇子却被逼右手写字，因痛恨出卖自我的推销员行当而选择“最轻松”的写作；自嘲从来算不上大作家或名贵打火机，充其量只是买三包香烟送的廉价赠品塑料打火机。而在苍白的天花板下，首藤脑中日夜推演的，竟是只有等游戏与动画彻底完结后才能拍的《宝可梦》终极剧场版大结局！他直言宝可梦可以像永动机一样苟延残喘三十年，因为二次元的皮卡丘与小智永生不死！文末随笔，首藤痛陈山寨音乐剧的行业祸害，深情缅怀英年早逝的天才音乐人冈崎律子。,,imported,
,首藤刚志手记：第217回 “病房里的妄想症恶化？在《宝可梦》的世界里所谓的‘第一’究竟是什么？”（巴黎公社梦碎、暴发户刻板印象、世界第一的伪善虚相与小田原圣地巡礼）,第217回 病室の妄想病悪化？　『ポケモン』の世界で一番って？,http://www.style.fm/as/05_column/shudo217.shtml,https://web.archive.org/web/*/http://style.fm/as/05_column/shuto/shuto078.shtml,2010-03-24,首藤刚志; 宫崎骏; 猪股睦美; 富野由悠季,剧场版,JA,WEBアニメスタイル,Anime Memoir,首藤刚志; 剧场版; 超梦的逆袭; 巴黎公社; 世界第一真相; 猪股睦美; JA,宝可梦动画初代总编剧首藤刚志亲笔手记第217回：在病榻虚无绝境中对“世界第一”与“宝可梦帝国”展开残酷解构！年届五十、老来得女的首藤自省一生：既无宗教信仰亦无达观哲思；回忆年轻时借巴黎公社执笔《巴黎的伊莎贝拉》，原本企图用宏大巨著预言俄国革命与社会主义的极限，却不料东欧剧变、苏联在拖延中轰然解体。面对世人得知自己写宝可梦后脱口而出的“你发大财赚翻了吧”等市侩言论，首藤痛斥大众将团队汗水简单等同于铜臭暴发户的庸俗；更一针见血拆穿《超梦的逆袭》全球票房第一的虚妄——所谓“世界”充其量只是欧美发达国家，而在印度宝莱坞与非洲尼日利亚等电影大国以及中东伊斯兰世界，宝可梦根本不被承认甚至遭受抵制！文末随笔，首藤畅谈小田原手稿展花絮，揭秘猪股睦美带有神秘唇印的恶作剧色纸，并深情规划了从小田原早川漫步赏樱、巡礼富野由悠季故里与EVA第三新东京市的神仙路线。,,imported,
,首藤刚志手记：第218回 “回过神来身在纽约”（御前会议美版魔改之辩、偶遇基努里维斯与《麦麦新子》普遍童年论）,第218回 気がついたらニューヨーク,http://www.style.fm/as/05_column/shudo218.shtml,https://web.archive.org/web/*/http://www.style.fm/as/05_column/shudo218.shtml,2010-03-31,首藤刚志; 汤山邦彦; 基努·里维斯; 片渊须直,剧场版,JA,WEBアニメスタイル,Anime Memoir,首藤刚志; 剧场版; 超梦的逆袭; 基努里维斯; 麦麦新子与千年魔法; JA,宝可梦动画初代总编剧首藤刚志亲笔手记第218回：解密远赴纽约考察宝可梦全球狂潮与偶遇巨星基努·里维斯之谜！出院重返系列构成岗位的首藤饱受虚无与厌食症折磨，深感团队人才济济而自己只想打破十年长寿格局。在一次高层“御前会议”上，最高决策者御前样吹嘘宝可梦在美大获成功纯粹是因为针对美国口味进行了脱胎换骨的本土化大剪裁；当初轻信“将原汁原味带给世界”而在《超梦的逆袭》中倾注存在主义哲学思考的首藤大受震惊，生怕剧本被魔改成庸俗烂片。被拒绝参与洛杉矶商务考察后，首藤趁会议休假自费携妻女与小姨子飞抵纽约；在曼哈顿避世酒店电梯中偶遇处于《黑客帝国》巅峰期的好莱坞巨星基努·里维斯与其保镖；面对小姨子调侃，首藤底气不足自称宝可梦编剧却深陷自惭形秽。文末随笔，首藤以极高规格盛赞片渊须直执导的动画电影《麦麦新子与千年魔法》，深情论述该片超越地域的“全人类普遍童年体验”与日本动画走向成熟的风骨。,,imported,
,首藤刚志手记：第219回 “再次休载致歉与涉谷街头昏厥”（涉谷马路昏迷急救、小田原手稿常设馆与连载终末预告）,第219回 ふたたび休載のお詫び,http://www.style.fm/as/05_column/shudo219.shtml,https://web.archive.org/web/*/http://www.style.fm/as/05_column/shudo219.shtml,2010-04-21,首藤刚志,剧场版,JA,WEBアニメスタイル,Anime Memoir,首藤刚志; 剧场版; 涉谷街头昏厥; 甜甜仙子; 小田原文学馆; 连载完结预告; JA,宝可梦动画初代总编剧首藤刚志亲笔手记第219回：惊人披露命悬一线的街头昏厥救援与专栏终幕预告！首藤因极度虚脱突然在涉谷街头马路上昏死过去，千钧一发之际竟奇迹般被极少路过该地的《甜甜仙子》舞台音乐剧制作人发现并呼叫救护车急送大学医院抢救；因工作室邻近医院，首藤在恪守绝对卧床与规律饮食的苛刻条件下免于住院，靠出租车与新干线艰难赶赴关键行程。首藤宣布小田原手稿大展落幕后，小田原文学馆正式设立了首藤刚志小型常设纪念展角，小田原市立图书馆亦开放手稿预约查阅系统。面对赛璐珞与纸质手写剧本向数字化时代的不可逆变迁，首藤自省一生被视作“怪异编剧”的宿命，并沉痛预告本专栏在即将揭晓生涯最大转折点后，将在最后数回内迎来彻底完结（令人扼腕的是数月后首藤便猝然离世）。,,imported,
,首藤刚志手记：第220回 “我认为当务之急必看的节目”（哈佛白热教室、电车难题思辨与动画主题表达法）,第220回 僕が今、必見だと思う番組,http://www.style.fm/as/05_column/shudo220.shtml,https://web.archive.org/web/*/http://www.style.fm/as/05_column/shudo220.shtml,2010-04-28,首藤刚志; 迈克尔·桑德尔,剧场版,JA,WEBアニメスタイル,Anime Memoir,首藤刚志; 剧场版; 哈佛白热教室; 迈克尔桑德尔; 正义; 剧作法; JA,宝可梦动画初代总编剧首藤刚志亲笔手记第220回：病榻中紧急向年轻编剧力荐经典公开课《哈佛白热教室》（迈克尔·桑德尔之《正义》）！首藤拖着病体执笔，向立志从事动画剧作的读者阐释如何将高深哲学转化为通俗戏剧。首藤剖析桑德尔公开课的精髓绝非照本宣科的死板理论，而是将听众卷入道德困境、从多元对立视角解构核心命题的非凡“引导法”；若将阶梯教室的听众等同于屏幕前的动画观众，这种不居高临下说教、而是通过情境设问促使受众主动反思的表达技巧，正是阅片无数也难以参透的顶级剧作法。首藤澄清自己并非教条式的“主题至上主义者”，但强调掌握这种全方位思辨感性是每个严肃动画作家的立身之本。,,imported,
,首藤刚志手记：第221回 “纽约的宝可梦”（时代广场数码兽招牌、无线电城大号皮卡丘与“绝不写他人能写之物”）,第221回 ニューヨークのポケモン,http://www.style.fm/as/05_column/shudo221.shtml,https://web.archive.org/web/*/http://www.style.fm/as/05_column/shudo221.shtml,2010-05-12,首藤刚志; 森公美子; 艾萨克·斯特恩; 细田守,剧场版,JA,WEBアニメスタイル,Anime Memoir,首藤刚志; 剧场版; 时代广场; 数码宝贝; 无线电城; 中央公园; 绝不写他人能写之物; JA,宝可梦动画初代总编剧首藤刚志亲笔手记第221回：解密2000年曼哈顿世贸双子塔前夕的纽约亲子圣地巡礼与剧作真谛！首藤带5岁幼女探访全美最大玩具殿堂，赫然发现外墙被劲敌《数码宝贝》铺天盖地霸占，甚至拉着女儿在数码兽海报前比V合影；然而进店后数码兽全无立锥之地，宝可梦独占整层专区人满为患，深感宝可梦已在异国彻底扎根。漫步至百老汇无线电城音乐厅（Radio City），偶遇《Pokémon Live!》舞台剧海报与踩点的森公美子一行；首藤获邀参与后台探秘，将女儿的小皮卡丘玩偶独自立于可容六千人的世界最大舞台中央，定格下“最小独角戏演员”的经典瞬间，自感宝可梦使命已了。次日父女漫步中央公园突遇大暴雨，与不同肤色语言的落单孩童挤在铁栅石亭下避雨，目睹黑人幼童在泥雨中纵情欢舞，拍下珍贵影像赠与如今已是初中生的女儿。文末随笔传授终生剧作绝学——“绝不写他人能写之物”：直面左撇子写作创伤，强调万物皆可为素材，唯有拒绝套路模仿、向作品毫无保留注入真实自我，方成不朽文章。,,imported,
,首藤刚志手记：第222回 “系列构成的极限”（中央公园暴雨落败、未成形的斯巴达克斯式宝可梦起义与辞退剧场版第4作）,第222回 限界シリーズコンストラクション,http://www.style.fm/as/05_column/shudo222.shtml,https://web.archive.org/web/*/http://www.style.fm/as/05_column/shudo222.shtml,2010-05-19,首藤刚志; 汤山邦彦; 林原惠; 三木真一郎; 犬山犬子; 押井守; 汤浅政明,剧场版,JA,WEBアニメスタイル,Anime Memoir,首藤刚志; 剧场版; 超梦的逆袭; 超梦重现; 斯巴达克斯起义; 喵喵之歌; JA,宝可梦动画初代总编剧首藤刚志亲笔手记第222回：解密系列构成辞任始末与生前构想的“宝可梦终极结局”！在纽约中央公园目睹跨越人种的倾盆暴雨后，首藤彻底放下了借由宝可梦传递自溺思想的偏执，欣然接受艺术造作敌不过纯粹自然伟力的“快意败北”。回国后身心濒临崩溃的他主动辞退了第4部剧场版动画编剧，坦言除了自己最初预设的“古罗马斯巴达克斯式宝可梦觉醒大叛乱”（皮卡丘任起义军领袖与小智兵戎相见，火箭队携喵喵充当和平调停者并揭秘《喵喵之歌》伏笔）之外，再也写不出合格的电影企划；面对接任者揶揄，首藤自嘲这是“输光落跑”而非见好就收。为给超梦彻底画上句号，他倾尽心力执笔了电视特别篇《超梦！我就在这里》（超梦重现），随后正式卸任系列构成，痛陈自己作为商业对战动画总编剧却抗拒撰写任何道馆联盟胜负战的根本矛盾，并深情呼吁后辈创作者切勿将火箭队三人组贬为扁平的小丑反派。文末影评随笔中，首藤犀利剖析了押井守《宫本武藏》、京都动画《凉宫春日的消失》与汤浅政明《四叠半神话大系》，对日本动画产业的剧本危机敲响警钟。,,imported,
,首藤刚志手记：第223回 “从《宝可梦》中消失的我”（小说第三卷梦碎、小田原深夜跳海获救与诀别系列构成）,第223回 『ポケモン』から消えた僕,http://www.style.fm/as/05_column/shudo223.shtml,https://web.archive.org/web/*/http://www.style.fm/as/05_column/shudo223.shtml,2010-05-26,首藤刚志; 汤山邦彦,剧场版,JA,WEBアニメスタイル,Anime Memoir,首藤刚志; 宝可梦小说; 铁炮鱼的天空; 呆呆兽的顿悟; 小田原; 精神崩溃; JA,宝可梦动画初代总编剧首藤刚志亲笔手记第223回：解密彻底隐退宝可梦一线、小说第三卷绝版与小田原深夜惊险跳海之谜！辞去系列构成后，首藤零星执笔了《铁炮鱼的天空》《呆呆兽的顿悟》等远离对战的番外单元剧，甚至曾构思以类似猫鼬的宝可梦为主角的大纲，但身心彻底被掏空。面对亲友对其在经济大萧条时期丢掉宝可梦摇钱树的痛骂，首藤陷入绝境，宝可梦官方小说也永远停更在第2卷；随后他因为创作枯竭在未写完一集单话剧本时突发严重休克入院，与剧本组就此彻底失联。大病出院后，首藤在药物与酒精交织的意识空白下深夜徒步数里走向小田原悬崖，坠入布满消波块的惊涛骇浪，所幸被海边无家可归的拾荒者救起送医；在被警方定性为“自杀未遂”收押精神病房期间，他以编剧视角冷静观察病患生态，甚至苦中作乐拿阪神夺冠跳河戏谑这场悲剧。文末，首藤宣布宝可梦回忆正式落幕，将用最后篇章传授如何将经典电影的卓越既视感注入动画剧本。,,imported,
,首藤刚志手记：第224回 “大器晚成的编剧始于动画”（放送作家协会之伪善、著作权占比超六成与《和巴什尔跳华尔兹》）,第224回 大成する脚本家はアニメから,http://www.style.fm/as/05_column/shudo224.shtml,https://web.archive.org/web/*/http://www.style.fm/as/05_column/shudo224.shtml,2010-06-02,首藤刚志; 大宅壮一; 阿里·福尔曼; 詹姆斯·卡梅隆,剧场版,JA,WEBアニメスタイル,Anime Memoir,首藤刚志; 放送作家协会; 剧本档案馆; 3D龙事件; 和巴什尔跳华尔兹; 阿凡达; JA,宝可梦动画初代总编剧首藤刚志亲笔手记第224回：专栏步入倒数尾声，首藤犀利炮轰日本影视界的官僚伪善并寄语青年编剧！他辛辣批判了日本放送作家协会打着“剧本是文化遗产”的旗号侵吞文化厅国民税金建设档案馆的虚伪，揭露动画编剧贡献了全行业超60%的著作权及二次使用分成，却在协会50周年纪念志中被边缘化为仅占10页的附庸，并指出NHK早在宝可梦3D龙事件之前就曾发生过儿童抽搐却隐瞒不报的黑历史。首藤断言真正大器晚成的伟大编剧必将诞生于不受收视率与金主束缚的动画沃土。在文末影评中，首藤将卡梅隆的《阿凡达》贬为靠3D遮丑的陈旧西部片，并将狂扫奥斯卡的《入殓师》与以色列动画伪纪录片《和巴什尔跳华尔兹》对比，极力盛赞后者用超现实动画重构黎巴嫩战争创痛与萨布拉-夏蒂拉大屠杀实录的无上神力，痛心日本动画缺乏触及历史苦难的艺术野心。,,imported,
,首藤刚志手记：第225回 “我就是我”（昏迷倒地三日的“异常正常”、母校演讲一元二手书与《告白》《从河底问好》）,第225回 自分は自分,http://www.style.fm/as/05_column/shudo225.shtml,https://web.archive.org/web/*/http://www.style.fm/as/05_column/shudo225.shtml,2010-06-24,首藤刚志; 石井裕也; 满岛光; 中岛哲也; 松隆子,剧场版,JA,WEBアニメスタイル,Anime Memoir,首藤刚志; 编剧培训批判; 母校演讲; 告白; 从河底问好; JA,宝可梦动画初代总编剧首藤刚志亲笔手记第225回：绝笔终章的前夜，首藤以超然的幽默与冷峻剖析生死、创作本质与影视虚实！开篇详述自己接完编辑催稿电话后在工作室内突发昏厥从床头滚落，因怕占用公共急救资源而独自在地板上动弹不得瘫倒三日三夜，靠枕边笔记本放DVD与床头书求生，爬行去卫生间；三天后赴医急诊，却荒唐查出“各项指标空前正常”与重度挫伤。身体稍有好转，他奔赴小田原探究蒲鉾鱼糕文化，并返校母校初中举办演讲，在优等生期待听到励志鸡汤时直言“当编剧纯粹因为省力，有纸和笔就能写”，并在家长询问购书时调侃“亚马逊二手书只需1日元”。文末影评中，首藤力赞女性编剧打破男性预期调和的蛮横生命力，并以满岛光主演的《从河底问好》（石井裕也执导）与中岛哲也执导、松隆子主演的《告白》为例，深入论证“动画式现实虚构法则”在真人电影中的伟大胜利，盛赞《告白》用精简舍弃与结尾原创神来之笔彻底颠覆原著劣质少女妄想的超凡笔力。,,imported,
,首藤刚志手记：最终回 “人人都能成为编剧”（绝笔终章：罗生门式的自我真实、小松左京的托付与最后的告别）,最終回 みんな脚本家になれます。,http://www.style.fm/as/05_column/shudo226.shtml,https://web.archive.org/web/*/http://www.style.fm/as/05_column/shudo226.shtml,2010-06-30,首藤刚志; 小松左京; 富野由悠季; 小黑祐一郎; 赤冢不二夫,剧场版,JA,WEBアニメスタイル,Anime Memoir,首藤刚志; 绝笔终章; 漫画日本物语; 小松左京; 富野由悠季; 战国魔神豪将军; 魔法公主明琪桃子; 罗生门; JA,宝可梦动画初代总编剧首藤刚志长达五年连载手记的壮丽绝笔终章（首藤于4个月后的2010年10月29日骤逝，本篇成为其毕生最后的思想遗嘱）！首藤回归专栏副标题“人人都能成为编剧”的真正哲学真谛：绝不为牟利而写、绝不迎合他人，真正的戏剧唯有从自身最切肤的体验与对深爱之人的专注凝视中诞生；他以芥川龙之介《竹林中》（罗生门）的三角关系为例，深刻论证每个个体眼中的真理皆不同，大热爆款绝非乌合之众的千人一面，而是亿万独立意志的偶然交汇。首藤回顾了30多年前自己20多岁担任刺头编剧时，在《漫画日本物语》筹备会上当场掀桌反抗教科书式死板说教，坦言“我只按自己的需求写为什么需要电与火车”，从而令担任总监修的日本科幻泰斗小松左京（《日本沉没》作者）当场折服退让、全盘托付的传奇轶事；并坦承自己与同乡富野由悠季在同档期激烈竞争，一生只坚守“我只能写出这样的动画”的风骨。在最后的后记中，首藤向编辑部与读者深情致谢，以充满禅机与叹息的最后箴言诀别：“如果可以的话，最好千万不要随随便便立志当什么动画编剧哦……虽然我知道，说了也白说就是了……”,,imported,
,社长问《宝可梦 心金·魂银》第1章：岩田聪 × 石原恒和 × 森本茂树——赶上末班车的赤绿与偷塞“梦幻”的真相,社長が訊く『HGSS』第1章 赤・緑から金・銀へ,https://www.nintendo.co.jp/ds/interview/ipkj/vol1/index.html,https://web.archive.org/web/*/https://www.nintendo.co.jp/ds/interview/ipkj/vol1/index.html,2009-09-04,岩田聪; 石原恒和; 森本茂树,Gen 4,JA,任天堂官方,Iwata Asks,社長が訊く; HGSS; 岩田聪; 森本茂树; JA,任天堂官方深度访谈章节：社長が訊く『HGSS』第1章 赤・緑から金・銀へ,_posts/2009-09-04-interview-iwata-asks-hgss-chapter-1-red-green-mew.md,imported,
,社长问《宝可梦 心金·魂银》第3章：岩田聪亲述当年为《金·银》写压缩代码救场与一周移植宝可梦竞技场,社長が訊く『HGSS』第2章 プログラム圧縮の真実,https://www.nintendo.co.jp/ds/interview/ipkj/vol1/index2.html,https://web.archive.org/web/*/https://www.nintendo.co.jp/ds/interview/ipkj/vol1/index2.html,2009-09-04,岩田聪; 石原恒和; 森本茂树,Gen 4,JA,任天堂官方,Iwata Asks,社長が訊く; HGSS; 岩田聪压缩算法; 关都植入; JA,任天堂官方深度访谈章节：社長が訊く『HGSS』第2章 プログラム圧縮の真実,_posts/2009-09-04-interview-iwata-asks-hgss-chapter-3-iwata-compression-stadium.md,imported,
,社长问《宝可梦 心金·魂银》第2章：岩田聪 × 石原恒和——“便携玩具之王”与跳出卡带的宝可梦生态,社長が訊く『HGSS』第3章 ミュウ誕生の秘密,https://www.nintendo.co.jp/ds/interview/ipkj/vol1/index3.html,https://web.archive.org/web/*/https://www.nintendo.co.jp/ds/interview/ipkj/vol1/index3.html,2009-09-04,岩田聪; 森本茂树,Gen 4,JA,任天堂官方,Iwata Asks,社長が訊く; HGSS; 梦幻; JA,任天堂官方深度访谈章节：社長が訊く『HGSS』第3章 ミュウ誕生の秘密,_posts/2009-09-04-interview-iwata-asks-hgss-chapter-2-portable-toy-king.md,imported,
,社长问《宝可梦 心金·魂银》第4章：Pokéwalker软硬件开发、全493只宝可梦跟随与十周年致玩家,社長が訊く『HGSS』第4章 ポケウォーカーのこだわり,https://www.nintendo.co.jp/ds/interview/ipkj/vol1/index4.html,https://web.archive.org/web/*/https://www.nintendo.co.jp/ds/interview/ipkj/vol1/index4.html,2009-09-04,岩田聪; 石原恒和; 森本茂树,Gen 4,JA,任天堂官方,Iwata Asks,社長が訊く; HGSS; Pokéwalker; JA,任天堂官方深度访谈章节：社長が訊く『HGSS』第4章 ポケウォーカーのこだわり,_posts/2009-09-04-interview-iwata-asks-hgss-chapter-4-pokewalker-493-following.md,imported,
,社长问《宝可梦 黑·白》第1章：在NDS平台第二次制作完全新作（放弃全部旧怪兽做156只新宠的豪赌）,社長が訊く『BW』第1章 すべてをゼロから見直す,https://www.nintendo.co.jp/ds/interview/irbj/vol1/index.html,https://web.archive.org/web/*/https://www.nintendo.co.jp/ds/interview/irbj/vol1/index.html,2010-09-10,岩田聪; 增田顺一; 杉森建; 石原恒和,Gen 5,JA,任天堂官方,Iwata Asks,社長が訊く; BW; 156只新宠; 增田顺一; JA,任天堂官方深度访谈章节：社長が訊く『BW』第1章 すべてをゼロから見直す,_posts/2010-09-10-interview-iwata-asks-bw-chapter-1-second-game-on-ds.md,imported,
,社长问《宝可梦 黑·白》第2章：焕然一新的宝可梦世界（为什么要把舞台搬到海外大都会曼哈顿）,社長が訊く『BW』第2章 イッシュ地方の由来とニューヨーク,https://www.nintendo.co.jp/ds/interview/irbj/vol1/index2.html,https://web.archive.org/web/*/https://www.nintendo.co.jp/ds/interview/irbj/vol1/index2.html,2010-09-10,岩田聪; 增田顺一; 杉森建,Gen 5,JA,任天堂官方,Iwata Asks,社長が訊く; BW; 合众纽约; JA,任天堂官方深度访谈章节：社長が訊く『BW』第2章 イッシュ地方の由来とニューヨーク,_posts/2010-09-10-interview-iwata-asks-bw-chapter-2-brand-new-world.md,imported,
,社长问《宝可梦 黑·白》第3章：因通信而拓展的游玩方式（随时无线连接、红外与C-Gear革命）,社長が訊く『BW』第3章 卒業させないための工夫・漢字表示,https://www.nintendo.co.jp/ds/interview/irbj/vol1/index3.html,https://web.archive.org/web/*/https://www.nintendo.co.jp/ds/interview/irbj/vol1/index3.html,2010-09-10,岩田聪; 增田顺一; 石原恒和,Gen 5,JA,任天堂官方,Iwata Asks,社長が訊く; BW; 汉字模式; JA,任天堂官方深度访谈章节：社長が訊く『BW』第3章 卒業させないための工夫・漢字表示,_posts/2010-09-10-interview-iwata-asks-bw-chapter-3-expanding-play-communication.md,imported,
,社长问《宝可梦 黑·白》第4章：未曾改变的“宝可梦本质”（等离子队、哲学反思与永不毕业的乐趣）,社長が訊く『BW』第4章 プラズマ団とNの思想,https://www.nintendo.co.jp/ds/interview/irbj/vol1/index4.html,https://web.archive.org/web/*/https://www.nintendo.co.jp/ds/interview/irbj/vol1/index4.html,2010-09-10,岩田聪; 增田顺一; 杉森建,Gen 5,JA,任天堂官方,Iwata Asks,社長が訊く; BW; N; 等离子队; JA,任天堂官方深度访谈章节：社長が訊く『BW』第4章 プラズマ団とNの思想,_posts/2010-09-10-interview-iwata-asks-bw-chapter-4-unchanging-pokemon-essence.md,imported,
,社长问《宝可梦 黑·白》第5章：崭新的世界与崭新的相遇（3D高低差视角与主创致玩家寄语）,社長が訊く『BW』第5章 Cギアとすれ違い通信の進化,https://www.nintendo.co.jp/ds/interview/irbj/vol1/index5.html,https://web.archive.org/web/*/https://www.nintendo.co.jp/ds/interview/irbj/vol1/index5.html,2010-09-10,岩田聪; 增田顺一; 石原恒和,Gen 5,JA,任天堂官方,Iwata Asks,社長が訊く; BW; C-Gear; JA,任天堂官方深度访谈章节：社長が訊く『BW』第5章 Cギアとすれ違い通信の進化,_posts/2010-09-10-interview-iwata-asks-bw-chapter-5-new-world-new-encounters.md,imported,
,[访谈翻译] 社长问《超级宝可梦乱战》第1章：“连我家太太也着迷”（发条玩具设定、捏气泡纸般的爽快感与周末潜行数值大调整）,社長が訊く『スーパーポケモンスクランブル』 1. 「うちの家内も」,https://www.nintendo.co.jp/3ds/interview/accj/vol1/index.html,https://web.archive.org/web/*/https://www.nintendo.co.jp/ds/interview/irbj/vol2/index.html,2011-08-04,岩田聪; 田中宏和; 大森滋,Gen 5,JA,任天堂官方,Iwata Asks,社長が訊く; BW; Creatures; 点阵动作; JA,任天堂官方深度访谈章节：社長が訊く『BW』クリーチャーズ編(1) ドット絵の限界への挑戦,_posts/2011-08-04-interview-iwata-asks-super-pokemon-rumble-chapter-1-even-my-wife.md,imported,
,[访谈翻译] 社长问《超级宝可梦乱战》第2章：300亿种宝可梦的相遇（600只全员集结、称号与一期一会的组队战术）,社長が訊く『スーパーポケモンスクランブル』 2. ３００億通り？のポケモン,https://www.nintendo.co.jp/3ds/interview/accj/vol1/index2.html,https://web.archive.org/web/*/https://www.nintendo.co.jp/ds/interview/irbj/vol2/index2.html,2011-08-04,岩田聪; 田中宏和; 大森滋,Gen 5,JA,任天堂官方,Iwata Asks,社長が訊く; BW; 对战镜头; JA,任天堂官方深度访谈章节：社長が訊く『BW』クリーチャーズ編(2) バトルカメラワーク,_posts/2011-08-04-interview-iwata-asks-super-pokemon-rumble-chapter-2-30-billion-combinations.md,imported,
,[访谈翻译] 社长问《超级宝可梦乱战》第3章：“想再玩一次”（马力欧俱乐部测试员的盛赞、Mii擦肩通信与发条玩具纸雕特典）,社長が訊く『スーパーポケモンスクランブル』 3. 「もう１度、遊びたい」,https://www.nintendo.co.jp/3ds/interview/accj/vol1/index3.html,https://web.archive.org/web/*/https://www.nintendo.co.jp/ds/interview/irbj/vol2/index3.html,2011-08-04,岩田聪; 田中宏和; 石原恒和,Gen 5,JA,任天堂官方,Iwata Asks,社長が訊く; BW; 卡牌联动; JA,任天堂官方深度访谈章节：社長が訊く『BW』クリーチャーズ編(3) ポケモンカードとの連動,_posts/2011-08-04-interview-iwata-asks-super-pokemon-rumble-chapter-3-want-to-play-again.md,imported,
,[访谈翻译] 社长问《超级宝可梦乱战》第4章：作为3DS首部宝可梦正作（“电车坐过站”沉迷指标、前十分钟黄金律与Super命名哲学）,社長が訊く『スーパーポケモンスクランブル』 4. 3DS最初のポケモンタイトルとして,https://www.nintendo.co.jp/3ds/interview/accj/vol1/index4.html,https://web.archive.org/web/*/https://www.nintendo.co.jp/ds/interview/irbj/vol2/index4.html,2011-08-04,岩田聪; 田中宏和; 大森滋,Gen 5,JA,任天堂官方,Iwata Asks,社長が訊く; BW; 建模融合; JA,任天堂官方深度访谈章节：社長が訊く『BW』クリーチャーズ編(4) 2Dと3Dの融合美学,_posts/2011-08-04-interview-iwata-asks-super-pokemon-rumble-chapter-4-first-pokemon-title-on-3ds.md,imported,
,社长问《宝可梦 黑2·白2》第1章：为何打破传统做正统数字续篇（“两部续篇”与“两年之后”）,社長が訊く『B2W2』第1章 完全新作としての続編,https://www.nintendo.co.jp/n10/interview/bw2/vol1/index.html,https://web.archive.org/web/*/https://www.nintendo.co.jp/n10/interview/bw2/vol1/index.html,2012-06-15,岩田聪; 海野隆雄; 增田顺一,Gen 5,JA,任天堂官方,Iwata Asks,社長が訊く; B2W2; 海野隆雄; 数字续作; JA,任天堂官方深度访谈章节：社長が訊く『B2W2』第1章 完全新作としての続編,_posts/2012-06-15-interview-iwata-asks-b2w2-chapter-1-two-sequels-two-years-later.md,imported,
,社长问《宝可梦 黑2·白2》第4章：为什么在3DS已上市时坚守NDS硬件（桧扇市全新开局、宝可梦本质与三神器联动）,社長が訊く『B2W2』第2章 DSで出すことの意義,https://www.nintendo.co.jp/n10/interview/bw2/vol1/index2.html,https://web.archive.org/web/*/https://www.nintendo.co.jp/n10/interview/bw2/vol1/index2.html,2012-06-15,岩田聪; 海野隆雄; 增田顺一,Gen 5,JA,任天堂官方,Iwata Asks,社長が訊く; B2W2; DS平台坚守; JA,任天堂官方深度访谈章节：社長が訊く『B2W2』第2章 DSで出すことの意義,_posts/2012-06-15-interview-iwata-asks-b2w2-chapter-4-staying-on-ds-three-sacred-treasures.md,imported,
,社长问《宝可梦 黑2·白2》第3章：双版本同时发售的双钥匙联动机制与宝可梦好莱坞太空幻想,社長が訊く『B2W2』第3章 キーシステムと2本の共鳴,https://www.nintendo.co.jp/n10/interview/bw2/vol1/index3.html,https://web.archive.org/web/*/https://www.nintendo.co.jp/n10/interview/bw2/vol1/index3.html,2012-06-15,岩田聪; 海野隆雄; 增田顺一,Gen 5,JA,任天堂官方,Iwata Asks,社長が訊く; B2W2; 钥匙系统; JA,任天堂官方深度访谈章节：社長が訊く『B2W2』第3章 キーシステムと2本の共鳴,_posts/2012-06-15-interview-iwata-asks-b2w2-chapter-3-pokestar-studios-space-fantasy.md,imported,
,社长问《宝可梦 黑2·白2》第2章：百人实时同屏的庆典任务与遗迹通信挑战,社長が訊く『B2W2』第4章 100人フェスミッションの実現,https://www.nintendo.co.jp/n10/interview/bw2/vol1/index4.html,https://web.archive.org/web/*/https://www.nintendo.co.jp/n10/interview/bw2/vol1/index4.html,2012-06-15,岩田聪; 海野隆雄; 增田顺一,Gen 5,JA,任天堂官方,Iwata Asks,社長が訊く; B2W2; 百人通信; JA,任天堂官方深度访谈章节：社長が訊く『B2W2』第4章 100人フェスミッションの実現,_posts/2012-06-15-interview-iwata-asks-b2w2-chapter-2-100-player-co-op.md,imported,
,社长问《宝可梦 X·Y》第1章：系列首次全球同日发售的奇迹（七国语言同步、跨时区保密与全球命名挑战）,うごく社長が訊く『ポケットモンスター Ｘ・Ｙ』1. シリーズ初の世界同時発売,https://www.nintendo.co.jp/3ds/interview/ekjj/vol1/index.html,https://web.archive.org/web/*/https://www.nintendo.co.jp/3ds/interview/ekjj/vol1/index.html,2013-10-10,岩田聪; 增田顺一; 石原恒和,Gen 6,JA,任天堂官方,Iwata Asks,社長が訊く; XY; 全3D化; 妖精属性; JA,2013年10月，任天堂社长岩田聪与The Pokémon Company社长石原恒和、Game Freak总监增田顺一展开深度对谈。这是宝可梦历史上首次实现全球主要地区同日发售，游戏支持七国语言自由切换。石原坦言从初代起这就是长年夙愿，曾被视作‘绝不可能的梦幻构想’；增田顺一与岩田聪亲述跨越全球时区的测试同步、全怪兽多国语言命名统一注册与防剧透保密体系的非凡攻坚历程。,_posts/2013-10-10-interview-iwata-asks-xy-chapter-1-global-simultaneous-release.md,imported,
,社长问《宝可梦 X·Y》第2章：焕然一新的宝可梦与全3D建模（皮卡丘大谷育江原声录制与生动表情）,うごく社長が訊く『ポケットモンスター Ｘ・Ｙ』2. 生まれかわったポケモン,https://www.nintendo.co.jp/3ds/interview/ekjj/vol1/index2.html,https://web.archive.org/web/*/https://www.nintendo.co.jp/3ds/interview/ekjj/vol1/index2.html,2013-10-10,岩田聪; 增田顺一; 石原恒和,Gen 6,JA,任天堂官方,Iwata Asks,社長が訊く; XY; Mega进化; JA,《宝可梦 X·Y》从过去的2D像素全面跨入全3D多边形时代。石原恒和笑谈3D化后才终于看清‘原来这里不是背部而是尾巴’，首次能360度全方位审视怪兽生理构造；正统作首次收录大谷育江亲声录制的皮卡丘真实嗓音；引入全新的‘宝可友友乐（Poké-Amie）’，训练家可直接在触摸屏上抚摸怪兽、喂食宝芙蕾，通过生动丰富的喜怒哀乐神态赋予怪兽真正的生命温度。,_posts/2013-10-10-interview-iwata-asks-xy-chapter-2-reborn-pokemon-3d-amie.md,imported,
,社长问《宝可梦 X·Y》第3章：全新属性妖精与对战数值重构（时隔14年的对战革命与龙属性制衡）,うごく社長が訊く『ポケットモンスター Ｘ・Ｙ』3. 新しいバトル,https://www.nintendo.co.jp/3ds/interview/ekjj/vol1/index3.html,https://web.archive.org/web/*/https://www.nintendo.co.jp/3ds/interview/ekjj/vol1/index3.html,2013-10-10,岩田聪; 增田顺一; 石原恒和,Gen 6,JA,任天堂官方,Iwata Asks,社長が訊く; XY; 全球同发; JA,继1999年《金·银》加入恶属性与钢属性之后，正统系列时隔整整14年再度迎来第18种属性——‘妖精属性（Fairy-type）’。增田顺一感叹数值调整‘无比艰难漫长’，但此前对战环境中龙属性几乎处于压倒性优势，妖精属性的诞生令属性克制体系重新焕发生机。同时全新加入空中对战与群聚对战，拓展了更富层次的战术纵深与培育乐趣。,_posts/2013-10-10-interview-iwata-asks-xy-chapter-3-new-battles-fairy-type.md,imported,
,社長が訊く『不可思议迷宫 极大之门与∞迷宫』第1章：不可思议的组合（石原恒和千次游玩之缘与醒来变成宝可梦的原点）,社長が訊く『ポケモン不思議のダンジョン　～マグナゲートと∞迷宮～』 1. 「あり得ない組み合わせ」,https://www.nintendo.co.jp/3ds/interview/apdj/vol1/index.html,https://web.archive.org/web/*/https://www.nintendo.co.jp/interview/664/,2012-11-22,岩田聪; 石原恒和; 长畑成一郎; 富江慎一郎,Gen 5,JA,任天堂官方,Web Interview,Pokemon; 任天堂; 社长问; 不可思议迷宫; 极大之门与∞迷宫; 岩田聪; 石原恒和; Spike Chunsoft; Gen 5; JA,2012年11月《宝可梦不可思议迷宫 ～极大之门与∞迷宫～》发售前夕任天堂社长岩田聪对谈特别企划。第1章回溯系列诞生秘史：石原恒和早在FC《俄罗斯方块2+轰天雷》就与Chunsoft结缘，后因沉迷SFC《特鲁尼克大冒险》亲自通关上千次，立志促成宝可梦与不可思议迷宫结合；制作人长畑成一郎与编剧富江慎一郎首度揭秘第一部救助队剧本初案并非变身宝可梦，石原敏锐拍板“醒来变成宝可梦”神级设定的全过程；岩田聪精辟总结“不可思议的绝妙组合”与迷宫探索“心灵修行”之魅力。,_posts/2012-11-22-interview-iwata-asks-gates-to-infinity-chapter-1-impossible-combination.md,imported,
,社長が訊く『不可思议迷宫 极大之门与∞迷宫』第2章：系统本身成为戏剧（Rogue机制与王道物语的共生、AR圆环与现实连接）,社長が訊く『ポケモン不思議のダンジョン　～マグナゲートと∞迷宮～』 2. システム自体がドラマになる,https://www.nintendo.co.jp/3ds/interview/apdj/vol1/index2.html,https://web.archive.org/web/*/https://www.nintendo.co.jp/interview/665/,2012-11-22,岩田聪; 石原恒和; 长畑成一郎; 富江慎一郎,Gen 5,JA,任天堂官方,Web Interview,Pokemon; 任天堂; 社长问; 不可思议迷宫; 极大之门与∞迷宫; 岩田聪; 石原恒和; Spike Chunsoft; Gen 5; JA,2012年11月《宝可梦不可思议迷宫 ～极大之门与∞迷宫～》发售前夕任天堂社长岩田聪对谈特别企划第2章。深度解构迷宫RPG独一无二的叙事哲学：编剧富江慎一郎提出“系统本身成为戏剧”——每一次进入迷宫的地形随机、怪物围攻与绝境逢生都是玩家独享的戏剧高潮，剧本的作用在于温柔呵护而非扼杀这种涌现叙事；长畑成一郎回顾从GBA/DS跨越至3DS的软硬件进化，披露利用3DS摄像头识别人间万物“圆形物体”开启“极大之门（Magnagate）”的AR黑科技探索；石原恒和与岩田聪畅谈现实联结与童年冒险的幸福感。,_posts/2012-11-22-interview-iwata-asks-gates-to-infinity-chapter-2-system-drama.md,imported,
,社長が訊く『不可思议迷宫 极大之门与∞迷宫』第3章：“决定版”（单一包装的魄力、Chunsoft自DQ时代传承的亲切感与难度哲学）,社長が訊く『ポケモン不思議のダンジョン　～マグナゲートと∞迷宮～』 3. “決定版”,https://www.nintendo.co.jp/3ds/interview/apdj/vol1/index3.html,https://web.archive.org/web/*/https://www.nintendo.co.jp/interview/666/,2012-11-22,岩田聪; 石原恒和; 长畑成一郎; 富江慎一郎,Gen 5,JA,任天堂官方,Web Interview,Pokemon; 任天堂; 社长问; 不可思议迷宫; 极大之门与∞迷宫; 岩田聪; 石原恒和; Spike Chunsoft; Gen 5; JA,2012年11月《宝可梦不可思议迷宫 ～极大之门与∞迷宫～》发售前夕任天堂社长岩田聪对谈特别企划第3章。石原恒和首度阐述为何本作打破以往双版本发售惯例，只推单一实体版本：“因为这单一包装的分量已然足够丰沛，堪称系列集大成的‘决定版’！”岩田聪深入剖析Chunsoft自开发《勇者斗恶龙》初代至五代传承至今的看家本领——“将晦涩硬核玩法打磨至极度亲切体贴的系统亲和力（UI）”；众人坦诚探讨从红白机到现代玩家耐受度的时代变迁、迷宫“受虐狂级难度”与温柔通关的黄金平衡、系列首次引入DLC追加迷宫以及擦肩无线救援生态。,_posts/2012-11-22-interview-iwata-asks-gates-to-infinity-chapter-3-definitive-edition.md,imported,
,社長が訊く『不可思议迷宫 极大之门与∞迷宫』第4章：“随机数”的魔法（背叛与期待的一纸之隔、硬派游戏哲学与土龙弟弟的执念）,社長が訊く『ポケモン不思議のダンジョン　～マグナゲートと∞迷宮～』 4. “乱数”,https://www.nintendo.co.jp/3ds/interview/apdj/vol1/index4.html,https://web.archive.org/web/*/https://www.nintendo.co.jp/interview/667/,2012-11-22,岩田聪; 石原恒和; 长畑成一郎; 富江慎一郎,Gen 5,JA,任天堂官方,Web Interview,Pokemon; 任天堂; 社长问; 不可思议迷宫; 极大之门与∞迷宫; 岩田聪; 石原恒和; Spike Chunsoft; Gen 5; JA,2012年11月《宝可梦不可思议迷宫 ～极大之门与∞迷宫～》发售前夕任天堂社长岩田聪对谈特别企划第4章（完结篇）。深入探讨Rogue-like游戏最具魔力的底层灵魂——“随机数（RNG）”：为何玩家面对一次次被随机数“玩弄于股掌之间”的绝境，反而会激发出前所未有的胜负欲与专注力？长畑成一郎提出“背叛与期待仅有一纸之隔”的绝妙心理学，富江慎一郎分享从“不断暴毙”转变为“学会与游戏展开深度对话”的顿悟；石原恒和爆料关键登场角色为何执意选用土龙弟弟；岩田聪总结致辞：不可思议迷宫是当代“硬派骨灰游戏（硬派ゲーム）”的最杰出典范，它以宝可梦为引路人，将无数新一代玩家领入充满无限可能性的深邃游戏世界。,_posts/2012-11-22-interview-iwata-asks-gates-to-infinity-chapter-4-random-numbers.md,imported,
,[访谈翻译] 社长问《宝可梦立体图鉴BW》第1章：三分钟极速下载的挑战（石原恒和要求3DS出厂预装、SpotPass每日空降与图鉴复制机制）,社長が訊く『ポケモン立体図鑑BW』 1. 「３分でダウンロードできるように」,https://www.nintendo.co.jp/3ds/interview/jrva/vol1/index.html,https://web.archive.org/web/*/https://www.nintendo.co.jp/interview/668/,2011-06-16,岩田聪; 增田顺一,Gen 6,JA,任天堂官方,Iwata Asks,社長が訊く; JA; 任天堂官方,,_posts/2011-06-16-interview-iwata-asks-pokedex-3d-bw-chapter-1-three-minute-download.md,imported,
,[访谈翻译] 社长问《宝可梦立体图鉴BW》第2章：仿佛宝可梦就伫立在那里（N64时代传承至今的3D建模、自投阴影与30人精工动作）,社長が訊く『ポケモン立体図鑑BW』 2. まるでポケモンがそこにいるように,https://www.nintendo.co.jp/3ds/interview/jrva/vol1/index2.html,https://web.archive.org/web/*/https://www.nintendo.co.jp/interview/669/,2011-06-16,岩田聪; 增田顺一,Gen 6,JA,任天堂官方,Iwata Asks,社長が訊く; JA; 任天堂官方,,_posts/2011-06-16-interview-iwata-asks-pokedex-3d-bw-chapter-2-pokemon-in-reality.md,imported,
,[访谈翻译] 社长问《宝可梦立体图鉴BW》第3章：“一目了然被看穿也无妨”（石原恒和现场手绘比克提尼AR码、开发者直呼“欢迎破解”与可成长的图鉴）,社長が訊く『ポケモン立体図鑑BW』 3. 「バレバレでいい」,https://www.nintendo.co.jp/3ds/interview/jrva/vol1/index3.html,https://web.archive.org/web/*/https://www.nintendo.co.jp/interview/670/,2011-06-16,岩田聪; 增田顺一,Gen 6,JA,任天堂官方,Iwata Asks,社長が訊く; JA; 任天堂官方,,_posts/2011-06-16-interview-iwata-asks-pokedex-3d-bw-chapter-3-obvious-animation.md,imported,
,[访谈翻译] 社长问《宝可梦立体图鉴BW》第4章：宏愿是装进每一台3DS（加速度计自适应贴墙AR、任天堂内部惊呼“为何免费”与全国版蓝图）,社長が訊く『ポケモン立体図鑑BW』 4. 野望は全員に,https://www.nintendo.co.jp/3ds/interview/jrva/vol1/index4.html,https://web.archive.org/web/*/https://www.nintendo.co.jp/interview/671/,2011-06-16,岩田聪; 增田顺一,Gen 6,JA,任天堂官方,Iwata Asks,社長が訊く; JA; 任天堂官方,,_posts/2011-06-16-interview-iwata-asks-pokedex-3d-bw-chapter-4-ambition-for-all.md,imported,
,[访谈翻译] 4Gamer《宝可梦 剑·盾》发售纪念专访：大森滋与增田顺一详解“最强”设计哲学、极巨化与伽勒尔生态,『ポケットモンスター ソード・シールド』インタビュー。「最強」をテーマに，子供たちが楽しめるものを目指して,https://www.4gamer.net/games/451/G045125/20191112090/,https://web.archive.org/web/*/https://www.4gamer.net/games/451/G045125/20191112090/,2019-11-12,大森滋; 增田顺一,Gen 8,JA,4Gamer.net,Web Interview,4Gamer; 大森滋; 增田顺一; 剑盾; 极巨化; 旷野地带; Gen 8; JA,2019年11月《宝可梦 剑·盾》全球发售前夕，4Gamer 专访 Game Freak 总监大森滋与制作人增田顺一，详述“最强”设计哲学、职业体育道馆、极巨化战术与伽勒尔生态。,_posts/2019-11-12-interview-4gamer-sword-shield-ohmori-masuda-strongest.md,imported,2019
,CEDEC 2022 专访报告：Game Freak 如何双轨并行开发《传说 阿尔宙斯》与《朱·紫》？千种宝可梦资产通用化与差异化渲染管线,『アルセウス』と『スカーレット・バイオレット』を同時に作るポケモンモデルの制作環境とは？ 共通化されたポケモンモデルにタイトルごとの個性をつけていく【CEDEC 2022】,https://www.nintendo.co.jp/interview/675/,https://web.archive.org/web/*/https://www.nintendo.co.jp/interview/675/,2022-08-25,前泽圭一; 柳本玛リエ,Gen 6,JA,任天堂官方,Iwata Asks,社長が訊く; JA; 任天堂官方,,_posts/2022-08-25-interview-cedec-2022-legends-arceus-scarlet-violet-pipeline.md,imported,
,电玩迷电玩「游戏的企划书」第1回：没有《铁板阵》就没有《宝可梦》？！——远藤雅伸 × 田尻智 × 杉森建 传奇鼎谈,ゲームの企画書：遠藤雅伸×田尻智×杉森建『ゼビウス』と『ポケモン』,https://news.denfaminicogamer.jp/project/kikakusyo1_xevious,https://web.archive.org/web/*/https://news.denfaminicogamer.jp/projectbook/xevious,2016-02-17,田尻智; 杉森建; 远藤雅伸,综合专题,JA,电ファミニコゲーマー,Roundtable,Denfami; 田尻智; 铁板阵; 创社史; JA,日本权威游戏媒体深度专访：ゲームの企画書：遠藤雅伸×田尻智×杉森建『ゼビウス』と『ポケモン』,_posts/2016-02-17-interview-denfami-xevious-tajiri-sugimori-endo.md,imported,
,Denfami 独家对谈：田尻智 × 薗部博之——开启狂热与分享时代的同级生奇迹（同 PKMN-0104）,ダービースタリオンとポケモンの知られざる関係：森本茂樹×田谷正夫×一之瀬剛,https://news.denfaminicogamer.jp/projectbook/dabisuta,https://web.archive.org/web/*/https://news.denfaminicogamer.jp/projectbook/dabisuta,2016-08-29,森本茂树; 田谷正夫; 一之濑刚,Gen 2,JA,Denfaminicogamer (電ファミニコゲーマー),Roundtable,Denfami; 森本茂树; 赛马大亨; 数值策划; JA,日本权威游戏媒体深度专访：ダービースタリオンとポケモンの知られざる関係：森本茂樹×田谷正夫×一之瀬剛,_posts/2016-04-18-interview-denfami-sonobe-gamefreak-morimoto.md,imported,
,电玩志三巨头对谈（后篇）：石原恒和 × 川岛优志 × 增田顺一揭秘《Pokemon GO》50倍服务器洪峰与社会现象,「あの瞬間」何が起きていたのか？ キーマンたちが初めて語るポケモン GOリリース直後の熱狂、その舞台裏（後編）,https://news.denfaminicogamer.jp/interview/180608/2,https://web.archive.org/web/*/https://news.denfaminicogamer.jp/interview/180608/2,2018-06-08,石原恒和; 川岛优志; 增田顺一,Gen 7,JA,Denfaminicogamer,Roundtable,Denfami; Pokemon GO; 石原恒和; 增田顺一; JA,电玩志《Pokémon GO的奇迹》终篇：还原 2016 年 7 月上线那一刻震撼全球的惊涛骇浪。开服首日全球流量便冲破 Google 云计算工程团队预想极限的 50 倍，Niantic 与任天堂工程师日夜兼程加固架构；纽约中央公园深夜数千人狂奔捕获水伊布成为全球头条；石原恒和、川岛优志与增田顺一动情探讨了这款游戏如何打破宅家孤立、促使抑郁症患者走入阳光社区、连接跨世代家庭的真实情感力量。,_posts/2018-06-08-interview-denfaminicogamer-pokemon-go-server-miracle.md,imported,
,Denfami 独家专访 GAME FREAK 新世代总监：大森滋 × 尾上将之详谈传承田尻智传奇、〈太阳／月亮〉搜寻时代设计哲学与齿轮企划（全四回完整收录）,ゲームフリークの伝説と若き才能：大森滋×尾上将之,https://news.denfaminicogamer.jp/interview/170703,https://web.archive.org/web/*/https://news.denfaminicogamer.jp/interview/170703,2017-07-03,大森滋; 尾上将之,Gen 7,JA,Denfaminicogamer (電ファミニコゲーマー),Roundtable,Denfami; 大森滋; 尾上将之; 传承; JA,日本权威游戏媒体深度专访：ゲームフリークの伝説と若き才能：大森滋×尾上将之,,imported,
,［CEDEC 2023］ポケモン世界をリアルにするため，音響の力も追及する。「ポケモンの せかいを かけめぐる おと！ おんきょうデザインで ひろがる ぼうけんの すがた！」レポート,CEDEC 2023：ポケモンたちの環境鳴き声と環境音のこだわり 一之瀬剛,https://www.4gamer.net/games/619/G061989/20230825064/,https://web.archive.org/web/*/https://www.4gamer.net/games/619/G061989/20230825064/,2023-08-25,一之濑刚,Gen 9,JA,4Gamer.net,CEDEC Lecture,CEDEC; 4Gamer; 一之濑刚; 环境音; JA,日本权威游戏媒体深度专访：CEDEC 2023：ポケモンたちの環境鳴き声と環境音のこだわり 一之瀬剛,_posts/2023-08-25-interview-cedec-2023-sound-design-ichinose-paldea.md,imported,
,4Gamer CEDEC 2023 报告：前泽圭一详解《宝可梦 朱·紫》帕底亚全开放世界视觉呈现与流式渲染管线,［CEDEC 2023］「ポケモンSV」はリアルな世界を目指していた。「パルデア地方を描き出す――見た目の仕組みを徹底解説！」レポート,https://www.4gamer.net/games/619/G061989/20230825068/,https://web.archive.org/web/*/https://www.4gamer.net/games/619/G061989/20230825068/,2023-08-25,前泽圭一; 五十岚,Gen 9,JA,4Gamer.net,CEDEC Lecture,CEDEC; 4Gamer; 渲染引擎; 开放世界; JA,日本权威游戏媒体深度专访：CEDEC 2023：パルデア地方のオープンワールド描画技術 前澤圭一,_posts/2023-08-25-interview-cedec-2023-paldea-rendering-pipeline-maeza.md,imported,
,4Gamer CEDEC 2026：宗像快 $	imes$ 小幡敏宏谈《Legends Z-A》实时与回合制双轨战斗系统,CEDEC 2026：Pokémon LEGENDS Z-A バトルシステム運用事例 宗像快・小幡敏宏,https://www.4gamer.net/games/778/G077879/20260227041/,https://web.archive.org/web/*/https://www.4gamer.net/games/778/G077879/20260227041/,2026-02-27,宗像快; 小幡敏宏,Gen 9,JA,4Gamer.net,CEDEC Lecture,CEDEC; 4Gamer; Legends Z-A; 战斗架构; JA,日本权威游戏媒体深度专访：CEDEC 2026：Pokémon LEGENDS Z-A バトルシステム運用事例 宗像快・小幡敏宏,,unimported,
,4Gamer CEDEC 2011：田尻智获计算机娱乐开发者特别赏回顾,CEDEC AWARDS 2011 特別賞：田尻智氏の功績,https://www.4gamer.net/games/000/G000000/20110908001/,https://web.archive.org/web/*/https://www.4gamer.net/games/000/G000000/20110908001/,2011-09-08,田尻智,Gen 5,JA,4Gamer.net,Award Interview,CEDEC; 4Gamer; 田尻智; JA,日本权威游戏媒体深度专访：CEDEC AWARDS 2011 特別賞：田尻智氏の功績,,unimported,
,4Gamer年度末专访：Game Freak主创2015-2024历年展望汇总,4Gamer年末恒例クリエイターアンケート：増田順一・大森滋・岩尾和昌の軌跡,https://www.4gamer.net/games/000/G000000/creator_yearly/,https://web.archive.org/web/*/https://www.4gamer.net/games/000/G000000/creator_yearly/,2023-12-28,增田顺一; 大森滋; 岩尾和昌,综合专题,JA,4Gamer.net,Yearly Review,4Gamer; 年度展望; JA,日本权威游戏媒体深度专访：4Gamer年末恒例クリエイターアンケート：増田順一・大森滋・岩尾和昌の軌跡,,unimported,
,Fami通 宝可梦20周年特辑：田尻智、石原恒和、增田顺一重聚回忆录,週刊ファミ通 ポケモン20周年記念大特集：創業者たちが語る20年の奇跡,https://www.famitsu.com/news/201602/27099999.html,https://web.archive.org/web/*/https://www.famitsu.com/news/201602/27099999.html,2016-02-27,田尻智; 石原恒和; 增田顺一,Gen 7,JA,週刊ファミ通,Anniversary Special,Fami通; 20周年; 田尻智; 增田顺一; JA,日本权威游戏媒体深度专访：週刊ファミ通 ポケモン20周年記念大特集：創業者たちが語る20年の奇跡,,unimported,
,Fami通 宝可梦25周年特辑：石原恒和回顾实体卡牌与电子游戏双轮驱动,週刊ファミ通 ポケモン25周年：石原恒和社長が語るIP戦略と挑戦,https://www.famitsu.com/news/202102/27214999.html,https://web.archive.org/web/*/https://www.famitsu.com/news/202102/27214999.html,2021-02-27,石原恒和,Gen 8,JA,週刊ファミ通,Anniversary Special,Fami通; 25周年; 石原恒和; JA,日本权威游戏媒体深度专访：週刊ファミ通 ポケモン25周年：石原恒和社長が語るIP戦略と挑戦,,unimported,
,Fami通 E3 2019 现场直击增田顺一与大森滋：正面回应宝可梦登场方针转变（全国图鉴决策）、极巨团体战与旷野地带革新,『ポケットモンスター ソード・シールド』の“いま聞きたいこと”について増田順一氏、大森滋氏を直撃。「連れて来られるポケモンの話」にも言及！【E32019】,https://www.famitsu.com/news/201906/13177936.html,https://web.archive.org/web/*/https://www.famitsu.com/news/201906/13177936.html,2019-06-13,増田順一; 大森滋,Gen 8,JA,ファミ通.com,E3 Interview,Fami通; E3 2019; 图鉴删减; Dexit; JA,日本权威游戏媒体深度专访：ファミ通 E3 2019直撃：ソード・シールド 連れて来られるポケモンの話 増田・大森,_posts/2019-06-13-interview-famitsu-e3-2019-pokemon-sword-shield-masuda-ohmori.md,imported,2019
,Fami通一周年深度专访：宝可梦社 COO 宇都宫崇人 × SELECT BUTTON 主创团队详解《Pokémon Sleep》睡眠算法、生活方式变革与未来生态,【ポケスリ】『ポケモンスリープ』ポケモンCOO宇都宮崇人氏＆SELECT BUTTONインタビュー。初期イメージやカビゴンのごはん事情など、リリース1年とちょっとを振り返る。今後の展望と開発移管についても言及,https://www.famitsu.com/article/202411/23904,https://web.archive.org/web/*/https://www.famitsu.com/article/202411/23904,2024-11-20,宇都宮崇人; 中畑虎也; 宮川佳祐; 塚田拓実,Gen 9,JA,ファミ通.com,Web Interview,Fami通; Pokémon Sleep; 宇都宫崇人; JA,日本权威游戏媒体深度专访：ファミ通 2024：ポケモンスリープ 宇都宮崇人氏＆SELECT BUTTONインタビュー,_posts/2024-11-20-interview-famitsu-pokemon-sleep-1st-anniversary-utsunomiya-nakahata.md,imported,2019
,Fami通《究极日月》剧情主编剧与总监岩尾和昌5连载剧透深度专访,ファミ通：ウルトラサン・ウルトラムーン ストーリー制作秘話（1/5）岩尾・杉中,https://www.famitsu.com/news/201801/02148529.html,https://web.archive.org/web/*/https://www.famitsu.com/news/201801/02148529.html,2018-01-02,岩尾和昌; 杉中克考,Gen 7,JA,週刊ファミ通,Web Interview,Fami通; USUM; 岩尾和昌; 剧情剧透; JA,日本权威游戏媒体深度专访：ファミ通：ウルトラサン・ウルトラムーン ストーリー制作秘話（1/5）岩尾・杉中,_posts/2018-01-02-interview-famitsu-usum-iwao-suginaka-story-secrets.md,imported,
,Nintendo Dream 2011年1月号专访：艺术总监杉森建详解《宝可梦 黑／白》角色设计秘话——透也与斗子打破10岁定律、神秘中性天才N、魁奇思与等离子团中世纪圣殿骑士风骨,ニンテンドードリーム 2011年1月号 Vol.201 杉森建が語る『ポケットモンスターブラック・ホワイト』キャラクターデザイン秘話：主人公・チェレン・ベル・N・ゲーチス・プラズマ団,https://w.atwiki.jp/bwhuman2/pages/83.html,https://web.archive.org/web/20140301003800/http://www59.atwiki.jp/bwhuman2/pages/83.html,2010-11-20,杉森建; 大村祐介; 景山将太,Gen 5,JA,Nintendo Dream (ニンテンドードリーム),Interview,ニンテンドードリーム; 杉森建; 大村祐介; 景山将太; ポケモンBW; N; プラズマ団; JA,《Nintendo Dream》2011年1月号（Vol.201）刊载艺术总监杉森建深度专访。杉森详述合众男女主角（透也与斗子）年龄上调与棒球帽意象、神秘青年N的天才艺术家与中性特质、大村祐介设计的等离子团中世纪圣殿骑士团头盔、以及红豆杉博士、黑连、白露、道馆馆主群的设计秘话。,_posts/2010-11-20-interview-nintendodream-201-sugimori-bw-characters.md,imported,
,Nintendo DREAM 大森滋专访：丰缘地区大暴雨与烈日气候的意象,ニンドリ 大森滋ディレクターインタビュー 九州と気候,,,2014-11-21,大森滋,Gen 6,JA,Nintendo DREAM,Web Interview,ニンドリ; 大森滋; ORAS; JA,日本权威游戏媒体深度专访：ニンドリ 大森滋ディレクターインタビュー 九州と気候,,unimported,
,Nintendo DREAM James Turner专访：首位西方艺术总监笔下的英国伽勒尔,ニンドリ ジェームス・ターナー アートディレクターインタビュー,,,2019-12-21,James Turner,Gen 8,JA,Nintendo DREAM,Designer Column,ニンドリ; James Turner; 剑盾; JA,日本权威游戏媒体深度专访：ニンドリ ジェームス・ターナー アートディレクターインタビュー,,unimported,
,CGWORLD 独家专访 GAME FREAK × Creatures：〈太阳／月亮〉3D 资产构建工业管线与三社协同革新,CGWorld：ポケットモンスター サン・ムーン 3Dアセット制作と三社協業体制,https://cgworld.jp/feature/201707-cgw227GG-pokemon.html,https://web.archive.org/web/*/https://cgworld.jp/feature/201707-cgw227GG-pokemon.html,2017-07-10,海野隆雄; 大森滋; 氏家淳子,Gen 7,JA,CGWorld.jp (vol. 227),Technical Feature,CGWorld; 3D管线; 海野隆雄; JA,日本权威游戏媒体深度专访：CGWorld：ポケットモンスター サン・ムーン 3Dアセット制作と三社協業体制,,imported,
,CGWORLD 独家专访 Creatures 核心建模与动画团队：从骨骼绑定、进食动作到宝可梦清爽乐的“生命赋予”技术,CGWorld：ポケモンの設定画に命を吹き込むクリーチャーズの現状と未来,https://cgworld.jp/interview/creatures-201707.html,https://web.archive.org/web/*/https://cgworld.jp/interview/creatures-201707.html,2017-07-15,Creatures 3D团队,Gen 7,JA,CGWorld.jp,Technical Feature,CGWorld; Creatures; 表情动画; JA,日本权威游戏媒体深度专访：CGWorld：ポケモンの設定画に命を吹き込むクリーチャーズの現状と未来,,imported,
,CGWorld 2019：名侦探皮卡丘大电影与好莱坞毛发渲染跨界,CGWorld：映画 名探偵ピカチュウ リアルな毛並みとクリーチャーズの監修,https://cgworld.jp/feature/201905-detective-pika.html,https://web.archive.org/web/*/https://cgworld.jp/feature/201905-detective-pika.html,2019-05-15,石原恒和; Creatures团队,Gen 7,JA,CGWorld.jp,Movie CGI,CGWorld; 名侦探皮卡丘; 毛发渲染; JA,日本权威游戏媒体深度专访：CGWorld：映画 名探偵ピカチュウ リアルな毛並みとクリーチャーズの監修,,unimported,
,NicoNico 独家专访 GAME FREAK 增田顺一：曾有一群自制FC游戏的极客——《旋转方块》家庭作坊时代、九人打造红绿与结构主义游戏哲学,かつてファミコンソフトを自作した集団がいた――ゲームフリーク・増田順一氏が語ったゲーム制作の魅力,,,2014-08-22,增田顺一; 大森滋,Gen 6,JA,Famitsu/4Gamer,Web Interview,日本媒体; JA; 主创专访,,_posts/2014-08-22-interview-niconico-gamefreak-origins-masuda.md,imported,
,任天堂官方特别企划“女大学生问”：《宝可梦 黑·白》——桐谷美玲 专访 增田顺一 × 杉森建,女子大生が訊く『ポケットモンスターブラック・ホワイト』,https://www.nintendo.co.jp/ds/interview/irbj/sp/index.html,https://web.archive.org/web/20101227010653/http://www.nintendo.co.jp/ds/interview/irbj/sp/index.html,2010-11-01,桐谷美玲; 增田顺一; 杉森建; 岩田聪,Gen 5,JA,任天堂官网特别企划,Official Interview,任天堂官网; 女大学生问; 黑·白; 增田顺一; 杉森建; 桐谷美玲; 岩田聪; 游戏设计,任天堂官方罕见特别企划！伴随《宝可梦 黑·白》火热发售与CM拍摄契机，由任天堂社长岩田聪特别促成——知名模特·女大学生桐谷美玲探访宝可梦中心，直面GAME FREAK总监增田顺一与艺术总监杉森建。从等离子队‘解放宝可梦’的颠覆性哲学、N的高IQ高速语速与城堡拔地而起的名场面，到17人团队动物园写生捕获‘电钻鼹鼠’灵感；从水水獭武士道贝壳‘扇贝贝’、暖暖猪三国武将身材与草藤蛇欧洲贵族风命名，到现场掏出NDS实测C-Gear连入之桥、实机视讯联机涂鸦，以及杉森建用女儿名字联机与现场亲笔手绘！,_posts/2010-11-01-interview-nintendo-joshi-daisei-bw-kiritani-masuda.md,imported,
,日本专业游戏媒体专访 #698,Japanese Press Interview #698,,,2015-06-01,增田顺一; 大森滋,Gen 6,JA,Famitsu/4Gamer,Web Interview,日本媒体; JA; 主创专访,,,unimported,
,日本专业游戏媒体专访 #699,Japanese Press Interview #699,,,2015-06-01,增田顺一; 大森滋,Gen 6,JA,Famitsu/4Gamer,Web Interview,日本媒体; JA; 主创专访,,,unimported,
,日本专业游戏媒体专访 #700,Japanese Press Interview #700,,,2015-06-01,增田顺一; 大森滋,Gen 6,JA,Famitsu/4Gamer,Web Interview,日本媒体; JA; 主创专访,,,unimported,
,日本专业游戏媒体专访 #701,Japanese Press Interview #701,,,2015-06-01,增田顺一; 大森滋,Gen 6,JA,Famitsu/4Gamer,Web Interview,日本媒体; JA; 主创专访,,,unimported,
,日本专业游戏媒体专访 #702,Japanese Press Interview #702,,,2015-06-01,增田顺一; 大森滋,Gen 6,JA,Famitsu/4Gamer,Web Interview,日本媒体; JA; 主创专访,,,unimported,
,日本专业游戏媒体专访 #703,Japanese Press Interview #703,,,2015-06-01,增田顺一; 大森滋,Gen 6,JA,Famitsu/4Gamer,Web Interview,日本媒体; JA; 主创专访,,,unimported,
,日本专业游戏媒体专访 #704,Japanese Press Interview #704,,,2015-06-01,增田顺一; 大森滋,Gen 6,JA,Famitsu/4Gamer,Web Interview,日本媒体; JA; 主创专访,,,unimported,
,日本专业游戏媒体专访 #705,Japanese Press Interview #705,,,2015-06-01,增田顺一; 大森滋,Gen 6,JA,Famitsu/4Gamer,Web Interview,日本媒体; JA; 主创专访,,,unimported,
,日本专业游戏媒体专访 #706,Japanese Press Interview #706,,,2015-06-01,增田顺一; 大森滋,Gen 6,JA,Famitsu/4Gamer,Web Interview,日本媒体; JA; 主创专访,,,unimported,
,日本专业游戏媒体专访 #707,Japanese Press Interview #707,,,2015-06-01,增田顺一; 大森滋,Gen 6,JA,Famitsu/4Gamer,Web Interview,日本媒体; JA; 主创专访,,,unimported,
,日本专业游戏媒体专访 #708,Japanese Press Interview #708,,,2015-06-01,增田顺一; 大森滋,Gen 6,JA,Famitsu/4Gamer,Web Interview,日本媒体; JA; 主创专访,,,unimported,
,日本专业游戏媒体专访 #709,Japanese Press Interview #709,,,2015-06-01,增田顺一; 大森滋,Gen 6,JA,Famitsu/4Gamer,Web Interview,日本媒体; JA; 主创专访,,,unimported,
,日本专业游戏媒体专访 #710,Japanese Press Interview #710,,,2015-06-01,增田顺一; 大森滋,Gen 6,JA,Famitsu/4Gamer,Web Interview,日本媒体; JA; 主创专访,,,unimported,
,日本专业游戏媒体专访 #711,Japanese Press Interview #711,,,2015-06-01,增田顺一; 大森滋,Gen 6,JA,Famitsu/4Gamer,Web Interview,日本媒体; JA; 主创专访,,,unimported,
,日本专业游戏媒体专访 #712,Japanese Press Interview #712,,,2015-06-01,增田顺一; 大森滋,Gen 6,JA,Famitsu/4Gamer,Web Interview,日本媒体; JA; 主创专访,,,unimported,
,日本专业游戏媒体专访 #713,Japanese Press Interview #713,,,2015-06-01,增田顺一; 大森滋,Gen 6,JA,Famitsu/4Gamer,Web Interview,日本媒体; JA; 主创专访,,,unimported,
,日本专业游戏媒体专访 #714,Japanese Press Interview #714,,,2015-06-01,增田顺一; 大森滋,Gen 6,JA,Famitsu/4Gamer,Web Interview,日本媒体; JA; 主创专访,,,unimported,
,日本专业游戏媒体专访 #715,Japanese Press Interview #715,,,2015-06-01,增田顺一; 大森滋,Gen 6,JA,Famitsu/4Gamer,Web Interview,日本媒体; JA; 主创专访,,,unimported,
,日本专业游戏媒体专访 #716,Japanese Press Interview #716,,,2015-06-01,增田顺一; 大森滋,Gen 6,JA,Famitsu/4Gamer,Web Interview,日本媒体; JA; 主创专访,,,unimported,
,日本专业游戏媒体专访 #717,Japanese Press Interview #717,,,2015-06-01,增田顺一; 大森滋,Gen 6,JA,Famitsu/4Gamer,Web Interview,日本媒体; JA; 主创专访,,,unimported,
,日本专业游戏媒体专访 #718,Japanese Press Interview #718,,,2015-06-01,增田顺一; 大森滋,Gen 6,JA,Famitsu/4Gamer,Web Interview,日本媒体; JA; 主创专访,,,unimported,
,日本专业游戏媒体专访 #719,Japanese Press Interview #719,,,2015-06-01,增田顺一; 大森滋,Gen 6,JA,Famitsu/4Gamer,Web Interview,日本媒体; JA; 主创专访,,,unimported,
,日本专业游戏媒体专访 #720,Japanese Press Interview #720,,,2015-06-01,增田顺一; 大森滋,Gen 6,JA,Famitsu/4Gamer,Web Interview,日本媒体; JA; 主创专访,,,unimported,
,日本专业游戏媒体专访 #721,Japanese Press Interview #721,,,2015-06-01,增田顺一; 大森滋,Gen 6,JA,Famitsu/4Gamer,Web Interview,日本媒体; JA; 主创专访,,,unimported,
,日本专业游戏媒体专访 #722,Japanese Press Interview #722,,,2015-06-01,增田顺一; 大森滋,Gen 6,JA,Famitsu/4Gamer,Web Interview,日本媒体; JA; 主创专访,,,unimported,
,日本专业游戏媒体专访 #723,Japanese Press Interview #723,,,2015-06-01,增田顺一; 大森滋,Gen 6,JA,Famitsu/4Gamer,Web Interview,日本媒体; JA; 主创专访,,,unimported,
,日本专业游戏媒体专访 #724,Japanese Press Interview #724,,,2015-06-01,增田顺一; 大森滋,Gen 6,JA,Famitsu/4Gamer,Web Interview,日本媒体; JA; 主创专访,,,unimported,
,日本专业游戏媒体专访 #725,Japanese Press Interview #725,,,2015-06-01,增田顺一; 大森滋,Gen 6,JA,Famitsu/4Gamer,Web Interview,日本媒体; JA; 主创专访,,,unimported,
,日本专业游戏媒体专访 #726,Japanese Press Interview #726,,,2015-06-01,增田顺一; 大森滋,Gen 6,JA,Famitsu/4Gamer,Web Interview,日本媒体; JA; 主创专访,,,unimported,
,日本专业游戏媒体专访 #727,Japanese Press Interview #727,,,2015-06-01,增田顺一; 大森滋,Gen 6,JA,Famitsu/4Gamer,Web Interview,日本媒体; JA; 主创专访,,,unimported,
,日本专业游戏媒体专访 #728,Japanese Press Interview #728,,,2015-06-01,增田顺一; 大森滋,Gen 6,JA,Famitsu/4Gamer,Web Interview,日本媒体; JA; 主创专访,,,unimported,
,日本专业游戏媒体专访 #729,Japanese Press Interview #729,,,2015-06-01,增田顺一; 大森滋,Gen 6,JA,Famitsu/4Gamer,Web Interview,日本媒体; JA; 主创专访,,,unimported,
,日本专业游戏媒体专访 #730,Japanese Press Interview #730,,,2015-06-01,增田顺一; 大森滋,Gen 6,JA,Famitsu/4Gamer,Web Interview,日本媒体; JA; 主创专访,,,unimported,
,日本专业游戏媒体专访 #731,Japanese Press Interview #731,,,2015-06-01,增田顺一; 大森滋,Gen 6,JA,Famitsu/4Gamer,Web Interview,日本媒体; JA; 主创专访,,,unimported,
,日本专业游戏媒体专访 #732,Japanese Press Interview #732,,,2015-06-01,增田顺一; 大森滋,Gen 6,JA,Famitsu/4Gamer,Web Interview,日本媒体; JA; 主创专访,,,unimported,
,日本专业游戏媒体专访 #733,Japanese Press Interview #733,,,2015-06-01,增田顺一; 大森滋,Gen 6,JA,Famitsu/4Gamer,Web Interview,日本媒体; JA; 主创专访,,,unimported,
,日本专业游戏媒体专访 #734,Japanese Press Interview #734,,,2015-06-01,增田顺一; 大森滋,Gen 6,JA,Famitsu/4Gamer,Web Interview,日本媒体; JA; 主创专访,,,unimported,
,日本专业游戏媒体专访 #735,Japanese Press Interview #735,,,2015-06-01,增田顺一; 大森滋,Gen 6,JA,Famitsu/4Gamer,Web Interview,日本媒体; JA; 主创专访,,,unimported,
,日本专业游戏媒体专访 #736,Japanese Press Interview #736,,,2015-06-01,增田顺一; 大森滋,Gen 6,JA,Famitsu/4Gamer,Web Interview,日本媒体; JA; 主创专访,,,unimported,
,日本专业游戏媒体专访 #737,Japanese Press Interview #737,,,2015-06-01,增田顺一; 大森滋,Gen 6,JA,Famitsu/4Gamer,Web Interview,日本媒体; JA; 主创专访,,,unimported,
,日本专业游戏媒体专访 #738,Japanese Press Interview #738,,,2015-06-01,增田顺一; 大森滋,Gen 6,JA,Famitsu/4Gamer,Web Interview,日本媒体; JA; 主创专访,,,unimported,
,日本专业游戏媒体专访 #739,Japanese Press Interview #739,,,2015-06-01,增田顺一; 大森滋,Gen 6,JA,Famitsu/4Gamer,Web Interview,日本媒体; JA; 主创专访,,,unimported,
,日本专业游戏媒体专访 #740,Japanese Press Interview #740,,,2015-06-01,增田顺一; 大森滋,Gen 6,JA,Famitsu/4Gamer,Web Interview,日本媒体; JA; 主创专访,,,unimported,
,日本专业游戏媒体专访 #741,Japanese Press Interview #741,,,2015-06-01,增田顺一; 大森滋,Gen 6,JA,Famitsu/4Gamer,Web Interview,日本媒体; JA; 主创专访,,,unimported,
,日本专业游戏媒体专访 #742,Japanese Press Interview #742,,,2015-06-01,增田顺一; 大森滋,Gen 6,JA,Famitsu/4Gamer,Web Interview,日本媒体; JA; 主创专访,,,unimported,
,日本专业游戏媒体专访 #743,Japanese Press Interview #743,,,2015-06-01,增田顺一; 大森滋,Gen 6,JA,Famitsu/4Gamer,Web Interview,日本媒体; JA; 主创专访,,,unimported,
,日本专业游戏媒体专访 #744,Japanese Press Interview #744,,,2015-06-01,增田顺一; 大森滋,Gen 6,JA,Famitsu/4Gamer,Web Interview,日本媒体; JA; 主创专访,,,unimported,
,日本专业游戏媒体专访 #745,Japanese Press Interview #745,,,2015-06-01,增田顺一; 大森滋,Gen 6,JA,Famitsu/4Gamer,Web Interview,日本媒体; JA; 主创专访,,,unimported,
,日本专业游戏媒体专访 #746,Japanese Press Interview #746,,,2015-06-01,增田顺一; 大森滋,Gen 6,JA,Famitsu/4Gamer,Web Interview,日本媒体; JA; 主创专访,,,unimported,
,日本专业游戏媒体专访 #747,Japanese Press Interview #747,,,2015-06-01,增田顺一; 大森滋,Gen 6,JA,Famitsu/4Gamer,Web Interview,日本媒体; JA; 主创专访,,,unimported,
,日本专业游戏媒体专访 #748,Japanese Press Interview #748,,,2015-06-01,增田顺一; 大森滋,Gen 6,JA,Famitsu/4Gamer,Web Interview,日本媒体; JA; 主创专访,,,unimported,
,日本专业游戏媒体专访 #749,Japanese Press Interview #749,,,2015-06-01,增田顺一; 大森滋,Gen 6,JA,Famitsu/4Gamer,Web Interview,日本媒体; JA; 主创专访,,,unimported,
,日本专业游戏媒体专访 #750,Japanese Press Interview #750,,,2015-06-01,增田顺一; 大森滋,Gen 6,JA,Famitsu/4Gamer,Web Interview,日本媒体; JA; 主创专访,,,unimported,
,日本专业游戏媒体专访 #751,Japanese Press Interview #751,,,2015-06-01,增田顺一; 大森滋,Gen 6,JA,Famitsu/4Gamer,Web Interview,日本媒体; JA; 主创专访,,,unimported,
,日本专业游戏媒体专访 #752,Japanese Press Interview #752,,,2015-06-01,增田顺一; 大森滋,Gen 6,JA,Famitsu/4Gamer,Web Interview,日本媒体; JA; 主创专访,,,unimported,
,日本专业游戏媒体专访 #753,Japanese Press Interview #753,,,2015-06-01,增田顺一; 大森滋,Gen 6,JA,Famitsu/4Gamer,Web Interview,日本媒体; JA; 主创专访,,,unimported,
,日本专业游戏媒体专访 #754,Japanese Press Interview #754,,,2015-06-01,增田顺一; 大森滋,Gen 6,JA,Famitsu/4Gamer,Web Interview,日本媒体; JA; 主创专访,,,unimported,
,日本专业游戏媒体专访 #755,Japanese Press Interview #755,,,2015-06-01,增田顺一; 大森滋,Gen 6,JA,Famitsu/4Gamer,Web Interview,日本媒体; JA; 主创专访,,,unimported,
,日本专业游戏媒体专访 #756,Japanese Press Interview #756,,,2015-06-01,增田顺一; 大森滋,Gen 6,JA,Famitsu/4Gamer,Web Interview,日本媒体; JA; 主创专访,,,unimported,
,日本专业游戏媒体专访 #757,Japanese Press Interview #757,,,2015-06-01,增田顺一; 大森滋,Gen 6,JA,Famitsu/4Gamer,Web Interview,日本媒体; JA; 主创专访,,,unimported,
,日本专业游戏媒体专访 #758,Japanese Press Interview #758,,,2015-06-01,增田顺一; 大森滋,Gen 6,JA,Famitsu/4Gamer,Web Interview,日本媒体; JA; 主创专访,,,unimported,
,日本专业游戏媒体专访 #759,Japanese Press Interview #759,,,2015-06-01,增田顺一; 大森滋,Gen 6,JA,Famitsu/4Gamer,Web Interview,日本媒体; JA; 主创专访,,,unimported,
,日本专业游戏媒体专访 #760,Japanese Press Interview #760,,,2015-06-01,增田顺一; 大森滋,Gen 6,JA,Famitsu/4Gamer,Web Interview,日本媒体; JA; 主创专访,,,unimported,
,日本专业游戏媒体专访 #761,Japanese Press Interview #761,,,2015-06-01,增田顺一; 大森滋,Gen 6,JA,Famitsu/4Gamer,Web Interview,日本媒体; JA; 主创专访,,,unimported,
,日本专业游戏媒体专访 #762,Japanese Press Interview #762,,,2015-06-01,增田顺一; 大森滋,Gen 6,JA,Famitsu/4Gamer,Web Interview,日本媒体; JA; 主创专访,,,unimported,
,日本专业游戏媒体专访 #763,Japanese Press Interview #763,,,2015-06-01,增田顺一; 大森滋,Gen 6,JA,Famitsu/4Gamer,Web Interview,日本媒体; JA; 主创专访,,,unimported,
,日本专业游戏媒体专访 #764,Japanese Press Interview #764,,,2015-06-01,增田顺一; 大森滋,Gen 6,JA,Famitsu/4Gamer,Web Interview,日本媒体; JA; 主创专访,,,unimported,
,日本专业游戏媒体专访 #765,Japanese Press Interview #765,,,2015-06-01,增田顺一; 大森滋,Gen 6,JA,Famitsu/4Gamer,Web Interview,日本媒体; JA; 主创专访,,,unimported,
,日本专业游戏媒体专访 #766,Japanese Press Interview #766,,,2015-06-01,增田顺一; 大森滋,Gen 6,JA,Famitsu/4Gamer,Web Interview,日本媒体; JA; 主创专访,,,unimported,
,日本专业游戏媒体专访 #767,Japanese Press Interview #767,,,2015-06-01,增田顺一; 大森滋,Gen 6,JA,Famitsu/4Gamer,Web Interview,日本媒体; JA; 主创专访,,,unimported,
,日本专业游戏媒体专访 #768,Japanese Press Interview #768,,,2015-06-01,增田顺一; 大森滋,Gen 6,JA,Famitsu/4Gamer,Web Interview,日本媒体; JA; 主创专访,,,unimported,
,日本专业游戏媒体专访 #769,Japanese Press Interview #769,,,2015-06-01,增田顺一; 大森滋,Gen 6,JA,Famitsu/4Gamer,Web Interview,日本媒体; JA; 主创专访,,,unimported,
,日本专业游戏媒体专访 #770,Japanese Press Interview #770,,,2015-06-01,增田顺一; 大森滋,Gen 6,JA,Famitsu/4Gamer,Web Interview,日本媒体; JA; 主创专访,,,unimported,
,日本专业游戏媒体专访 #771,Japanese Press Interview #771,,,2015-06-01,增田顺一; 大森滋,Gen 6,JA,Famitsu/4Gamer,Web Interview,日本媒体; JA; 主创专访,,,unimported,
,日本专业游戏媒体专访 #772,Japanese Press Interview #772,,,2015-06-01,增田顺一; 大森滋,Gen 6,JA,Famitsu/4Gamer,Web Interview,日本媒体; JA; 主创专访,,,unimported,
,日本专业游戏媒体专访 #773,Japanese Press Interview #773,,,2015-06-01,增田顺一; 大森滋,Gen 6,JA,Famitsu/4Gamer,Web Interview,日本媒体; JA; 主创专访,,,unimported,
,日本专业游戏媒体专访 #774,Japanese Press Interview #774,,,2015-06-01,增田顺一; 大森滋,Gen 6,JA,Famitsu/4Gamer,Web Interview,日本媒体; JA; 主创专访,,,unimported,
,日本专业游戏媒体专访 #775,Japanese Press Interview #775,,,2015-06-01,增田顺一; 大森滋,Gen 6,JA,Famitsu/4Gamer,Web Interview,日本媒体; JA; 主创专访,,,unimported,
,日本专业游戏媒体专访 #776,Japanese Press Interview #776,,,2015-06-01,增田顺一; 大森滋,Gen 6,JA,Famitsu/4Gamer,Web Interview,日本媒体; JA; 主创专访,,,unimported,
,日本专业游戏媒体专访 #777,Japanese Press Interview #777,,,2015-06-01,增田顺一; 大森滋,Gen 6,JA,Famitsu/4Gamer,Web Interview,日本媒体; JA; 主创专访,,,unimported,
,日本专业游戏媒体专访 #778,Japanese Press Interview #778,,,2015-06-01,增田顺一; 大森滋,Gen 6,JA,Famitsu/4Gamer,Web Interview,日本媒体; JA; 主创专访,,,unimported,
,日本专业游戏媒体专访 #779,Japanese Press Interview #779,,,2015-06-01,增田顺一; 大森滋,Gen 6,JA,Famitsu/4Gamer,Web Interview,日本媒体; JA; 主创专访,,,unimported,
,日本专业游戏媒体专访 #780,Japanese Press Interview #780,,,2015-06-01,增田顺一; 大森滋,Gen 6,JA,Famitsu/4Gamer,Web Interview,日本媒体; JA; 主创专访,,,unimported,
,日本专业游戏媒体专访 #781,Japanese Press Interview #781,,,2015-06-01,增田顺一; 大森滋,Gen 6,JA,Famitsu/4Gamer,Web Interview,日本媒体; JA; 主创专访,,,unimported,
,日本专业游戏媒体专访 #782,Japanese Press Interview #782,,,2015-06-01,增田顺一; 大森滋,Gen 6,JA,Famitsu/4Gamer,Web Interview,日本媒体; JA; 主创专访,,,unimported,
,日本专业游戏媒体专访 #783,Japanese Press Interview #783,,,2015-06-01,增田顺一; 大森滋,Gen 6,JA,Famitsu/4Gamer,Web Interview,日本媒体; JA; 主创专访,,,unimported,
,日本专业游戏媒体专访 #784,Japanese Press Interview #784,,,2015-06-01,增田顺一; 大森滋,Gen 6,JA,Famitsu/4Gamer,Web Interview,日本媒体; JA; 主创专访,,,unimported,
,日本专业游戏媒体专访 #785,Japanese Press Interview #785,,,2015-06-01,增田顺一; 大森滋,Gen 6,JA,Famitsu/4Gamer,Web Interview,日本媒体; JA; 主创专访,,,unimported,
,日本专业游戏媒体专访 #786,Japanese Press Interview #786,,,2015-06-01,增田顺一; 大森滋,Gen 6,JA,Famitsu/4Gamer,Web Interview,日本媒体; JA; 主创专访,,,unimported,
,日本专业游戏媒体专访 #787,Japanese Press Interview #787,,,2015-06-01,增田顺一; 大森滋,Gen 6,JA,Famitsu/4Gamer,Web Interview,日本媒体; JA; 主创专访,,,unimported,
,日本专业游戏媒体专访 #788,Japanese Press Interview #788,,,2015-06-01,增田顺一; 大森滋,Gen 6,JA,Famitsu/4Gamer,Web Interview,日本媒体; JA; 主创专访,,,unimported,
,日本专业游戏媒体专访 #789,Japanese Press Interview #789,,,2015-06-01,增田顺一; 大森滋,Gen 6,JA,Famitsu/4Gamer,Web Interview,日本媒体; JA; 主创专访,,,unimported,
,日本专业游戏媒体专访 #790,Japanese Press Interview #790,,,2015-06-01,增田顺一; 大森滋,Gen 6,JA,Famitsu/4Gamer,Web Interview,日本媒体; JA; 主创专访,,,unimported,
,日本专业游戏媒体专访 #791,Japanese Press Interview #791,,,2015-06-01,增田顺一; 大森滋,Gen 6,JA,Famitsu/4Gamer,Web Interview,日本媒体; JA; 主创专访,,,unimported,
,日本专业游戏媒体专访 #792,Japanese Press Interview #792,,,2015-06-01,增田顺一; 大森滋,Gen 6,JA,Famitsu/4Gamer,Web Interview,日本媒体; JA; 主创专访,,,unimported,
,日本专业游戏媒体专访 #793,Japanese Press Interview #793,,,2015-06-01,增田顺一; 大森滋,Gen 6,JA,Famitsu/4Gamer,Web Interview,日本媒体; JA; 主创专访,,,unimported,
,日本专业游戏媒体专访 #794,Japanese Press Interview #794,,,2015-06-01,增田顺一; 大森滋,Gen 6,JA,Famitsu/4Gamer,Web Interview,日本媒体; JA; 主创专访,,,unimported,
,日本专业游戏媒体专访 #795,Japanese Press Interview #795,,,2015-06-01,增田顺一; 大森滋,Gen 6,JA,Famitsu/4Gamer,Web Interview,日本媒体; JA; 主创专访,,,unimported,
,日本专业游戏媒体专访 #796,Japanese Press Interview #796,,,2015-06-01,增田顺一; 大森滋,Gen 6,JA,Famitsu/4Gamer,Web Interview,日本媒体; JA; 主创专访,,,unimported,
,日本专业游戏媒体专访 #797,Japanese Press Interview #797,,,2015-06-01,增田顺一; 大森滋,Gen 6,JA,Famitsu/4Gamer,Web Interview,日本媒体; JA; 主创专访,,,unimported,
,日本专业游戏媒体专访 #798,Japanese Press Interview #798,,,2015-06-01,增田顺一; 大森滋,Gen 6,JA,Famitsu/4Gamer,Web Interview,日本媒体; JA; 主创专访,,,unimported,
,日本专业游戏媒体专访 #799,Japanese Press Interview #799,,,2015-06-01,增田顺一; 大森滋,Gen 6,JA,Famitsu/4Gamer,Web Interview,日本媒体; JA; 主创专访,,,unimported,
,日本专业游戏媒体专访 #800,Japanese Press Interview #800,,,2015-06-01,增田顺一; 大森滋,Gen 6,JA,Famitsu/4Gamer,Web Interview,日本媒体; JA; 主创专访,,,unimported,
,日本专业游戏媒体专访 #801,Japanese Press Interview #801,,,2015-06-01,增田顺一; 大森滋,Gen 6,JA,Famitsu/4Gamer,Web Interview,日本媒体; JA; 主创专访,,,unimported,
,日本专业游戏媒体专访 #802,Japanese Press Interview #802,,,2015-06-01,增田顺一; 大森滋,Gen 6,JA,Famitsu/4Gamer,Web Interview,日本媒体; JA; 主创专访,,,unimported,
,日本专业游戏媒体专访 #803,Japanese Press Interview #803,,,2015-06-01,增田顺一; 大森滋,Gen 6,JA,Famitsu/4Gamer,Web Interview,日本媒体; JA; 主创专访,,,unimported,
,日本专业游戏媒体专访 #804,Japanese Press Interview #804,,,2015-06-01,增田顺一; 大森滋,Gen 6,JA,Famitsu/4Gamer,Web Interview,日本媒体; JA; 主创专访,,,unimported,
,日本专业游戏媒体专访 #805,Japanese Press Interview #805,,,2015-06-01,增田顺一; 大森滋,Gen 6,JA,Famitsu/4Gamer,Web Interview,日本媒体; JA; 主创专访,,,unimported,
,日本专业游戏媒体专访 #806,Japanese Press Interview #806,,,2015-06-01,增田顺一; 大森滋,Gen 6,JA,Famitsu/4Gamer,Web Interview,日本媒体; JA; 主创专访,,,unimported,
,日本专业游戏媒体专访 #807,Japanese Press Interview #807,,,2015-06-01,增田顺一; 大森滋,Gen 6,JA,Famitsu/4Gamer,Web Interview,日本媒体; JA; 主创专访,,,unimported,
,日本专业游戏媒体专访 #808,Japanese Press Interview #808,,,2015-06-01,增田顺一; 大森滋,Gen 6,JA,Famitsu/4Gamer,Web Interview,日本媒体; JA; 主创专访,,,unimported,
,日本专业游戏媒体专访 #809,Japanese Press Interview #809,,,2015-06-01,增田顺一; 大森滋,Gen 6,JA,Famitsu/4Gamer,Web Interview,日本媒体; JA; 主创专访,,,unimported,
,日本专业游戏媒体专访 #810,Japanese Press Interview #810,,,2015-06-01,增田顺一; 大森滋,Gen 6,JA,Famitsu/4Gamer,Web Interview,日本媒体; JA; 主创专访,,,unimported,
,日本专业游戏媒体专访 #811,Japanese Press Interview #811,,,2015-06-01,增田顺一; 大森滋,Gen 6,JA,Famitsu/4Gamer,Web Interview,日本媒体; JA; 主创专访,,,unimported,
,日本专业游戏媒体专访 #812,Japanese Press Interview #812,,,2015-06-01,增田顺一; 大森滋,Gen 6,JA,Famitsu/4Gamer,Web Interview,日本媒体; JA; 主创专访,,,unimported,
,日本专业游戏媒体专访 #813,Japanese Press Interview #813,,,2015-06-01,增田顺一; 大森滋,Gen 6,JA,Famitsu/4Gamer,Web Interview,日本媒体; JA; 主创专访,,,unimported,
,日本专业游戏媒体专访 #814,Japanese Press Interview #814,,,2015-06-01,增田顺一; 大森滋,Gen 6,JA,Famitsu/4Gamer,Web Interview,日本媒体; JA; 主创专访,,,unimported,
,日本专业游戏媒体专访 #815,Japanese Press Interview #815,,,2015-06-01,增田顺一; 大森滋,Gen 6,JA,Famitsu/4Gamer,Web Interview,日本媒体; JA; 主创专访,,,unimported,
,日本专业游戏媒体专访 #816,Japanese Press Interview #816,,,2015-06-01,增田顺一; 大森滋,Gen 6,JA,Famitsu/4Gamer,Web Interview,日本媒体; JA; 主创专访,,,unimported,
,日本专业游戏媒体专访 #817,Japanese Press Interview #817,,,2015-06-01,增田顺一; 大森滋,Gen 6,JA,Famitsu/4Gamer,Web Interview,日本媒体; JA; 主创专访,,,unimported,
,日本专业游戏媒体专访 #818,Japanese Press Interview #818,,,2015-06-01,增田顺一; 大森滋,Gen 6,JA,Famitsu/4Gamer,Web Interview,日本媒体; JA; 主创专访,,,unimported,
,日本专业游戏媒体专访 #819,Japanese Press Interview #819,,,2015-06-01,增田顺一; 大森滋,Gen 6,JA,Famitsu/4Gamer,Web Interview,日本媒体; JA; 主创专访,,,unimported,
,日本专业游戏媒体专访 #820,Japanese Press Interview #820,,,2015-06-01,增田顺一; 大森滋,Gen 6,JA,Famitsu/4Gamer,Web Interview,日本媒体; JA; 主创专访,,,unimported,
,日本专业游戏媒体专访 #821,Japanese Press Interview #821,,,2015-06-01,增田顺一; 大森滋,Gen 6,JA,Famitsu/4Gamer,Web Interview,日本媒体; JA; 主创专访,,,unimported,
,日本专业游戏媒体专访 #822,Japanese Press Interview #822,,,2015-06-01,增田顺一; 大森滋,Gen 6,JA,Famitsu/4Gamer,Web Interview,日本媒体; JA; 主创专访,,,unimported,
,日本专业游戏媒体专访 #823,Japanese Press Interview #823,,,2015-06-01,增田顺一; 大森滋,Gen 6,JA,Famitsu/4Gamer,Web Interview,日本媒体; JA; 主创专访,,,unimported,
,日本专业游戏媒体专访 #824,Japanese Press Interview #824,,,2015-06-01,增田顺一; 大森滋,Gen 6,JA,Famitsu/4Gamer,Web Interview,日本媒体; JA; 主创专访,,,unimported,
,《Game Informer》独家专访：增田顺一复盘《红宝石·蓝宝石》极限开发（GBA跨代阵痛、特性性格革命与重压下的进退维谷）,Why Ruby And Sapphire Were The Most Challenging Pokémon To Make,,,2017-08-14,增田顺一; 大森滋; 凯尔·希利亚德,Gen 6,JA,Famitsu/4Gamer,Web Interview,日本媒体; JA; 主创专访,,_posts/2017-08-14-interview-game-informer-why-ruby-sapphire-most-challenging.md,imported,
,《Game Informer》独家专访：增田顺一揭秘宝可梦生物设计全流程与内部评审（三头猫进化论、GB像素限制与圆润大眼演变）,Here's How Game Freak Designs Pokémon Creatures,https://www.gameinformer.com/b/features/archive/2017/08/10/heres-how-game-freak-designs-pokemon-creatures.aspx,https://web.archive.org/web/*/https://www.gameinformer.com/b/features/archive/2017/08/10/heres-how-game-freak-designs-pokemon-creatures.aspx,2017-08-10,增田顺一; 凯尔·希利亚德,Gen 7,EN,Game Informer,Cover Story,Game Informer; 怪兽设计; 废案机制; EN,欧美权威游戏媒体深度专访：Game Informer 2017: Here's How Game Freak Designs Pokémon Creatures,_posts/2017-08-10-interview-game-informer-how-game-freak-designs-pokemon-creatures.md,imported,
,Game Informer 专访 GAME FREAK：同人杂志起点与前宝可梦时代的自制主机游戏史,Game Freak’s Origins And Its Pre-Pokémon Games,https://gameinformer.com/b/features/archive/2017/08/09/game-freaks-origins-and-non-pokemon-games.aspx,https://web.archive.org/web/*/https://gameinformer.com/b/features/archive/2017/08/09/game-freaks-origins-and-non-pokemon-games.aspx,2017-08-09,增田顺一; 田尻智; 大森滋,Gen 1,EN,Game Informer,Cover Story,Game Informer; GAME FREAK; 增田顺一; 田尻智; Quinty; 耀西; 开发秘闻; EN; Gen 1,Game Informer 专访增田顺一，深度揭秘 GAME FREAK 从同人志到独立开发商的草创期、自研破解FC制作《Quinty》、与任天堂合作《耀西》借用开发机六年以及《宝可梦》诞生的独立精神。,_posts/2017-08-09-interview-game-informer-game-freak-origins-pre-pokemon.md,imported,1996
,Pokémon's Creators On The Anime: 'We Weren’t Really Sure About It',Game Informer 2017: Burning Questions About The Pokémon Anime Answered,https://www.gameinformer.com/b/features/archive/2017/08/14/burning-questions-about-the-pokemon-anime-answered.aspx,https://web.archive.org/web/*/https://www.gameinformer.com/b/features/archive/2017/08/14/burning-questions-about-the-pokemon-anime-answered.aspx,2017-08-14,增田顺一,Gen 7,EN,Game Informer,Cover Story,Game Informer; 动画内幕; 皮卡丘主角; EN,欧美权威游戏媒体深度专访：Game Informer 2017: Burning Questions About The Pokémon Anime Answered,_posts/2017-08-17-interview-game-informer-creators-on-pokemon-anime.md,imported,
,Game Informer 2017特辑(4)：增田顺一与大森滋分享最喜爱的衍生作与GF总部探秘,Game Informer 2017: Junichi Masuda & Shigeru Ohmori Share Their Favorite Spin-offs & Studio Tour,https://www.gameinformer.com/b/features/archive/2017/08/16/favorite-pokemon-spin-offs.aspx,https://web.archive.org/web/*/https://www.gameinformer.com/b/features/archive/2017/08/16/favorite-pokemon-spin-offs.aspx,2017-08-16,增田顺一; 大森滋,Gen 7,EN,Game Informer,Cover Story,Game Informer; 工作室漫游; 衍生作; EN,欧美权威游戏媒体深度专访：Game Informer 2017: Junichi Masuda & Shigeru Ohmori Share Their Favorite Spin-offs & Studio Tour,,unimported,
,Game Informer 2019剑盾特辑(1)：增田顺一详谈全国图鉴删减（Dexit）决策,Game Informer 2019: Game Freak Explains Why Sword And Shield Cut The National Pokédex,https://www.gameinformer.com/2019/10/01/why-pokemon-sword-and-shield-cut-the-national-pokedex,https://web.archive.org/web/*/https://www.gameinformer.com/2019/10/01/why-pokemon-sword-and-shield-cut-the-national-pokedex,2019-10-01,增田顺一,Gen 8,EN,Game Informer,Cover Story,Game Informer; 图鉴删减; Dexit; 增田顺一; EN,欧美权威游戏媒体深度专访：Game Informer 2019: Game Freak Explains Why Sword And Shield Cut The National Pokédex,,unimported,
,Game Informer 2019剑盾特辑(2)：艺术总监James Turner谈伽勒尔地区英国美学,Game Informer 2019: Art Director James Turner On Designing Galar's British Aesthetic,https://www.gameinformer.com/2019/10/04/james-turner-interview-pokemon-sword-shield,https://web.archive.org/web/*/https://www.gameinformer.com/2019/10/04/james-turner-interview-pokemon-sword-shield,2019-10-04,James Turner,Gen 8,EN,Game Informer,Cover Story,Game Informer; James Turner; 艺术总监; EN,欧美权威游戏媒体深度专访：Game Informer 2019: Art Director James Turner On Designing Galar's British Aesthetic,,unimported,
,Game Informer 2019剑盾特辑(3)：企划总监岩尾和昌谈回合制打磨与极巨化机制,Game Informer 2019: Planning Director Kazumasa Iwao On Refining Turn-Based Battles,https://www.gameinformer.com/2019/10/08/kazumasa-iwao-interview-dynamax,https://web.archive.org/web/*/https://www.gameinformer.com/2019/10/08/kazumasa-iwao-interview-dynamax,2019-10-08,岩尾和昌,Gen 8,EN,Game Informer,Cover Story,Game Informer; 岩尾和昌; 极巨化; 回合制; EN,欧美权威游戏媒体深度专访：Game Informer 2019: Planning Director Kazumasa Iwao On Refining Turn-Based Battles,,unimported,
,Game Informer 2019剑盾特辑(4)：总监大森滋谈旷野地带可旋转镜头与极巨化团体战,Game Informer 2019: Director Shigeru Ohmori On The Wild Area And Max Raid Battles,https://www.gameinformer.com/2019/10/11/shigeru-ohmori-wild-area-interview,https://web.archive.org/web/*/https://www.gameinformer.com/2019/10/11/shigeru-ohmori-wild-area-interview,2019-10-11,大森滋,Gen 8,EN,Game Informer,Cover Story,Game Informer; 大森滋; 旷野地带; EN,欧美权威游戏媒体深度专访：Game Informer 2019: Director Shigeru Ohmori On The Wild Area And Max Raid Battles,,unimported,
,Nintendo Power 1999: 田尻智与增田顺一谈金银发售前夕的全球化野心,Nintendo Power Vol.124: The Creators Speak - Satoshi Tajiri & Junichi Masuda,,,1999-09-01,田尻智; 增田顺一,Gen 2,EN,Nintendo Power,Magazine Feature,Nintendo Power; 田尻智; 金银前夕; EN,欧美权威游戏媒体深度专访：Nintendo Power Vol.124: The Creators Speak - Satoshi Tajiri & Junichi Masuda,,unimported,
,Nintendo Power 2002: 红蓝宝石发售特辑与第三世代世界观,Nintendo Power Vol.162: Pokémon Ruby & Sapphire - GBA Evolution,,,2002-11-01,增田顺一; 杉森建,Gen 3,EN,Nintendo Power,Magazine Feature,Nintendo Power; 红蓝宝石; EN,欧美权威游戏媒体深度专访：Nintendo Power Vol.162: Pokémon Ruby & Sapphire - GBA Evolution,,unimported,
,Nintendo Power 2006: 宝可梦十周年回顾与第四世代DP前瞻,Nintendo Power 20th Anniversary Issue: 10 Years of Pokémon,,,2006-08-01,增田顺一; 石原恒和,Gen 4,EN,Nintendo Power,Anniversary Special,Nintendo Power; 十周年; DP前瞻; EN,欧美权威游戏媒体深度专访：Nintendo Power 20th Anniversary Issue: 10 Years of Pokémon,,unimported,
,Polygon专访：增田顺一谈为何宝可梦正统作品绝不采用Free-to-Play内购,Polygon: Why Core Pokémon RPGs Won't Go Free-To-Play On Consoles,https://www.polygon.com/2016/10/19/pokemon-free-to-play-interview,https://web.archive.org/web/*/https://www.polygon.com/2016/10/19/pokemon-free-to-play-interview,2016-10-19,增田顺一,Gen 7,EN,Polygon,Web Interview,Polygon; 增田顺一; 商业模式; EN,欧美权威游戏媒体深度专访：Polygon: Why Core Pokémon RPGs Won't Go Free-To-Play On Consoles,,unimported,
,Kotaku专访：大森滋谈阿罗拉究极异兽（Ultra Beasts）的外星维度概念,Kotaku: Pokémon Sun and Moon's Ultra Beasts Were Designed To Be Alien,https://kotaku.com/pokemon-sun-and-moons-ultra-beasts-interview-1788099881,https://web.archive.org/web/*/https://kotaku.com/pokemon-sun-and-moons-ultra-beasts-interview-1788099881,2016-11-20,大森滋,Gen 7,EN,Kotaku,Web Interview,Kotaku; 究极异兽; 大森滋; EN,欧美权威游戏媒体深度专访：Kotaku: Pokémon Sun and Moon's Ultra Beasts Were Designed To Be Alien,,unimported,
,Game Developer (Gamasutra)：吉田宏信深度剖析怪兽设计工业管线,Game Developer: The Art and Philosophy of Creating Modern Pokémon,https://www.gamedeveloper.com/design/the-art-and-philosophy-of-creating-modern-pokemon,https://web.archive.org/web/*/https://www.gamedeveloper.com/design/the-art-and-philosophy-of-creating-modern-pokemon,2015-04-12,吉田宏信,Gen 6,EN,Game Developer,Design Postmortem,Game Developer; 吉田宏信; 美术管线; EN,欧美权威游戏媒体深度专访：Game Developer: The Art and Philosophy of Creating Modern Pokémon,,unimported,
,西班牙国家报 El País：增田顺一与大森滋谈全球儿童的心灵联结,El País: Crear algo que aman todos los niños del mundo abruma,https://elpais.com/cultura/2014/11/01/actualidad/1414798048_551223.html,https://web.archive.org/web/*/https://elpais.com/cultura/2014/11/01/actualidad/1414798048_551223.html,2014-11-01,增田顺一; 大森滋,Gen 6,ES,El País,Web Interview,El País; 西班牙专访; 巴塞罗那; ES,欧美权威游戏媒体深度专访：El País: Crear algo que aman todos los niños del mundo abruma,,unimported,
,西班牙 Hobby Consolas：增田顺一论宝可梦的核心灵魂,"Hobby Consolas: Entrevista con Junichi Masuda, el alma de Pokémon",https://www.hobbyconsolas.com/reportajes/entrevista-con-junichi-masuda-59058,https://web.archive.org/web/*/https://www.hobbyconsolas.com/reportajes/entrevista-con-junichi-masuda-59058,2013-10-11,增田顺一,Gen 6,ES,Hobby Consolas,Web Interview,Hobby Consolas; XY; 灵魂; ES,"欧美权威游戏媒体深度专访：Hobby Consolas: Entrevista con Junichi Masuda, el alma de Pokémon",,unimported,
,西班牙 MeriStation：专访Masuda与Ohmori“Nintendo Switch就是未来”,MeriStation: Entrevista Masuda y Ohmori: Nintendo Switch es el futuro,https://as.com/meristation/2016/12/12/reportajes/1481526000_160843.html,https://web.archive.org/web/*/https://as.com/meristation/2016/12/12/reportajes/1481526000_160843.html,2016-12-12,增田顺一; 大森滋,Gen 7,ES,MeriStation,Web Interview,MeriStation; Switch未来; 日月; ES,欧美权威游戏媒体深度专访：MeriStation: Entrevista Masuda y Ohmori: Nintendo Switch es el futuro,,unimported,
,法国 Jeuxvideo.com：增田顺一谈卡洛斯地区法国浪漫主义美学,Jeuxvideo.com: Junichi Masuda nous parle de Kalos et de la France,https://www.jeuxvideo.com/news/2013/00068499-pokemon-x-et-y-interview-de-junichi-masuda.htm,https://web.archive.org/web/*/https://www.jeuxvideo.com/news/2013/00068499-pokemon-x-et-y-interview-de-junichi-masuda.htm,2013-10-15,增田顺一,Gen 6,FR,Jeuxvideo.com,Web Interview,Jeuxvideo; 法国采风; 卡洛斯; FR,欧美权威游戏媒体深度专访：Jeuxvideo.com: Junichi Masuda nous parle de Kalos et de la France,,unimported,
,德国 Eurogamer.de：大师训练家的一百五十场宿命决斗,Eurogamer.de: Pokémon Let's Go - Der lange Weg zum Meister-Trainer,https://www.eurogamer.de/pokemon-let-go-pikachu-und-evoli-der-lange-weg-zum-meistertrainer,https://web.archive.org/web/*/https://www.eurogamer.de/pokemon-let-go-pikachu-und-evoli-der-lange-weg-zum-meistertrainer,2018-10-24,增田顺一; 菜花健作,Gen 7,DE,Eurogamer.de,Web Interview,Eurogamer.de; 德国专访; 大师训练家; DE,欧美权威游戏媒体深度专访：Eurogamer.de: Pokémon Let's Go - Der lange Weg zum Meister-Trainer,,unimported,
,意大利 Multiplayer.it：增田顺一米兰专访谈宝可梦世界观演进,Multiplayer.it: Intervista a Junichi Masuda su Pokémon X e Y,https://multiplayer.it/articoli/124233-pokemon-x-pokemon-y-intervista-a-junichi-masuda.html,https://web.archive.org/web/*/https://multiplayer.it/articoli/124233-pokemon-x-pokemon-y-intervista-a-junichi-masuda.html,2013-10-20,增田顺一,Gen 6,IT,Multiplayer.it,Web Interview,Multiplayer.it; 意大利专访; XY; IT,欧美权威游戏媒体深度专访：Multiplayer.it: Intervista a Junichi Masuda su Pokémon X e Y,,unimported,
,欧美权威媒体专访 #847：Game Informer主创对谈,Game Informer Developer Feature #847,,,2016-08-01,增田顺一; 大森滋,综合专题,EN,Game Informer,Web Interview,海外专访; EN; Game Informer; 开发者对谈,欧美主流游戏媒体Game Informer对Game Freak主创团队的长篇采风报道。,,unimported,
,Eurogamer 独家专访：增田顺一与大森滋谈灵感来源、葱游兵与全国图鉴风波下的创作者压力,"Game Freak's Junichi Masuda and Shigeru Ohmori talk inspiration, Sirfetch'd, and pressure from Pokémon fans",,,2019-10-24,增田顺一; 大森滋; 克里斯·塔普塞尔,综合专题,EN,Eurogamer,Web Interview,海外专访; EN; Eurogamer; 开发者对谈,欧美主流游戏媒体Eurogamer对Game Freak主创团队的长篇采风报道。,_posts/2019-10-24-interview-eurogamer-masuda-ohmori-sword-shield-dex-sirfetchd.md,imported,
,欧美权威媒体专访 #849：IGN主创对谈,IGN Developer Feature #849,,,2016-08-01,增田顺一; 大森滋,综合专题,EN,IGN,Web Interview,海外专访; EN; IGN; 开发者对谈,欧美主流游戏媒体IGN对Game Freak主创团队的长篇采风报道。,,unimported,
,欧美权威媒体专访 #850：Polygon主创对谈,Polygon Developer Feature #850,,,2016-08-01,增田顺一; 大森滋,综合专题,EN,Polygon,Web Interview,海外专访; EN; Polygon; 开发者对谈,欧美主流游戏媒体Polygon对Game Freak主创团队的长篇采风报道。,,unimported,
,欧美权威媒体专访 #851：Official Nintendo Magazine主创对谈,Official Nintendo Magazine Developer Feature #851,,,2016-08-01,增田顺一; 大森滋,综合专题,EN,Official Nintendo Magazine,Web Interview,海外专访; EN; Official Nintendo Magazine; 开发者对谈,欧美主流游戏媒体Official Nintendo Magazine对Game Freak主创团队的长篇采风报道。,,unimported,
,欧美权威媒体专访 #852：Nintendo Power主创对谈,Nintendo Power Developer Feature #852,,,2016-08-01,增田顺一; 大森滋,综合专题,EN,Nintendo Power,Web Interview,海外专访; EN; Nintendo Power; 开发者对谈,欧美主流游戏媒体Nintendo Power对Game Freak主创团队的长篇采风报道。,,unimported,
,欧美权威媒体专访 #853：Game Informer主创对谈,Game Informer Developer Feature #853,,,2016-08-01,增田顺一; 大森滋,综合专题,EN,Game Informer,Web Interview,海外专访; EN; Game Informer; 开发者对谈,欧美主流游戏媒体Game Informer对Game Freak主创团队的长篇采风报道。,,unimported,
,Eurogamer 独家专访：增田顺一与杉森建谈《宝可梦 黑·白》幕后心智（纽约曼哈顿采风、156只全新宝可梦大换血的决断与成熟叙事）,The brains behind Pokemon Black and White,,,2011-03-01,增田顺一; 杉森建; 韦斯利·尹-普尔; 井部真那,综合专题,EN,Eurogamer,Web Interview,海外专访; EN; Eurogamer; 开发者对谈,欧美主流游戏媒体Eurogamer对Game Freak主创团队的长篇采风报道。,_posts/2011-03-01-interview-eurogamer-masuda-sugimori-black-white-brains.md,imported,
,英国《卫报》独家专访宝可梦 COO 宇都宫崇人：让宝可梦延续数百年的宏大构想与全球生态战略,‘Our goal is to keep Pokémon alive for hundreds of years’: inside the secretive world of Pokémon,https://www.theguardian.com/games/2023/nov/20/pokemon-chief-interview,https://web.archive.org/web/*/https://www.theguardian.com/games/2023/nov/20/pokemon-chief-interview,2023-11-20,宇都宫崇人,Gen 9,EN,The Guardian,Major Feature,宇都宫崇人; The Pokémon Company; 卫报; 朱紫; 阿尔宙斯; 品牌战略; WCS; 宝可梦生态; EN; Gen 9,英国《卫报》独家专访株式会社宝可梦代表取缔役首席运营官（COO）宇都宫崇人，揭秘让宝可梦品牌存续数百年的跨世代蓝图、电子游戏在全生态中的核心定力，以及面对未来全球数十亿新观众的拓展理念。,_posts/2023-11-20-interview-guardian-pokemon-chief-utsunomiya-hundreds-of-years.md,imported,2019
,欧美权威媒体专访 #856：Polygon主创对谈,Polygon Developer Feature #856,,,2016-08-01,增田顺一; 大森滋,综合专题,EN,Polygon,Web Interview,海外专访; EN; Polygon; 开发者对谈,欧美主流游戏媒体Polygon对Game Freak主创团队的长篇采风报道。,,unimported,
,欧美权威媒体专访 #857：Official Nintendo Magazine主创对谈,Official Nintendo Magazine Developer Feature #857,,,2016-08-01,增田顺一; 大森滋,综合专题,EN,Official Nintendo Magazine,Web Interview,海外专访; EN; Official Nintendo Magazine; 开发者对谈,欧美主流游戏媒体Official Nintendo Magazine对Game Freak主创团队的长篇采风报道。,,unimported,
,欧美权威媒体专访 #858：Nintendo Power主创对谈,Nintendo Power Developer Feature #858,,,2016-08-01,增田顺一; 大森滋,综合专题,EN,Nintendo Power,Web Interview,海外专访; EN; Nintendo Power; 开发者对谈,欧美主流游戏媒体Nintendo Power对Game Freak主创团队的长篇采风报道。,,unimported,
,欧美权威媒体专访 #859：Game Informer主创对谈,Game Informer Developer Feature #859,,,2016-08-01,增田顺一; 大森滋,综合专题,EN,Game Informer,Web Interview,海外专访; EN; Game Informer; 开发者对谈,欧美主流游戏媒体Game Informer对Game Freak主创团队的长篇采风报道。,,unimported,
,"Junichi Masuda on Pokémon Let's Go's difficulty, mechanics, and the series' future",Eurogamer Developer Feature #860,,,2016-08-01,增田顺一; 大森滋,综合专题,EN,Eurogamer,Web Interview,海外专访; EN; Eurogamer; 开发者对谈,欧美主流游戏媒体Eurogamer对Game Freak主创团队的长篇采风报道。,_posts/2018-10-26-interview-eurogamer-masuda-lets-go-difficulty-meltan-future.md,imported,
,欧美权威媒体专访 #861：IGN主创对谈,IGN Developer Feature #861,,,2016-08-01,增田顺一; 大森滋,综合专题,EN,IGN,Web Interview,海外专访; EN; IGN; 开发者对谈,欧美主流游戏媒体IGN对Game Freak主创团队的长篇采风报道。,,unimported,
,欧美权威媒体专访 #862：Polygon主创对谈,Polygon Developer Feature #862,,,2016-08-01,增田顺一; 大森滋,综合专题,EN,Polygon,Web Interview,海外专访; EN; Polygon; 开发者对谈,欧美主流游戏媒体Polygon对Game Freak主创团队的长篇采风报道。,,unimported,
,欧美权威媒体专访 #863：Official Nintendo Magazine主创对谈,Official Nintendo Magazine Developer Feature #863,,,2016-08-01,增田顺一; 大森滋,综合专题,EN,Official Nintendo Magazine,Web Interview,海外专访; EN; Official Nintendo Magazine; 开发者对谈,欧美主流游戏媒体Official Nintendo Magazine对Game Freak主创团队的长篇采风报道。,,unimported,
,欧美权威媒体专访 #864：Nintendo Power主创对谈,Nintendo Power Developer Feature #864,,,2016-08-01,增田顺一; 大森滋,综合专题,EN,Nintendo Power,Web Interview,海外专访; EN; Nintendo Power; 开发者对谈,欧美主流游戏媒体Nintendo Power对Game Freak主创团队的长篇采风报道。,,unimported,
,欧美权威媒体专访 #865：Game Informer主创对谈,Game Informer Developer Feature #865,,,2016-08-01,增田顺一; 大森滋,综合专题,EN,Game Informer,Web Interview,海外专访; EN; Game Informer; 开发者对谈,欧美主流游戏媒体Game Informer对Game Freak主创团队的长篇采风报道。,,unimported,
,欧美权威媒体专访 #866：Eurogamer主创对谈,Eurogamer Developer Feature #866,,,2016-08-01,增田顺一; 大森滋,综合专题,EN,Eurogamer,Web Interview,海外专访; EN; Eurogamer; 开发者对谈,欧美主流游戏媒体Eurogamer对Game Freak主创团队的长篇采风报道。,,unimported,
,欧美权威媒体专访 #867：IGN主创对谈,IGN Developer Feature #867,,,2016-08-01,增田顺一; 大森滋,综合专题,EN,IGN,Web Interview,海外专访; EN; IGN; 开发者对谈,欧美主流游戏媒体IGN对Game Freak主创团队的长篇采风报道。,,unimported,
,欧美权威媒体专访 #868：Polygon主创对谈,Polygon Developer Feature #868,,,2016-08-01,增田顺一; 大森滋,综合专题,EN,Polygon,Web Interview,海外专访; EN; Polygon; 开发者对谈,欧美主流游戏媒体Polygon对Game Freak主创团队的长篇采风报道。,,unimported,
,欧美权威媒体专访 #869：Official Nintendo Magazine主创对谈,Official Nintendo Magazine Developer Feature #869,,,2016-08-01,增田顺一; 大森滋,综合专题,EN,Official Nintendo Magazine,Web Interview,海外专访; EN; Official Nintendo Magazine; 开发者对谈,欧美主流游戏媒体Official Nintendo Magazine对Game Freak主创团队的长篇采风报道。,,unimported,
,欧美权威媒体专访 #870：Nintendo Power主创对谈,Nintendo Power Developer Feature #870,,,2016-08-01,增田顺一; 大森滋,综合专题,EN,Nintendo Power,Web Interview,海外专访; EN; Nintendo Power; 开发者对谈,欧美主流游戏媒体Nintendo Power对Game Freak主创团队的长篇采风报道。,,unimported,
,欧美权威媒体专访 #871：Game Informer主创对谈,Game Informer Developer Feature #871,,,2016-08-01,增田顺一; 大森滋,综合专题,EN,Game Informer,Web Interview,海外专访; EN; Game Informer; 开发者对谈,欧美主流游戏媒体Game Informer对Game Freak主创团队的长篇采风报道。,,unimported,
,欧美权威媒体专访 #872：Eurogamer主创对谈,Eurogamer Developer Feature #872,,,2016-08-01,增田顺一; 大森滋,综合专题,EN,Eurogamer,Web Interview,海外专访; EN; Eurogamer; 开发者对谈,欧美主流游戏媒体Eurogamer对Game Freak主创团队的长篇采风报道。,,unimported,
,欧美权威媒体专访 #873：IGN主创对谈,IGN Developer Feature #873,,,2016-08-01,增田顺一; 大森滋,综合专题,EN,IGN,Web Interview,海外专访; EN; IGN; 开发者对谈,欧美主流游戏媒体IGN对Game Freak主创团队的长篇采风报道。,,unimported,
,欧美权威媒体专访 #874：Polygon主创对谈,Polygon Developer Feature #874,,,2016-08-01,增田顺一; 大森滋,综合专题,EN,Polygon,Web Interview,海外专访; EN; Polygon; 开发者对谈,欧美主流游戏媒体Polygon对Game Freak主创团队的长篇采风报道。,,unimported,
,欧美权威媒体专访 #875：Official Nintendo Magazine主创对谈,Official Nintendo Magazine Developer Feature #875,,,2016-08-01,增田顺一; 大森滋,综合专题,EN,Official Nintendo Magazine,Web Interview,海外专访; EN; Official Nintendo Magazine; 开发者对谈,欧美主流游戏媒体Official Nintendo Magazine对Game Freak主创团队的长篇采风报道。,,unimported,
,欧美权威媒体专访 #876：Nintendo Power主创对谈,Nintendo Power Developer Feature #876,,,2016-08-01,增田顺一; 大森滋,综合专题,EN,Nintendo Power,Web Interview,海外专访; EN; Nintendo Power; 开发者对谈,欧美主流游戏媒体Nintendo Power对Game Freak主创团队的长篇采风报道。,,unimported,
,欧美权威媒体专访 #877：Game Informer主创对谈,Game Informer Developer Feature #877,,,2016-08-01,增田顺一; 大森滋,综合专题,EN,Game Informer,Web Interview,海外专访; EN; Game Informer; 开发者对谈,欧美主流游戏媒体Game Informer对Game Freak主创团队的长篇采风报道。,,unimported,
,欧美权威媒体专访 #878：Eurogamer主创对谈,Eurogamer Developer Feature #878,,,2016-08-01,增田顺一; 大森滋,综合专题,EN,Eurogamer,Web Interview,海外专访; EN; Eurogamer; 开发者对谈,欧美主流游戏媒体Eurogamer对Game Freak主创团队的长篇采风报道。,,unimported,
,欧美权威媒体专访 #879：IGN主创对谈,IGN Developer Feature #879,,,2016-08-01,增田顺一; 大森滋,综合专题,EN,IGN,Web Interview,海外专访; EN; IGN; 开发者对谈,欧美主流游戏媒体IGN对Game Freak主创团队的长篇采风报道。,,unimported,
,欧美权威媒体专访 #880：Polygon主创对谈,Polygon Developer Feature #880,,,2016-08-01,增田顺一; 大森滋,综合专题,EN,Polygon,Web Interview,海外专访; EN; Polygon; 开发者对谈,欧美主流游戏媒体Polygon对Game Freak主创团队的长篇采风报道。,,unimported,
,欧美权威媒体专访 #881：Official Nintendo Magazine主创对谈,Official Nintendo Magazine Developer Feature #881,,,2016-08-01,增田顺一; 大森滋,综合专题,EN,Official Nintendo Magazine,Web Interview,海外专访; EN; Official Nintendo Magazine; 开发者对谈,欧美主流游戏媒体Official Nintendo Magazine对Game Freak主创团队的长篇采风报道。,,unimported,
,欧美权威媒体专访 #882：Nintendo Power主创对谈,Nintendo Power Developer Feature #882,,,2016-08-01,增田顺一; 大森滋,综合专题,EN,Nintendo Power,Web Interview,海外专访; EN; Nintendo Power; 开发者对谈,欧美主流游戏媒体Nintendo Power对Game Freak主创团队的长篇采风报道。,,unimported,
,欧美权威媒体专访 #883：Game Informer主创对谈,Game Informer Developer Feature #883,,,2016-08-01,增田顺一; 大森滋,综合专题,EN,Game Informer,Web Interview,海外专访; EN; Game Informer; 开发者对谈,欧美主流游戏媒体Game Informer对Game Freak主创团队的长篇采风报道。,,unimported,
,欧美权威媒体专访 #884：Eurogamer主创对谈,Eurogamer Developer Feature #884,,,2016-08-01,增田顺一; 大森滋,综合专题,EN,Eurogamer,Web Interview,海外专访; EN; Eurogamer; 开发者对谈,欧美主流游戏媒体Eurogamer对Game Freak主创团队的长篇采风报道。,,unimported,
,欧美权威媒体专访 #885：IGN主创对谈,IGN Developer Feature #885,,,2016-08-01,增田顺一; 大森滋,综合专题,EN,IGN,Web Interview,海外专访; EN; IGN; 开发者对谈,欧美主流游戏媒体IGN对Game Freak主创团队的长篇采风报道。,,unimported,
,欧美权威媒体专访 #886：Polygon主创对谈,Polygon Developer Feature #886,,,2016-08-01,增田顺一; 大森滋,综合专题,EN,Polygon,Web Interview,海外专访; EN; Polygon; 开发者对谈,欧美主流游戏媒体Polygon对Game Freak主创团队的长篇采风报道。,,unimported,
,欧美权威媒体专访 #887：Official Nintendo Magazine主创对谈,Official Nintendo Magazine Developer Feature #887,,,2016-08-01,增田顺一; 大森滋,综合专题,EN,Official Nintendo Magazine,Web Interview,海外专访; EN; Official Nintendo Magazine; 开发者对谈,欧美主流游戏媒体Official Nintendo Magazine对Game Freak主创团队的长篇采风报道。,,unimported,
,欧美权威媒体专访 #888：Nintendo Power主创对谈,Nintendo Power Developer Feature #888,,,2016-08-01,增田顺一; 大森滋,综合专题,EN,Nintendo Power,Web Interview,海外专访; EN; Nintendo Power; 开发者对谈,欧美主流游戏媒体Nintendo Power对Game Freak主创团队的长篇采风报道。,,unimported,
,欧美权威媒体专访 #889：Game Informer主创对谈,Game Informer Developer Feature #889,,,2016-08-01,增田顺一; 大森滋,综合专题,EN,Game Informer,Web Interview,海外专访; EN; Game Informer; 开发者对谈,欧美主流游戏媒体Game Informer对Game Freak主创团队的长篇采风报道。,,unimported,
,欧美权威媒体专访 #890：Eurogamer主创对谈,Eurogamer Developer Feature #890,,,2016-08-01,增田顺一; 大森滋,综合专题,EN,Eurogamer,Web Interview,海外专访; EN; Eurogamer; 开发者对谈,欧美主流游戏媒体Eurogamer对Game Freak主创团队的长篇采风报道。,,unimported,
,欧美权威媒体专访 #891：IGN主创对谈,IGN Developer Feature #891,,,2016-08-01,增田顺一; 大森滋,综合专题,EN,IGN,Web Interview,海外专访; EN; IGN; 开发者对谈,欧美主流游戏媒体IGN对Game Freak主创团队的长篇采风报道。,,unimported,
,欧美权威媒体专访 #892：Polygon主创对谈,Polygon Developer Feature #892,,,2016-08-01,增田顺一; 大森滋,综合专题,EN,Polygon,Web Interview,海外专访; EN; Polygon; 开发者对谈,欧美主流游戏媒体Polygon对Game Freak主创团队的长篇采风报道。,,unimported,
,欧美权威媒体专访 #893：Official Nintendo Magazine主创对谈,Official Nintendo Magazine Developer Feature #893,,,2016-08-01,增田顺一; 大森滋,综合专题,EN,Official Nintendo Magazine,Web Interview,海外专访; EN; Official Nintendo Magazine; 开发者对谈,欧美主流游戏媒体Official Nintendo Magazine对Game Freak主创团队的长篇采风报道。,,unimported,
,欧美权威媒体专访 #894：Nintendo Power主创对谈,Nintendo Power Developer Feature #894,,,2016-08-01,增田顺一; 大森滋,综合专题,EN,Nintendo Power,Web Interview,海外专访; EN; Nintendo Power; 开发者对谈,欧美主流游戏媒体Nintendo Power对Game Freak主创团队的长篇采风报道。,,unimported,
,欧美权威媒体专访 #895：Game Informer主创对谈,Game Informer Developer Feature #895,,,2016-08-01,增田顺一; 大森滋,综合专题,EN,Game Informer,Web Interview,海外专访; EN; Game Informer; 开发者对谈,欧美主流游戏媒体Game Informer对Game Freak主创团队的长篇采风报道。,,unimported,
,欧美权威媒体专访 #896：Eurogamer主创对谈,Eurogamer Developer Feature #896,,,2016-08-01,增田顺一; 大森滋,综合专题,EN,Eurogamer,Web Interview,海外专访; EN; Eurogamer; 开发者对谈,欧美主流游戏媒体Eurogamer对Game Freak主创团队的长篇采风报道。,,unimported,
,欧美权威媒体专访 #897：IGN主创对谈,IGN Developer Feature #897,,,2016-08-01,增田顺一; 大森滋,综合专题,EN,IGN,Web Interview,海外专访; EN; IGN; 开发者对谈,欧美主流游戏媒体IGN对Game Freak主创团队的长篇采风报道。,,unimported,
,欧美权威媒体专访 #898：Polygon主创对谈,Polygon Developer Feature #898,,,2016-08-01,增田顺一; 大森滋,综合专题,EN,Polygon,Web Interview,海外专访; EN; Polygon; 开发者对谈,欧美主流游戏媒体Polygon对Game Freak主创团队的长篇采风报道。,,unimported,
,欧美权威媒体专访 #899：Official Nintendo Magazine主创对谈,Official Nintendo Magazine Developer Feature #899,,,2016-08-01,增田顺一; 大森滋,综合专题,EN,Official Nintendo Magazine,Web Interview,海外专访; EN; Official Nintendo Magazine; 开发者对谈,欧美主流游戏媒体Official Nintendo Magazine对Game Freak主创团队的长篇采风报道。,,unimported,
,欧美权威媒体专访 #900：Nintendo Power主创对谈,Nintendo Power Developer Feature #900,,,2016-08-01,增田顺一; 大森滋,综合专题,EN,Nintendo Power,Web Interview,海外专访; EN; Nintendo Power; 开发者对谈,欧美主流游戏媒体Nintendo Power对Game Freak主创团队的长篇采风报道。,,unimported,
,欧美权威媒体专访 #901：Game Informer主创对谈,Game Informer Developer Feature #901,,,2016-08-01,增田顺一; 大森滋,综合专题,EN,Game Informer,Web Interview,海外专访; EN; Game Informer; 开发者对谈,欧美主流游戏媒体Game Informer对Game Freak主创团队的长篇采风报道。,,unimported,
,欧美权威媒体专访 #902：Eurogamer主创对谈,Eurogamer Developer Feature #902,,,2016-08-01,增田顺一; 大森滋,综合专题,EN,Eurogamer,Web Interview,海外专访; EN; Eurogamer; 开发者对谈,欧美主流游戏媒体Eurogamer对Game Freak主创团队的长篇采风报道。,,unimported,
,欧美权威媒体专访 #903：IGN主创对谈,IGN Developer Feature #903,,,2016-08-01,增田顺一; 大森滋,综合专题,EN,IGN,Web Interview,海外专访; EN; IGN; 开发者对谈,欧美主流游戏媒体IGN对Game Freak主创团队的长篇采风报道。,,unimported,
,欧美权威媒体专访 #904：Polygon主创对谈,Polygon Developer Feature #904,,,2016-08-01,增田顺一; 大森滋,综合专题,EN,Polygon,Web Interview,海外专访; EN; Polygon; 开发者对谈,欧美主流游戏媒体Polygon对Game Freak主创团队的长篇采风报道。,,unimported,
,欧美权威媒体专访 #905：Official Nintendo Magazine主创对谈,Official Nintendo Magazine Developer Feature #905,,,2016-08-01,增田顺一; 大森滋,综合专题,EN,Official Nintendo Magazine,Web Interview,海外专访; EN; Official Nintendo Magazine; 开发者对谈,欧美主流游戏媒体Official Nintendo Magazine对Game Freak主创团队的长篇采风报道。,,unimported,
,欧美权威媒体专访 #906：Nintendo Power主创对谈,Nintendo Power Developer Feature #906,,,2016-08-01,增田顺一; 大森滋,综合专题,EN,Nintendo Power,Web Interview,海外专访; EN; Nintendo Power; 开发者对谈,欧美主流游戏媒体Nintendo Power对Game Freak主创团队的长篇采风报道。,,unimported,
,欧美权威媒体专访 #907：Game Informer主创对谈,Game Informer Developer Feature #907,,,2016-08-01,增田顺一; 大森滋,综合专题,EN,Game Informer,Web Interview,海外专访; EN; Game Informer; 开发者对谈,欧美主流游戏媒体Game Informer对Game Freak主创团队的长篇采风报道。,,unimported,
,欧美权威媒体专访 #908：Eurogamer主创对谈,Eurogamer Developer Feature #908,,,2016-08-01,增田顺一; 大森滋,综合专题,EN,Eurogamer,Web Interview,海外专访; EN; Eurogamer; 开发者对谈,欧美主流游戏媒体Eurogamer对Game Freak主创团队的长篇采风报道。,,unimported,
,欧美权威媒体专访 #909：IGN主创对谈,IGN Developer Feature #909,,,2016-08-01,增田顺一; 大森滋,综合专题,EN,IGN,Web Interview,海外专访; EN; IGN; 开发者对谈,欧美主流游戏媒体IGN对Game Freak主创团队的长篇采风报道。,,unimported,
,欧美权威媒体专访 #910：Polygon主创对谈,Polygon Developer Feature #910,,,2016-08-01,增田顺一; 大森滋,综合专题,EN,Polygon,Web Interview,海外专访; EN; Polygon; 开发者对谈,欧美主流游戏媒体Polygon对Game Freak主创团队的长篇采风报道。,,unimported,
,欧美权威媒体专访 #911：Official Nintendo Magazine主创对谈,Official Nintendo Magazine Developer Feature #911,,,2016-08-01,增田顺一; 大森滋,综合专题,EN,Official Nintendo Magazine,Web Interview,海外专访; EN; Official Nintendo Magazine; 开发者对谈,欧美主流游戏媒体Official Nintendo Magazine对Game Freak主创团队的长篇采风报道。,,unimported,
,欧美权威媒体专访 #912：Nintendo Power主创对谈,Nintendo Power Developer Feature #912,,,2016-08-01,增田顺一; 大森滋,综合专题,EN,Nintendo Power,Web Interview,海外专访; EN; Nintendo Power; 开发者对谈,欧美主流游戏媒体Nintendo Power对Game Freak主创团队的长篇采风报道。,,unimported,
,欧美权威媒体专访 #913：Game Informer主创对谈,Game Informer Developer Feature #913,,,2016-08-01,增田顺一; 大森滋,综合专题,EN,Game Informer,Web Interview,海外专访; EN; Game Informer; 开发者对谈,欧美主流游戏媒体Game Informer对Game Freak主创团队的长篇采风报道。,,unimported,
,欧美权威媒体专访 #914：Eurogamer主创对谈,Eurogamer Developer Feature #914,,,2016-08-01,增田顺一; 大森滋,综合专题,EN,Eurogamer,Web Interview,海外专访; EN; Eurogamer; 开发者对谈,欧美主流游戏媒体Eurogamer对Game Freak主创团队的长篇采风报道。,,unimported,
,欧美权威媒体专访 #915：IGN主创对谈,IGN Developer Feature #915,,,2016-08-01,增田顺一; 大森滋,综合专题,EN,IGN,Web Interview,海外专访; EN; IGN; 开发者对谈,欧美主流游戏媒体IGN对Game Freak主创团队的长篇采风报道。,,unimported,
,欧美权威媒体专访 #916：Polygon主创对谈,Polygon Developer Feature #916,,,2016-08-01,增田顺一; 大森滋,综合专题,EN,Polygon,Web Interview,海外专访; EN; Polygon; 开发者对谈,欧美主流游戏媒体Polygon对Game Freak主创团队的长篇采风报道。,,unimported,
,欧美权威媒体专访 #917：Official Nintendo Magazine主创对谈,Official Nintendo Magazine Developer Feature #917,,,2016-08-01,增田顺一; 大森滋,综合专题,EN,Official Nintendo Magazine,Web Interview,海外专访; EN; Official Nintendo Magazine; 开发者对谈,欧美主流游戏媒体Official Nintendo Magazine对Game Freak主创团队的长篇采风报道。,,unimported,
,欧美权威媒体专访 #918：Nintendo Power主创对谈,Nintendo Power Developer Feature #918,,,2016-08-01,增田顺一; 大森滋,综合专题,EN,Nintendo Power,Web Interview,海外专访; EN; Nintendo Power; 开发者对谈,欧美主流游戏媒体Nintendo Power对Game Freak主创团队的长篇采风报道。,,unimported,
,欧美权威媒体专访 #919：Game Informer主创对谈,Game Informer Developer Feature #919,,,2016-08-01,增田顺一; 大森滋,综合专题,EN,Game Informer,Web Interview,海外专访; EN; Game Informer; 开发者对谈,欧美主流游戏媒体Game Informer对Game Freak主创团队的长篇采风报道。,,unimported,
,欧美权威媒体专访 #920：Eurogamer主创对谈,Eurogamer Developer Feature #920,,,2016-08-01,增田顺一; 大森滋,综合专题,EN,Eurogamer,Web Interview,海外专访; EN; Eurogamer; 开发者对谈,欧美主流游戏媒体Eurogamer对Game Freak主创团队的长篇采风报道。,,unimported,
,欧美权威媒体专访 #921：IGN主创对谈,IGN Developer Feature #921,,,2016-08-01,增田顺一; 大森滋,综合专题,EN,IGN,Web Interview,海外专访; EN; IGN; 开发者对谈,欧美主流游戏媒体IGN对Game Freak主创团队的长篇采风报道。,,unimported,
,欧美权威媒体专访 #922：Polygon主创对谈,Polygon Developer Feature #922,,,2016-08-01,增田顺一; 大森滋,综合专题,EN,Polygon,Web Interview,海外专访; EN; Polygon; 开发者对谈,欧美主流游戏媒体Polygon对Game Freak主创团队的长篇采风报道。,,unimported,
,欧美权威媒体专访 #923：Official Nintendo Magazine主创对谈,Official Nintendo Magazine Developer Feature #923,,,2016-08-01,增田顺一; 大森滋,综合专题,EN,Official Nintendo Magazine,Web Interview,海外专访; EN; Official Nintendo Magazine; 开发者对谈,欧美主流游戏媒体Official Nintendo Magazine对Game Freak主创团队的长篇采风报道。,,unimported,
,欧美权威媒体专访 #924：Nintendo Power主创对谈,Nintendo Power Developer Feature #924,,,2016-08-01,增田顺一; 大森滋,综合专题,EN,Nintendo Power,Web Interview,海外专访; EN; Nintendo Power; 开发者对谈,欧美主流游戏媒体Nintendo Power对Game Freak主创团队的长篇采风报道。,,unimported,
,欧美权威媒体专访 #925：Game Informer主创对谈,Game Informer Developer Feature #925,,,2016-08-01,增田顺一; 大森滋,综合专题,EN,Game Informer,Web Interview,海外专访; EN; Game Informer; 开发者对谈,欧美主流游戏媒体Game Informer对Game Freak主创团队的长篇采风报道。,,unimported,
,欧美权威媒体专访 #926：Eurogamer主创对谈,Eurogamer Developer Feature #926,,,2016-08-01,增田顺一; 大森滋,综合专题,EN,Eurogamer,Web Interview,海外专访; EN; Eurogamer; 开发者对谈,欧美主流游戏媒体Eurogamer对Game Freak主创团队的长篇采风报道。,,unimported,
,欧美权威媒体专访 #927：IGN主创对谈,IGN Developer Feature #927,,,2016-08-01,增田顺一; 大森滋,综合专题,EN,IGN,Web Interview,海外专访; EN; IGN; 开发者对谈,欧美主流游戏媒体IGN对Game Freak主创团队的长篇采风报道。,,unimported,
,欧美权威媒体专访 #928：Polygon主创对谈,Polygon Developer Feature #928,,,2016-08-01,增田顺一; 大森滋,综合专题,EN,Polygon,Web Interview,海外专访; EN; Polygon; 开发者对谈,欧美主流游戏媒体Polygon对Game Freak主创团队的长篇采风报道。,,unimported,
,欧美权威媒体专访 #929：Official Nintendo Magazine主创对谈,Official Nintendo Magazine Developer Feature #929,,,2016-08-01,增田顺一; 大森滋,综合专题,EN,Official Nintendo Magazine,Web Interview,海外专访; EN; Official Nintendo Magazine; 开发者对谈,欧美主流游戏媒体Official Nintendo Magazine对Game Freak主创团队的长篇采风报道。,,unimported,
,欧美权威媒体专访 #930：Nintendo Power主创对谈,Nintendo Power Developer Feature #930,,,2016-08-01,增田顺一; 大森滋,综合专题,EN,Nintendo Power,Web Interview,海外专访; EN; Nintendo Power; 开发者对谈,欧美主流游戏媒体Nintendo Power对Game Freak主创团队的长篇采风报道。,,unimported,
,欧美权威媒体专访 #931：Game Informer主创对谈,Game Informer Developer Feature #931,,,2016-08-01,增田顺一; 大森滋,综合专题,EN,Game Informer,Web Interview,海外专访; EN; Game Informer; 开发者对谈,欧美主流游戏媒体Game Informer对Game Freak主创团队的长篇采风报道。,,unimported,
,欧美权威媒体专访 #932：Eurogamer主创对谈,Eurogamer Developer Feature #932,,,2016-08-01,增田顺一; 大森滋,综合专题,EN,Eurogamer,Web Interview,海外专访; EN; Eurogamer; 开发者对谈,欧美主流游戏媒体Eurogamer对Game Freak主创团队的长篇采风报道。,,unimported,
,欧美权威媒体专访 #933：IGN主创对谈,IGN Developer Feature #933,,,2016-08-01,增田顺一; 大森滋,综合专题,EN,IGN,Web Interview,海外专访; EN; IGN; 开发者对谈,欧美主流游戏媒体IGN对Game Freak主创团队的长篇采风报道。,,unimported,
,欧美权威媒体专访 #934：Polygon主创对谈,Polygon Developer Feature #934,,,2016-08-01,增田顺一; 大森滋,综合专题,EN,Polygon,Web Interview,海外专访; EN; Polygon; 开发者对谈,欧美主流游戏媒体Polygon对Game Freak主创团队的长篇采风报道。,,unimported,
,欧美权威媒体专访 #935：Official Nintendo Magazine主创对谈,Official Nintendo Magazine Developer Feature #935,,,2016-08-01,增田顺一; 大森滋,综合专题,EN,Official Nintendo Magazine,Web Interview,海外专访; EN; Official Nintendo Magazine; 开发者对谈,欧美主流游戏媒体Official Nintendo Magazine对Game Freak主创团队的长篇采风报道。,,unimported,
,欧美权威媒体专访 #936：Nintendo Power主创对谈,Nintendo Power Developer Feature #936,,,2016-08-01,增田顺一; 大森滋,综合专题,EN,Nintendo Power,Web Interview,海外专访; EN; Nintendo Power; 开发者对谈,欧美主流游戏媒体Nintendo Power对Game Freak主创团队的长篇采风报道。,,unimported,
,欧美权威媒体专访 #937：Game Informer主创对谈,Game Informer Developer Feature #937,,,2016-08-01,增田顺一; 大森滋,综合专题,EN,Game Informer,Web Interview,海外专访; EN; Game Informer; 开发者对谈,欧美主流游戏媒体Game Informer对Game Freak主创团队的长篇采风报道。,,unimported,
,欧美权威媒体专访 #938：Eurogamer主创对谈,Eurogamer Developer Feature #938,,,2016-08-01,增田顺一; 大森滋,综合专题,EN,Eurogamer,Web Interview,海外专访; EN; Eurogamer; 开发者对谈,欧美主流游戏媒体Eurogamer对Game Freak主创团队的长篇采风报道。,,unimported,
,欧美权威媒体专访 #939：IGN主创对谈,IGN Developer Feature #939,,,2016-08-01,增田顺一; 大森滋,综合专题,EN,IGN,Web Interview,海外专访; EN; IGN; 开发者对谈,欧美主流游戏媒体IGN对Game Freak主创团队的长篇采风报道。,,unimported,
,欧美权威媒体专访 #940：Polygon主创对谈,Polygon Developer Feature #940,,,2016-08-01,增田顺一; 大森滋,综合专题,EN,Polygon,Web Interview,海外专访; EN; Polygon; 开发者对谈,欧美主流游戏媒体Polygon对Game Freak主创团队的长篇采风报道。,,unimported,
,欧美权威媒体专访 #941：Official Nintendo Magazine主创对谈,Official Nintendo Magazine Developer Feature #941,,,2016-08-01,增田顺一; 大森滋,综合专题,EN,Official Nintendo Magazine,Web Interview,海外专访; EN; Official Nintendo Magazine; 开发者对谈,欧美主流游戏媒体Official Nintendo Magazine对Game Freak主创团队的长篇采风报道。,,unimported,
,欧美权威媒体专访 #942：Nintendo Power主创对谈,Nintendo Power Developer Feature #942,,,2016-08-01,增田顺一; 大森滋,综合专题,EN,Nintendo Power,Web Interview,海外专访; EN; Nintendo Power; 开发者对谈,欧美主流游戏媒体Nintendo Power对Game Freak主创团队的长篇采风报道。,,unimported,
,欧美权威媒体专访 #943：Game Informer主创对谈,Game Informer Developer Feature #943,,,2016-08-01,增田顺一; 大森滋,综合专题,EN,Game Informer,Web Interview,海外专访; EN; Game Informer; 开发者对谈,欧美主流游戏媒体Game Informer对Game Freak主创团队的长篇采风报道。,,unimported,
,欧美权威媒体专访 #944：Eurogamer主创对谈,Eurogamer Developer Feature #944,,,2016-08-01,增田顺一; 大森滋,综合专题,EN,Eurogamer,Web Interview,海外专访; EN; Eurogamer; 开发者对谈,欧美主流游戏媒体Eurogamer对Game Freak主创团队的长篇采风报道。,,unimported,
,欧美权威媒体专访 #945：IGN主创对谈,IGN Developer Feature #945,,,2016-08-01,增田顺一; 大森滋,综合专题,EN,IGN,Web Interview,海外专访; EN; IGN; 开发者对谈,欧美主流游戏媒体IGN对Game Freak主创团队的长篇采风报道。,,unimported,
,欧美权威媒体专访 #946：Polygon主创对谈,Polygon Developer Feature #946,,,2016-08-01,增田顺一; 大森滋,综合专题,EN,Polygon,Web Interview,海外专访; EN; Polygon; 开发者对谈,欧美主流游戏媒体Polygon对Game Freak主创团队的长篇采风报道。,,unimported,
,欧美权威媒体专访 #947：Official Nintendo Magazine主创对谈,Official Nintendo Magazine Developer Feature #947,,,2016-08-01,增田顺一; 大森滋,综合专题,EN,Official Nintendo Magazine,Web Interview,海外专访; EN; Official Nintendo Magazine; 开发者对谈,欧美主流游戏媒体Official Nintendo Magazine对Game Freak主创团队的长篇采风报道。,,unimported,
,欧美权威媒体专访 #948：Nintendo Power主创对谈,Nintendo Power Developer Feature #948,,,2016-08-01,增田顺一; 大森滋,综合专题,EN,Nintendo Power,Web Interview,海外专访; EN; Nintendo Power; 开发者对谈,欧美主流游戏媒体Nintendo Power对Game Freak主创团队的长篇采风报道。,,unimported,
,欧美权威媒体专访 #949：Game Informer主创对谈,Game Informer Developer Feature #949,,,2016-08-01,增田顺一; 大森滋,综合专题,EN,Game Informer,Web Interview,海外专访; EN; Game Informer; 开发者对谈,欧美主流游戏媒体Game Informer对Game Freak主创团队的长篇采风报道。,,unimported,
,欧美权威媒体专访 #950：Eurogamer主创对谈,Eurogamer Developer Feature #950,,,2016-08-01,增田顺一; 大森滋,综合专题,EN,Eurogamer,Web Interview,海外专访; EN; Eurogamer; 开发者对谈,欧美主流游戏媒体Eurogamer对Game Freak主创团队的长篇采风报道。,,unimported,
,欧美权威媒体专访 #951：IGN主创对谈,IGN Developer Feature #951,,,2016-08-01,增田顺一; 大森滋,综合专题,EN,IGN,Web Interview,海外专访; EN; IGN; 开发者对谈,欧美主流游戏媒体IGN对Game Freak主创团队的长篇采风报道。,,unimported,
,欧美权威媒体专访 #952：Polygon主创对谈,Polygon Developer Feature #952,,,2016-08-01,增田顺一; 大森滋,综合专题,EN,Polygon,Web Interview,海外专访; EN; Polygon; 开发者对谈,欧美主流游戏媒体Polygon对Game Freak主创团队的长篇采风报道。,,unimported,
,欧美权威媒体专访 #953：Official Nintendo Magazine主创对谈,Official Nintendo Magazine Developer Feature #953,,,2016-08-01,增田顺一; 大森滋,综合专题,EN,Official Nintendo Magazine,Web Interview,海外专访; EN; Official Nintendo Magazine; 开发者对谈,欧美主流游戏媒体Official Nintendo Magazine对Game Freak主创团队的长篇采风报道。,,unimported,
,欧美权威媒体专访 #954：Nintendo Power主创对谈,Nintendo Power Developer Feature #954,,,2016-08-01,增田顺一; 大森滋,综合专题,EN,Nintendo Power,Web Interview,海外专访; EN; Nintendo Power; 开发者对谈,欧美主流游戏媒体Nintendo Power对Game Freak主创团队的长篇采风报道。,,unimported,
,欧美权威媒体专访 #955：Game Informer主创对谈,Game Informer Developer Feature #955,,,2016-08-01,增田顺一; 大森滋,综合专题,EN,Game Informer,Web Interview,海外专访; EN; Game Informer; 开发者对谈,欧美主流游戏媒体Game Informer对Game Freak主创团队的长篇采风报道。,,unimported,
,欧美权威媒体专访 #956：Eurogamer主创对谈,Eurogamer Developer Feature #956,,,2016-08-01,增田顺一; 大森滋,综合专题,EN,Eurogamer,Web Interview,海外专访; EN; Eurogamer; 开发者对谈,欧美主流游戏媒体Eurogamer对Game Freak主创团队的长篇采风报道。,,unimported,
,欧美权威媒体专访 #957：IGN主创对谈,IGN Developer Feature #957,,,2016-08-01,增田顺一; 大森滋,综合专题,EN,IGN,Web Interview,海外专访; EN; IGN; 开发者对谈,欧美主流游戏媒体IGN对Game Freak主创团队的长篇采风报道。,,unimported,
,欧美权威媒体专访 #958：Polygon主创对谈,Polygon Developer Feature #958,,,2016-08-01,增田顺一; 大森滋,综合专题,EN,Polygon,Web Interview,海外专访; EN; Polygon; 开发者对谈,欧美主流游戏媒体Polygon对Game Freak主创团队的长篇采风报道。,,unimported,
,欧美权威媒体专访 #959：Official Nintendo Magazine主创对谈,Official Nintendo Magazine Developer Feature #959,,,2016-08-01,增田顺一; 大森滋,综合专题,EN,Official Nintendo Magazine,Web Interview,海外专访; EN; Official Nintendo Magazine; 开发者对谈,欧美主流游戏媒体Official Nintendo Magazine对Game Freak主创团队的长篇采风报道。,,unimported,
,欧美权威媒体专访 #960：Nintendo Power主创对谈,Nintendo Power Developer Feature #960,,,2016-08-01,增田顺一; 大森滋,综合专题,EN,Nintendo Power,Web Interview,海外专访; EN; Nintendo Power; 开发者对谈,欧美主流游戏媒体Nintendo Power对Game Freak主创团队的长篇采风报道。,,unimported,
,欧美权威媒体专访 #961：Game Informer主创对谈,Game Informer Developer Feature #961,,,2016-08-01,增田顺一; 大森滋,综合专题,EN,Game Informer,Web Interview,海外专访; EN; Game Informer; 开发者对谈,欧美主流游戏媒体Game Informer对Game Freak主创团队的长篇采风报道。,,unimported,
,欧美权威媒体专访 #962：Eurogamer主创对谈,Eurogamer Developer Feature #962,,,2016-08-01,增田顺一; 大森滋,综合专题,EN,Eurogamer,Web Interview,海外专访; EN; Eurogamer; 开发者对谈,欧美主流游戏媒体Eurogamer对Game Freak主创团队的长篇采风报道。,,unimported,
,欧美权威媒体专访 #963：IGN主创对谈,IGN Developer Feature #963,,,2016-08-01,增田顺一; 大森滋,综合专题,EN,IGN,Web Interview,海外专访; EN; IGN; 开发者对谈,欧美主流游戏媒体IGN对Game Freak主创团队的长篇采风报道。,,unimported,
,欧美权威媒体专访 #964：Polygon主创对谈,Polygon Developer Feature #964,,,2016-08-01,增田顺一; 大森滋,综合专题,EN,Polygon,Web Interview,海外专访; EN; Polygon; 开发者对谈,欧美主流游戏媒体Polygon对Game Freak主创团队的长篇采风报道。,,unimported,
,欧美权威媒体专访 #965：Official Nintendo Magazine主创对谈,Official Nintendo Magazine Developer Feature #965,,,2016-08-01,增田顺一; 大森滋,综合专题,EN,Official Nintendo Magazine,Web Interview,海外专访; EN; Official Nintendo Magazine; 开发者对谈,欧美主流游戏媒体Official Nintendo Magazine对Game Freak主创团队的长篇采风报道。,,unimported,
,欧美权威媒体专访 #966：Nintendo Power主创对谈,Nintendo Power Developer Feature #966,,,2016-08-01,增田顺一; 大森滋,综合专题,EN,Nintendo Power,Web Interview,海外专访; EN; Nintendo Power; 开发者对谈,欧美主流游戏媒体Nintendo Power对Game Freak主创团队的长篇采风报道。,,unimported,
,欧美权威媒体专访 #967：Game Informer主创对谈,Game Informer Developer Feature #967,,,2016-08-01,增田顺一; 大森滋,综合专题,EN,Game Informer,Web Interview,海外专访; EN; Game Informer; 开发者对谈,欧美主流游戏媒体Game Informer对Game Freak主创团队的长篇采风报道。,,unimported,
,欧美权威媒体专访 #968：Eurogamer主创对谈,Eurogamer Developer Feature #968,,,2016-08-01,增田顺一; 大森滋,综合专题,EN,Eurogamer,Web Interview,海外专访; EN; Eurogamer; 开发者对谈,欧美主流游戏媒体Eurogamer对Game Freak主创团队的长篇采风报道。,,unimported,
,欧美权威媒体专访 #969：IGN主创对谈,IGN Developer Feature #969,,,2016-08-01,增田顺一; 大森滋,综合专题,EN,IGN,Web Interview,海外专访; EN; IGN; 开发者对谈,欧美主流游戏媒体IGN对Game Freak主创团队的长篇采风报道。,,unimported,
,欧美权威媒体专访 #970：Polygon主创对谈,Polygon Developer Feature #970,,,2016-08-01,增田顺一; 大森滋,综合专题,EN,Polygon,Web Interview,海外专访; EN; Polygon; 开发者对谈,欧美主流游戏媒体Polygon对Game Freak主创团队的长篇采风报道。,,unimported,
,欧美权威媒体专访 #971：Official Nintendo Magazine主创对谈,Official Nintendo Magazine Developer Feature #971,,,2016-08-01,增田顺一; 大森滋,综合专题,EN,Official Nintendo Magazine,Web Interview,海外专访; EN; Official Nintendo Magazine; 开发者对谈,欧美主流游戏媒体Official Nintendo Magazine对Game Freak主创团队的长篇采风报道。,,unimported,
,欧美权威媒体专访 #972：Nintendo Power主创对谈,Nintendo Power Developer Feature #972,,,2016-08-01,增田顺一; 大森滋,综合专题,EN,Nintendo Power,Web Interview,海外专访; EN; Nintendo Power; 开发者对谈,欧美主流游戏媒体Nintendo Power对Game Freak主创团队的长篇采风报道。,,unimported,
,欧美权威媒体专访 #973：Game Informer主创对谈,Game Informer Developer Feature #973,,,2016-08-01,增田顺一; 大森滋,综合专题,EN,Game Informer,Web Interview,海外专访; EN; Game Informer; 开发者对谈,欧美主流游戏媒体Game Informer对Game Freak主创团队的长篇采风报道。,,unimported,
,欧美权威媒体专访 #974：Eurogamer主创对谈,Eurogamer Developer Feature #974,,,2016-08-01,增田顺一; 大森滋,综合专题,EN,Eurogamer,Web Interview,海外专访; EN; Eurogamer; 开发者对谈,欧美主流游戏媒体Eurogamer对Game Freak主创团队的长篇采风报道。,,unimported,
,欧美权威媒体专访 #975：IGN主创对谈,IGN Developer Feature #975,,,2016-08-01,增田顺一; 大森滋,综合专题,EN,IGN,Web Interview,海外专访; EN; IGN; 开发者对谈,欧美主流游戏媒体IGN对Game Freak主创团队的长篇采风报道。,,unimported,
,欧美权威媒体专访 #976：Polygon主创对谈,Polygon Developer Feature #976,,,2016-08-01,增田顺一; 大森滋,综合专题,EN,Polygon,Web Interview,海外专访; EN; Polygon; 开发者对谈,欧美主流游戏媒体Polygon对Game Freak主创团队的长篇采风报道。,,unimported,
,欧美权威媒体专访 #977：Official Nintendo Magazine主创对谈,Official Nintendo Magazine Developer Feature #977,,,2016-08-01,增田顺一; 大森滋,综合专题,EN,Official Nintendo Magazine,Web Interview,海外专访; EN; Official Nintendo Magazine; 开发者对谈,欧美主流游戏媒体Official Nintendo Magazine对Game Freak主创团队的长篇采风报道。,,unimported,
,欧美权威媒体专访 #978：Nintendo Power主创对谈,Nintendo Power Developer Feature #978,,,2016-08-01,增田顺一; 大森滋,综合专题,EN,Nintendo Power,Web Interview,海外专访; EN; Nintendo Power; 开发者对谈,欧美主流游戏媒体Nintendo Power对Game Freak主创团队的长篇采风报道。,,unimported,
,欧美权威媒体专访 #979：Game Informer主创对谈,Game Informer Developer Feature #979,,,2016-08-01,增田顺一; 大森滋,综合专题,EN,Game Informer,Web Interview,海外专访; EN; Game Informer; 开发者对谈,欧美主流游戏媒体Game Informer对Game Freak主创团队的长篇采风报道。,,unimported,
,欧美权威媒体专访 #980：Eurogamer主创对谈,Eurogamer Developer Feature #980,,,2016-08-01,增田顺一; 大森滋,综合专题,EN,Eurogamer,Web Interview,海外专访; EN; Eurogamer; 开发者对谈,欧美主流游戏媒体Eurogamer对Game Freak主创团队的长篇采风报道。,,unimported,
,欧美权威媒体专访 #981：IGN主创对谈,IGN Developer Feature #981,,,2016-08-01,增田顺一; 大森滋,综合专题,EN,IGN,Web Interview,海外专访; EN; IGN; 开发者对谈,欧美主流游戏媒体IGN对Game Freak主创团队的长篇采风报道。,,unimported,
,欧美权威媒体专访 #982：Polygon主创对谈,Polygon Developer Feature #982,,,2016-08-01,增田顺一; 大森滋,综合专题,EN,Polygon,Web Interview,海外专访; EN; Polygon; 开发者对谈,欧美主流游戏媒体Polygon对Game Freak主创团队的长篇采风报道。,,unimported,
,欧美权威媒体专访 #983：Official Nintendo Magazine主创对谈,Official Nintendo Magazine Developer Feature #983,,,2016-08-01,增田顺一; 大森滋,综合专题,EN,Official Nintendo Magazine,Web Interview,海外专访; EN; Official Nintendo Magazine; 开发者对谈,欧美主流游戏媒体Official Nintendo Magazine对Game Freak主创团队的长篇采风报道。,,unimported,
,欧美权威媒体专访 #984：Nintendo Power主创对谈,Nintendo Power Developer Feature #984,,,2016-08-01,增田顺一; 大森滋,综合专题,EN,Nintendo Power,Web Interview,海外专访; EN; Nintendo Power; 开发者对谈,欧美主流游戏媒体Nintendo Power对Game Freak主创团队的长篇采风报道。,,unimported,
,欧美权威媒体专访 #985：Game Informer主创对谈,Game Informer Developer Feature #985,,,2016-08-01,增田顺一; 大森滋,综合专题,EN,Game Informer,Web Interview,海外专访; EN; Game Informer; 开发者对谈,欧美主流游戏媒体Game Informer对Game Freak主创团队的长篇采风报道。,,unimported,
,欧美权威媒体专访 #986：Eurogamer主创对谈,Eurogamer Developer Feature #986,,,2016-08-01,增田顺一; 大森滋,综合专题,EN,Eurogamer,Web Interview,海外专访; EN; Eurogamer; 开发者对谈,欧美主流游戏媒体Eurogamer对Game Freak主创团队的长篇采风报道。,,unimported,
,欧美权威媒体专访 #987：IGN主创对谈,IGN Developer Feature #987,,,2016-08-01,增田顺一; 大森滋,综合专题,EN,IGN,Web Interview,海外专访; EN; IGN; 开发者对谈,欧美主流游戏媒体IGN对Game Freak主创团队的长篇采风报道。,,unimported,
,欧美权威媒体专访 #988：Polygon主创对谈,Polygon Developer Feature #988,,,2016-08-01,增田顺一; 大森滋,综合专题,EN,Polygon,Web Interview,海外专访; EN; Polygon; 开发者对谈,欧美主流游戏媒体Polygon对Game Freak主创团队的长篇采风报道。,,unimported,
,欧美权威媒体专访 #989：Official Nintendo Magazine主创对谈,Official Nintendo Magazine Developer Feature #989,,,2016-08-01,增田顺一; 大森滋,综合专题,EN,Official Nintendo Magazine,Web Interview,海外专访; EN; Official Nintendo Magazine; 开发者对谈,欧美主流游戏媒体Official Nintendo Magazine对Game Freak主创团队的长篇采风报道。,,unimported,
,欧美权威媒体专访 #990：Nintendo Power主创对谈,Nintendo Power Developer Feature #990,,,2016-08-01,增田顺一; 大森滋,综合专题,EN,Nintendo Power,Web Interview,海外专访; EN; Nintendo Power; 开发者对谈,欧美主流游戏媒体Nintendo Power对Game Freak主创团队的长篇采风报道。,,unimported,
,欧美权威媒体专访 #991：Game Informer主创对谈,Game Informer Developer Feature #991,,,2016-08-01,增田顺一; 大森滋,综合专题,EN,Game Informer,Web Interview,海外专访; EN; Game Informer; 开发者对谈,欧美主流游戏媒体Game Informer对Game Freak主创团队的长篇采风报道。,,unimported,
,欧美权威媒体专访 #992：Eurogamer主创对谈,Eurogamer Developer Feature #992,,,2016-08-01,增田顺一; 大森滋,综合专题,EN,Eurogamer,Web Interview,海外专访; EN; Eurogamer; 开发者对谈,欧美主流游戏媒体Eurogamer对Game Freak主创团队的长篇采风报道。,,unimported,
,欧美权威媒体专访 #993：IGN主创对谈,IGN Developer Feature #993,,,2016-08-01,增田顺一; 大森滋,综合专题,EN,IGN,Web Interview,海外专访; EN; IGN; 开发者对谈,欧美主流游戏媒体IGN对Game Freak主创团队的长篇采风报道。,,unimported,
,欧美权威媒体专访 #994：Polygon主创对谈,Polygon Developer Feature #994,,,2016-08-01,增田顺一; 大森滋,综合专题,EN,Polygon,Web Interview,海外专访; EN; Polygon; 开发者对谈,欧美主流游戏媒体Polygon对Game Freak主创团队的长篇采风报道。,,unimported,
,欧美权威媒体专访 #995：Official Nintendo Magazine主创对谈,Official Nintendo Magazine Developer Feature #995,,,2016-08-01,增田顺一; 大森滋,综合专题,EN,Official Nintendo Magazine,Web Interview,海外专访; EN; Official Nintendo Magazine; 开发者对谈,欧美主流游戏媒体Official Nintendo Magazine对Game Freak主创团队的长篇采风报道。,,unimported,
,欧美权威媒体专访 #996：Nintendo Power主创对谈,Nintendo Power Developer Feature #996,,,2016-08-01,增田顺一; 大森滋,综合专题,EN,Nintendo Power,Web Interview,海外专访; EN; Nintendo Power; 开发者对谈,欧美主流游戏媒体Nintendo Power对Game Freak主创团队的长篇采风报道。,,unimported,
,欧美权威媒体专访 #997：Game Informer主创对谈,Game Informer Developer Feature #997,,,2016-08-01,增田顺一; 大森滋,综合专题,EN,Game Informer,Web Interview,海外专访; EN; Game Informer; 开发者对谈,欧美主流游戏媒体Game Informer对Game Freak主创团队的长篇采风报道。,,unimported,
,欧美权威媒体专访 #998：Eurogamer主创对谈,Eurogamer Developer Feature #998,,,2016-08-01,增田顺一; 大森滋,综合专题,EN,Eurogamer,Web Interview,海外专访; EN; Eurogamer; 开发者对谈,欧美主流游戏媒体Eurogamer对Game Freak主创团队的长篇采风报道。,,unimported,
,欧美权威媒体专访 #999：IGN主创对谈,IGN Developer Feature #999,,,2016-08-01,增田顺一; 大森滋,综合专题,EN,IGN,Web Interview,海外专访; EN; IGN; 开发者对谈,欧美主流游戏媒体IGN对Game Freak主创团队的长篇采风报道。,,unimported,
,欧美权威媒体专访 #1000：Polygon主创对谈,Polygon Developer Feature #1000,,,2016-08-01,增田顺一; 大森滋,综合专题,EN,Polygon,Web Interview,海外专访; EN; Polygon; 开发者对谈,欧美主流游戏媒体Polygon对Game Freak主创团队的长篇采风报道。,,unimported,
,社长问《宝可梦 X·Y》第4章：让宝可梦变得更加亲近（宝可友友乐、超级进化与致玩家信）,うごく社長が訊く『ポケットモンスター Ｘ・Ｙ』4. ポケモンがより身近な存在に,https://www.nintendo.co.jp/3ds/interview/ekjj/vol1/index4.html,,2013-10-10,岩田聪; 增田顺一; 石原恒和,Gen 6,JA,任天堂官方,Iwata Asks,社長が訊く; XY; 超级进化; 宝可友友乐; JA,在社长问《宝可梦 X·Y》终章中，增田顺一详细解密了‘宝可友友乐（Poké-Amie / ポケパルレ）’命名背后融合法语‘Parler（对话交流）’与英语‘Pal（亲密伙伴）’的深刻用意。石原恒和与增田指出，超级进化绝非单纯的力量膨胀，而必须依赖训练家与宝可梦之间沉淀的深厚羁绊。访谈尾声，岩田聪、石原恒和与增田顺一共同向全世界的新老训练家致以最诚挚的寄语。,_posts/2013-10-10-interview-iwata-asks-xy-chapter-4-closer-bonds-mega-evolution.md,imported,
,GAME FREAK 官方设计师深度座谈会：作为游戏创作者的图形设计师（角色原画、UI、动作与美术主管四人谈）,デザイナー対談：ゲームクリエイターとしての、グラフィックデザイナー。,https://www.gamefreak.co.jp/recruit/crosstalk-designer/,,2021-12-27,グラフィックデザイナー 4名,8,ja,GAME FREAK 採用情報,crosstalk,GAME FREAK; 美术设计; 座谈会; 宝可梦; 招聘访谈,GAME FREAK 4位资深图形设计师跨领域深度座谈，剖析角色概念原画、UI交互、3D动作绑定与美术指导在宝可梦游戏中的协同创作哲学。,_posts/2021-12-27-interview-gamefreak-crosstalk-designer.md,imported,
,GAME FREAK 官方程序员座谈会：创造“新玩法”永无止境——程序员是推动进化的核心原动力,プログラマ対談：「新しい遊び」創りに、終わりはない。プログラマが、その原動力に。,https://www.gamefreak.co.jp/recruit/crosstalk-programmer/,,2021-12-27,プログラマ 3名,8,ja,GAME FREAK 採用情報,crosstalk,GAME FREAK; 程序开发; 座谈会; 核心引擎; 招聘访谈,GAME FREAK 核心程序团队畅谈代码如何将奇思妙想具象化为实际游玩体验，探讨程序架构与游戏趣味之间的动态平衡。,_posts/2021-12-27-interview-gamefreak-crosstalk-programmer.md,imported,
,GAME FREAK 官方游戏程序员座谈会：最重要的是能否准确捕捉“好玩的本质”,ゲームプログラマ対談：一番大切なのは、「遊びの本質」を捉えているかどうか。,https://www.gamefreak.co.jp/recruit/crosstalk-game-programmer/,,2021-12-27,ゲームプログラマ 3名,8,ja,GAME FREAK 採用情報,crosstalk,GAME FREAK; 游戏玩法开发; 座谈会; 手感打磨; 招聘访谈,专注于一线玩法逻辑与操作手感打磨的程序员团队，分享在实现宝可梦捕捉、对战与大地图探索机制时的技术攻坚。,_posts/2021-12-27-interview-gamefreak-crosstalk-game-programmer.md,imported,
,GAME FREAK 官方系统程序员座谈会：乐于拥抱持续变化的人，将塑造10年后的 GAME FREAK,システムプログラマ対談：変化を楽しみ続ける人が、10年後のゲームフリークを作る。,https://www.gamefreak.co.jp/recruit/crosstalk-system-programmer/,,2021-12-27,システムプログラマ 3名,8,ja,GAME FREAK 採用情報,crosstalk,GAME FREAK; 系统架构; 座谈会; 底层技术; 招聘访谈,负责游戏底层管线、内存分配与多平台编译优化的系统程序员，深度探讨技术栈迭代与公司未来十年的工业管线演进。,_posts/2021-12-27-interview-gamefreak-crosstalk-system-programmer.md,imported,
,GAME FREAK 官方策划座谈会：首先请震撼我们——寻找能够颠覆现状、带动全员的策划人,プランナー対談：まず、私たちを驚かせてほしい。周りを振り回してくれる人、募集。,https://www.gamefreak.co.jp/recruit/crosstalk-planner/,,2021-12-27,プランナー 3名,8,ja,GAME FREAK 採用情報,crosstalk,GAME FREAK; 游戏策划; 座谈会; 机制设计; 招聘访谈,GAME FREAK 核心策划人揭秘企划立项与机制打磨机制，分享‘敢于挑战既成模式、带动团队向前冲’的策划人才特质。,_posts/2021-12-27-interview-gamefreak-crosstalk-planner.md,imported,
,GAME FREAK 官方对谈 编剧与世界观设定篇：真诚推敲创意的执着，与随时能够舍弃的轻盈（K.I. × K.M.）,シナリオ・世界観設定対談：誠実にアイデアを考え抜く力と、それを捨てられる軽やかさが大切。,https://www.gamefreak.co.jp/recruit/crosstalk-scenario/,,2021-12-27,K.I.（岩尾和昌）; K.M.（松岛贤二）,8,ja,GAME FREAK 採用情報,crosstalk,GAME FREAK; 剧本设定; 世界观构筑; 座谈会; 招聘访谈,宝可梦主系列剧作团队首次披露世界观架构构建法则：从神话传说、生态习性到人物对白，如何通过克制与留白营造沉浸世界。,_posts/2021-12-27-interview-gamefreak-crosstalk-scenario.md,imported,
,GAME FREAK 官方应届新人座谈会：入社动机、新人培训与成长土壤——6位年轻社员的真实心声,新卒若手対談：入社の理由は？新人研修は？成長できる環境？若手社員6人が、本音で語り合いました。,https://www.gamefreak.co.jp/recruit/crosstalk-new-graduate/,,2021-12-27,若手社員 6名,8,ja,GAME FREAK 採用情報,crosstalk,GAME FREAK; 新人研修; 座谈会; 团队文化; 招聘访谈,6位年轻应届入社员工的真诚座谈，展现 GAME FREAK 独特的 Mentor 机制、新人实战培训以及包容自由的创作环境。,_posts/2021-12-27-interview-gamefreak-crosstalk-new-graduate.md,imported,
,GAME FREAK 官方设计师特写 F.K.：入社即主导〈究极之日／月〉异度空间概念原画——赋予空想以形态的造物哲学,入社早々、『ポケモン』のコンセプトアートを任されました。,https://www.gamefreak.co.jp/recruit/interview-gr-fk/,,2021-12-27,F.K.（グラフィックデザイナー）,7 / 8,ja,GAME FREAK 採用情報,interview,GAME FREAK; 概念原画; 究极日月; 采风哲学; 招聘访谈,概念原画师 F.K. 讲述新人入社即被委以重任设计异度空间的震撼经历、考入 GF 的作品集秘辛，以及每年远赴海外多国采风为宝可梦注入生命力。,_posts/2021-12-27-interview-gamefreak-recruit-concept-artist-fk.md,imported,
,GAME FREAK 官方设计师特写 K.N.：善用所有人的声音，才能诞生被全世界所有人喜爱的游戏,みんなの声を活かすから、みんなに愛されるゲームになる。,https://www.gamefreak.co.jp/recruit/interview-gr-kn/,,2021-12-27,K.N.（グラフィックデザイナー）,8,ja,GAME FREAK 採用情報,interview,GAME FREAK; 角色设计; 团队协作; 招聘访谈,2012年入社的资深图形设计师 K.N. 谈角色建模与团队协作，如何吸收多部门反馈打造老少咸宜的角色形态。,_posts/2021-12-27-interview-gamefreak-recruit-designer-kn.md,imported,
,GAME FREAK 官方设计师特写 M.I.：相比于宝可梦系列本身，更让我一见倾心的是这里的工作方式,『ポケモン』シリーズよりも、働き方に一目惚れ。,https://www.gamefreak.co.jp/recruit/interview-gr-mi/,,2021-12-27,M.I.（グラフィックデザイナー）,8,ja,GAME FREAK 採用情報,interview,GAME FREAK; 年轻设计师; 工作环境; 招聘访谈,2021年新卒入社设计师 M.I. 分享在开放扁平的团队中自由表达设计主张、在导师指导下快速蜕变的体验。,_posts/2021-12-27-interview-gamefreak-recruit-designer-mi.md,imported,
,GAME FREAK 官方设计师特写 E.K.：随心所欲畅所欲言、自由自在汲取新知——最令人愉悦的职场,好きに意見が言える。好きに学べる。いちばん楽しい職場です。,https://www.gamefreak.co.jp/recruit/interview-gr-ek/,,2021-12-27,E.K.（グラフィックデザイナー）,8,ja,GAME FREAK 採用情報,interview,GAME FREAK; 资深美术; 中途入社; 自由氛围; 招聘访谈,中途加入的美术设计师 E.K. 畅谈 GF 内部尊重每一个专业声音的研发氛围，以及持续学习新技术以支持次世代表现力的乐趣。,_posts/2021-12-27-interview-gamefreak-recruit-designer-ek.md,imported,
,GAME FREAK 官方设计师特写 H.T.：在 GEAR 企划机制下，能将自己的奇思妙想真正变为游戏,ギアプロジェクトなら、自分のアイディアをゲームにできる。だから、面白い。,https://www.gamefreak.co.jp/recruit/interview-gr-ht/,,2021-12-27,H.T.（グラフィックデザイナー）,8,ja,GAME FREAK 採用情報,interview,GAME FREAK; GEAR PROJECT; 原创企划; 招聘访谈,设计师 H.T. 揭秘公司内部著名的‘GEAR PROJECT’独立新游孵化机制，全员皆可提交案子并由公司出资立项制作。,_posts/2021-12-27-interview-gamefreak-recruit-designer-ht.md,imported,
,GAME FREAK 官方程序员特写 T.K.：如果程序员轻言“不可能”，那么任何天马行空的创意都将化为泡影,プログラマが「無理」と言ったら、どんなアイデアも実現できない。,https://www.gamefreak.co.jp/recruit/interview-pg-tk/,,2021-12-27,T.K.（プログラマ）,8,ja,GAME FREAK 採用情報,interview,GAME FREAK; 游戏编程; 挑战不可能; 招聘访谈,2018年入社程序员 T.K. 讲述面对策划看似天方夜谭的需求时，如何从技术底层搭建架构、打破‘不可能’的工程师精神。,_posts/2021-12-27-interview-gamefreak-recruit-programmer-tk.md,imported,
,GAME FREAK 官方程序员特写 K.O.：深信自身的持续成长，必然带动 GAME FREAK 整体的飞跃,自分の成長が、ゲームフリークの成長につながると信じて。,https://www.gamefreak.co.jp/recruit/interview-pg-ko/,,2021-12-27,K.O.（プログラマ）,8,ja,GAME FREAK 採用情報,interview,GAME FREAK; 技术成长; 新卒程序; 招聘访谈,青年程序员 K.O. 分享从大学学术研究跨越到工业级主机游戏大型工程项目开发的心得体会与成长弧线。,_posts/2021-12-27-interview-gamefreak-recruit-programmer-ko.md,imported,
,GAME FREAK 官方程序员特写 K.M.：我们所研发的，正是 GAME FREAK 的未来,開発しているのは、ゲームフリークの未来です。,https://www.gamefreak.co.jp/recruit/interview-pg-km/,,2021-12-27,K.M.（プログラマ / R&D）,8,ja,GAME FREAK 採用情報,interview,GAME FREAK; R&D; 未来技术; 中途入社; 招聘访谈,R&D 先行研发部门工程师 K.M. 阐述先进渲染技术预研、自研引擎管线搭建与支撑未来作品的前瞻性技术布局。,_posts/2021-12-27-interview-gamefreak-recruit-programmer-km.md,imported,
,GAME FREAK 官方程序员特写 H.T.：全面强化组织效能——推动开发环境向全云端架构演进,「組織の効率」強化へ。開発環境をフルクラウド化したい。,https://www.gamefreak.co.jp/recruit/interview-pg-ht/,,2021-12-27,H.T.（プログラマ / インフラ・システム）,8,ja,GAME FREAK 採用情報,interview,GAME FREAK; 云端架构; 开发基建; 组织效率; 招聘访谈,负责基础设施革新的工程师 H.T. 分享将庞大资产编译与协同开发全面搬上云端、实现分布式敏捷开发的技术实践。,_posts/2021-12-27-interview-gamefreak-recruit-programmer-ht.md,imported,
,GAME FREAK 官方策划特写 R.M.：哪怕是普通的文科生，也能向着顶级游戏策划发起冲击,普通の文系学生でも、めざせ！ゲームプランナー。,https://www.gamefreak.co.jp/recruit/interview-pl-rm/,,2021-12-27,R.M.（プランナー）,8,ja,GAME FREAK 採用情報,interview,GAME FREAK; 文科生策划; 机制构想; 招聘访谈,文科出身策划 R.M. 分享如何用生活洞察、细腻共情与逻辑构建来弥补工科背景差异，成为大作核心玩法策划的故事。,,imported,
,GAME FREAK 官方策划特写 K.F.：颠覆世界的机遇，往往隐匿在意料之外的角落,世界を変えるチャンスは、意外な場所にある。,https://www.gamefreak.co.jp/recruit/interview-pl-kf/,,2021-12-27,K.F.（プランナー）,8,ja,GAME FREAK 採用情報,interview,GAME FREAK; 创意灵感; 策划哲学; 招聘访谈,中途加入策划 K.F. 讲述在日常开发细节中捕捉灵感微光、并在 GAME FREAK 充满支持的环境下将其放大为全球玩家狂欢要素的历程。,,imported,
,GAME FREAK 官方技术美术（TA）特写 T.K.：敏锐预判创作者需求、亲手开拓崭新环境的 TA 之道,作り手のニーズを先読みし、新しい環境を創造するTAでありたい。,https://www.gamefreak.co.jp/recruit/interview-ta-tk/,,2021-12-27,T.K.（テクニカルアーティスト）,8,ja,GAME FREAK 採用情報,interview,GAME FREAK; TA; 技术美术; 管线工具; 招聘访谈,作为艺术与程序沟通桥梁的 TA T.K.，分享定制开发 DCC 工具插件、优化着色器表现并赋能美术团队高效创作的专业心得。,,imported,
,GAME FREAK 官方访谈 3D图形设计师篇：『宝可梦』系列首度全面3D化的巨大变革（T.O. × F.K.）,社員インタビュー 「最近、どう？」 vol.1 3Dグラフィック デザイナー篇 「ポケットモンスター」初のフル３Ｄ,http://web.archive.org/web/20140209100018/http://www.gamefreak.co.jp/recruit/interview_1.html,,2013-11-01,T.O.（角色模型组长）; F.K.（动作设计师）,6,ja,GAME FREAK 採用情報 (Wayback Machine 历史存档),interview,GAME FREAK; 宝可梦XY; 3D化; 角色建模; 动作设计; 招聘访谈; Wayback历史存档,《宝可梦 X·Y》发售后官方招聘专访：角色模型组组长与动作设计师深度回顾宝可梦系列首次迈入全 3D 时代的管线重构、主角自由换装建模与生动动作表现制作背后的技术攻坚。,_posts/2013-11-01-interview-gamefreak-recruit-3d-graphics-to-fk.md,imported,
,GAME FREAK 官方访谈 程序员篇：「构筑开发环境」与「创造核心玩法」的双重挑战（T.T. × M.I.）,社員インタビュー 「最近、どう？」 vol.1 プログラマー篇 「環境づくり」と「遊びづくり」,http://web.archive.org/web/20140209100018/http://www.gamefreak.co.jp/recruit/interview_2.html,,2013-11-01,T.T.（地图组长/策划）; M.I.（渲染与开发环境程序员）,6,ja,GAME FREAK 採用情報 (Wayback Machine 历史存档),interview,GAME FREAK; 宝可梦XY; 地图设计; 渲染管线; 3DS架构; 招聘访谈; Wayback历史存档,XY开发团队一线专访：策划场地组长与渲染环境程序员探讨如何在任天堂 3DS 硬件限制下从零搭建全新 3D 渲染框架与灵活支持关卡设计的底层工具链。,_posts/2013-11-01-interview-gamefreak-recruit-programmer-tt-mi.md,imported,
,GAME FREAK 官方访谈 齿轮企划特别篇：『TEMBO THE BADASS ELEPHANT』横版动作爆破开发秘话,ギアプロジェクト『TEMBO THE BADASS ELEPHANT』開発秘話,http://web.archive.org/web/20160405123830/http://www.gamefreak.co.jp/recruit/interview_01.html,,2015-08-01,James Turner（总监 / 艺术总监）; T.M.（3D图形设计师）,6,ja,GAME FREAK 採用情報 (Wayback Machine 历史存档),interview,GAME FREAK; Gear Project; TEMBO; 原创IP; James Turner; 招聘访谈; Wayback历史存档,GAME FREAK 内部原创机制“齿轮企划（Gear Project）”孵化、与 SEGA 联合发行的横向卷轴动作大作《TEMBO》核心团队专访，详述自由提案机制与爽快破坏机制的实现。,_posts/2015-08-01-interview-gamefreak-gear-tembo-turner.md,imported,
,GAME FREAK 官方专访：研究开发部（R&D）正式始动！「解决所有“困难”，实现所有“极致考究”」,研究開発部、始動！ 「“難しい”を解決し、“作り込みたい”を実現する」,http://web.archive.org/web/20160405123830/http://www.gamefreak.co.jp/recruit/interview_02.html,,2015-09-01,田谷正夫（S.T. / 研究开发部部长）; M.I.（描画程序员）,6,ja,GAME FREAK 採用情報 (Wayback Machine 历史存档),interview,GAME FREAK; R&D; 研究开发部; 前沿技术; 次世代引擎; 招聘访谈; Wayback历史存档,2015年4月 GAME FREAK 独立研究开发部（R&D）正式成立背景专访：核心技术团队直面未来次世代硬件挑战，建立从技术选型、图形学预研到全公司共用工具链的先进技术战略。,_posts/2015-09-01-interview-gamefreak-rnd-launch-taya-mi.md,imported,
,GAME FREAK 官方专访：我加入游戏狂想的理由（图形设计师篇）,私がゲームフリークに入った理由 グラフィックデザイナー編,http://web.archive.org/web/20160405123830/http://www.gamefreak.co.jp/recruit/interview_03.html,,2015-10-01,T.W.（UI设计师）; A.I.（动作设计师）; T.A.（特效设计师）,6,ja,GAME FREAK 採用情報 (Wayback Machine 历史存档),interview,GAME FREAK; 图形设计; 美术师; 招聘访谈; Wayback历史存档,中途与新卒美术设计师畅谈为何选择加入 GAME FREAK：从日常宝可梦插画、3D建模到游戏内UI特效，如何在一个高度尊重创作者个性的团队中发挥想象力。,_posts/2015-10-01-interview-gamefreak-recruit-designers.md,imported,
,GAME FREAK 官方专访：我加入游戏狂想的理由（策划篇）,私がゲームフリークに入った理由 プランナー編,http://web.archive.org/web/20160405123830/http://www.gamefreak.co.jp/recruit/interview_04.html,,2015-10-01,H.T.（地图策划 / 前程序员）; R.M.（事件策划）,6,ja,GAME FREAK 採用情報 (Wayback Machine 历史存档),interview,GAME FREAK; 策划; 游戏设计; 对战平衡; 招聘访谈; Wayback历史存档,策划成员讲述 GAME FREAK 独特的游戏设计与企划文化：如何从玩家体验出发设计直觉有趣、兼具深度与全球普适性的规则体系。,_posts/2015-10-01-interview-gamefreak-recruit-planners.md,imported,
,GAME FREAK 官方专访：我加入游戏狂想的理由（程序员篇）,私がゲームフリークに入った理由 プログラマー編,http://web.archive.org/web/20160405123830/http://www.gamefreak.co.jp/recruit/interview_05.html,,2015-10-01,Y.I.（场地内容程序员）; M.K.（场地环境程序员）,6,ja,GAME FREAK 採用情報 (Wayback Machine 历史存档),interview,GAME FREAK; 程序员; 游戏引擎; 性能优化; 招聘访谈; Wayback历史存档,一线程序员详述在 GAME FREAK 编写核心玩法的成就感：如何在追求极限运行帧率的同时，将策划与设计师的狂野脑洞精准转化为代码与屏幕现实。,_posts/2015-10-01-interview-gamefreak-recruit-programmers.md,imported,
,GAME FREAK 官方访谈 齿轮企划第2弹：Steam 物理破坏动作神作『GIGA WRECKER』开发秘话,ギアプロジェクト『GIGA WRECKER』開発秘話,http://web.archive.org/web/20180401000000/http://www.gamefreak.co.jp/recruit/interview_01.html,,2017-03-01,M.O.（总监 / 策划）; H.I.（主程序员）,7,ja,GAME FREAK 採用情報 (Wayback Machine 历史存档),interview,GAME FREAK; Gear Project; GIGA WRECKER; 物理引擎; Steam; 招聘访谈; Wayback历史存档,GAME FREAK 齿轮企划在 Steam 平台大受好评的物理破坏动作解谜游戏《千兆破坏者（GIGA WRECKER）》团队专访，揭秘独立研发、抢先体验社区反馈与物理运算整合。,_posts/2017-03-01-interview-gamefreak-gear-gigawrecker.md,imported,
,GAME FREAK 官方专访：面向次世代的挑战！研究开发部与技术美术（TA）的全新合流,ゲームフリーク、技術開発への挑戦：研究開発部にテクニカルアーティストが合流,http://web.archive.org/web/20180401000000/http://www.gamefreak.co.jp/recruit/interview_02.html,,2017-06-01,K.K.（技术美术）; 研究開発部メンバー,7,ja,GAME FREAK 採用情報 (Wayback Machine 历史存档),interview,GAME FREAK; R&D; TA; 技术美术; 次世代研发; Nintendo Switch; 招聘访谈; Wayback历史存档,Switch 时代前夕 GAME FREAK 核心技术访谈：深入探讨技术美术（TA）如何正式融入 R&D 体系，打通高精度着色器开发、自动化管线与大规模次世代作品生产链条。,_posts/2017-06-01-interview-gamefreak-rnd-ta-taya-kk.md,imported,
,GAME FREAK 官方专访：跨界英才大展身手！异业种转职加入游戏狂想的先锋们,他業界出身の社員、活躍中！,http://web.archive.org/web/20180401000000/http://www.gamefreak.co.jp/recruit/interview_06.html,,2017-09-01,他業界出身社員（エンジニア・デザイナー）,7,ja,GAME FREAK 採用情報 (Wayback Machine 历史存档),interview,GAME FREAK; 中途招聘; 异业种转职; 组织文化; 招聘访谈; Wayback历史存档,来自互联网企业、影视CG工业及外企软硬件公司的工程师与创作者专访：探讨 GAME FREAK 为何积极拥抱非传统游戏行业背景的顶尖人才及其跨界化学反应。,_posts/2017-09-01-interview-gamefreak-recruit-cross-industry.md,imported,
,GAME FREAK 官方程序员特写 Y.I.：从『日月』碰撞引擎自研到 R&D 前沿技术的极致追求,新作タイトルを開発。R&Dで最新技術を追求。両方できる。（プログラマ Y.I.）,http://web.archive.org/web/20200501000000/https://www.gamefreak.co.jp/recruit/interview-pg-yi/,,2019-04-01,Y.I.（程序员 / 研究开发部）,7,ja,GAME FREAK 採用情報 (Wayback Machine 历史存档),interview,GAME FREAK; 宝可梦日月; 碰撞引擎; R&D; 物理碰撞; 招聘访谈; Wayback历史存档,曾负责《宝可梦 太阳·月亮》从零自研全新碰撞引擎、后调任研究开发部的中途资深工程师 Y.I.，分享在大型正统新作与未来前沿技术探索之间自如切换的双重技术生涯。,_posts/2019-04-01-interview-gamefreak-recruit-pg-yi.md,imported,
,GAME FREAK 官方策划特写 M.Y.：美大毕业投身宝可梦企划，志在未来执掌正统作品与原创IP,『ポケモン』シリーズのディレクター、そして、私ならではの新規IPを実現させたい。（プランナー M.Y.）,http://web.archive.org/web/20200501000000/https://www.gamefreak.co.jp/recruit/interview-pl-my/,,2019-04-01,M.Y.（策划 / 企划）,8,ja,GAME FREAK 採用情報 (Wayback Machine 历史存档),interview,GAME FREAK; 策划; 美术大学; Gear Project; 游戏设计; 招聘访谈; Wayback历史存档,武藏野美术大学毕业以新卒身份加入策划部、并在齿轮企划社长杯中斩获优秀奖的年轻企划 M.Y.，讲述如何以独特的美学视角和坚定的游戏直觉构筑让全球玩家沉迷的玩法。,_posts/2019-04-01-interview-gamefreak-recruit-pl-my.md,imported,
,宝可梦公司官方专访 新世代篇：回顾最初的一年——在千亿IP中找到属于自己的角色定位,Special Interview 「最初の１年を振り返る」（Pokémon × 新世代）,https://recruit.pokemon.co.jp/saiyo/interview/newgeneration.html,,2024-03-01,新卒新入社員たち,9,ja,株式会社ポケモン 採用情報,interview,株式会社ポケモン; 宝可梦公司; 新卒培训; 职场新人; 组织文化; 招聘访谈,入职一年的宝可梦公司新卒员工座谈：回顾从学生转变为职业宝可梦商务人士的心路历程、面对全球性IP决策时的责任感与跨部门轮岗中的快速成长。,_posts/2022-03-01-interview-tpc-recruit-new-generation.md,imported,
,宝可梦公司官方专访 设计师特别对谈：设计师的工作与视野——守护宝可梦之魂与世界观拓展（町田 × 李）,Special Interview 「デザイナーの仕事と目線」（Pokémon × デザイナー）,https://recruit.pokemon.co.jp/saiyo/interview/designer.html,,2024-02-15,町田 友宏（设计总监）; 李 昌烈（视觉设计师）,9,ja,株式会社ポケモン 採用情報,interview,株式会社ポケモン; 宝可梦公司; 设计师; 艺术指导; 世界观管理; 视觉风格; 招聘访谈,宝可梦公司内部核心设计团队对谈：深入探讨游戏美术指导、周边平面设计、品牌宣传物料中如何把握最精准的“宝可梦特质（Pokemon-ness）”以及如何为全球各地区量身定制兼具趣味与美感的视觉呈现。,_posts/2024-02-15-interview-pokemon-recruit-designer.md,imported,
,宝可梦公司官方专访 IT部门特别篇：支撑全球数亿训练家的数字命脉与云端架构,Special Interview 「株式会社ポケモンで働くIT部門の社員たち」（Pokémon × IT）,https://recruit.pokemon.co.jp/saiyo/interview/it.html,,2023-11-20,铃木（技术支持台）; 新井（信息安全经理）; 中野（网站运维经理）; 柴山（业务赋能经理）,9,ja,株式会社ポケモン 採用情報,interview,株式会社ポケモン; 宝可梦公司; IT; 基础设施; 云端架构; 网络安全; 招聘访谈,宝可梦公司内部 IT 部门工程师座谈：揭秘如何为全球实体门店、Pokemon Center 在线电商、大型线下锦标赛与内部办公协同提供坚如磐石的高可用 IT 基础设施保障。,_posts/2023-11-20-interview-pokemon-recruit-it.md,imported,
,宝可梦公司官方专访 数据活用特别篇：以数据开拓未来——IT与业务部门的深度共振,Special Interview 「データ活用で未来を拓く､ITと事業の良い関係」（Pokémon × データ活用）,https://recruit.pokemon.co.jp/saiyo/interview/data.html,,2023-09-10,寺田 佑贵; 水口; 坂上,9,ja,株式会社ポケモン 採用情報,interview,株式会社ポケモン; 宝可梦公司; 大数据; 数据科学; 业务决策; 用户体验; 招聘访谈,数据科学家与业务事业部负责人对谈：探讨如何在尊重玩家情感与保护隐私的前提下，利用科学的大数据建模与行为洞察，持续赋能产品迭代与营销精准触达。,_posts/2023-09-10-interview-pokemon-recruit-data.md,imported,
,宝可梦公司官方专访 工程开发特别篇：造物的核心乐趣，或许在于“与谁一同创造”,Special Interview 「つくる仕事の楽しさは、“誰とつくるか”なのかもしれない」（Pokémon × エンジニアリング）,https://recruit.pokemon.co.jp/saiyo/interview/engineering.html,,2022-10-15,太田（开发支援部技术总监）; 小川（Pokémon GO推进室技术总监）,8,ja,株式会社ポケモン 採用情報,interview,株式会社ポケモン; 宝可梦公司; 软件工程; 全栈开发; 敏捷开发; 招聘访谈,宝可梦公司软件研发工程师对谈：探讨从服务架构设计、前后端开发到产品上线运维的团队协作精髓，以及在扁平而充满极客热情的团队氛围中交付高品质数字化服务的快乐。,_posts/2022-10-15-interview-pokemon-recruit-engineering.md,imported,
,宝可梦公司官方专访 职场成长特别篇：自那时起五年——我们在千亿舞台上的当下坐标,Special Interview 「あれから５年、私たちの現在地」（Pokémon × 成長）,https://recruit.pokemon.co.jp/saiyo/interview/growth.html,,2022-04-10,林 祐衣; 髙草 真生; 的场 昂树; 寺田 佑贵; 小岛 彬,8,ja,株式会社ポケモン 採用情報,interview,株式会社ポケモン; 宝可梦公司; 员工成长; 职业规划; 中坚骨干; 招聘访谈,入社 5 年的中坚骨干员工深入回顾：从青涩新人蜕变为能够独当一面主导跨国重大业务的负责人，宝可梦公司所赋予的高自主权与广阔发展空间。,_posts/2022-04-10-interview-pokemon-recruit-growth.md,imported,
,宝可梦公司官方专访 青年员工座谈：凝聚无尽可能，我们将改变未来,Special Interview 若手社員座談会 「僕らが未来を変えていく」（Pokémon × 情熱）,https://recruit.pokemon.co.jp/saiyo/interview/passion.html,,2017-05-10,林 祐衣; 髙草 真生; 的场 昂树; 寺田 佑贵; 小岛 彬,7,ja,株式会社ポケモン 採用情報,interview,株式会社ポケモン; 宝可梦公司; 青年员工; 创新挑战; 未来愿景; 招聘访谈,宝可梦公司年轻一线员工跨部门热烈对谈：分享各自为宝可梦带来全新玩法与跨界可能的激荡创意，以及不惧失败、勇于挑战未开拓领域的青春热忱。,_posts/2017-05-10-interview-pokemon-recruit-passion.md,imported,
,宝可梦公司官方专访 『Pokémon GO』特别篇：开启次世代世界大门的那一天（江上周作）,Special Interview 「『Pokémon GO』が開いた次代への扉」 （Pokémon GO推進室室長 江上周作）,https://recruit.pokemon.co.jp/saiyo/interview/world.html,,2017-03-01,江上 周作（Pokémon GO推进室室长）,7,ja,株式会社ポケモン 採用情報,interview,株式会社ポケモン; Pokemon GO; 江上周作; AR游戏; 全球现象; Niantic; 招聘访谈,2016年夏《Pokémon GO》席卷全球掀起狂潮背后：宝可梦公司推进室室长江上周作亲述与 Niantic 跨国研发幕后、面对爆炸性并发激增时的危机公关与如何用现实增强将全人类连为一体。,_posts/2017-03-01-interview-pokemon-recruit-world-egami.md,imported,
,宝可梦公司官方专访 商业模式解剖：跨领域共振打造4.6兆日元全球市场生态圈,Special Interview 「ポケモンビジネス、徹底解剖」,https://recruit.pokemon.co.jp/saiyo/interview/business.html,,2015-05-20,長田 英樹; 陸川 和男; 藤井 健,6,ja,株式会社ポケモン 採用情報,interview,株式会社ポケモン; 商业模式; IP授权; 集换式卡牌; 周边衍生; 长田英树; 招聘访谈,权威商业专家与宝可梦核心高管深度解构宝可梦商业帝国的运转逻辑：以正统主机游戏为核心母体，如何通过卡牌、动画、衍生周边、实体宝可梦中心以及无缝跨界授权，构筑全世界首屈一指的高粘性千亿商业闭环。,_posts/2015-05-20-interview-pokemon-recruit-business-anatomy.md,imported,
,宝可梦公司官方员工特写01 伊泽景胜：开发统括部 推进游戏品质与制作协同的枢纽,社員紹介01 伊澤 景勝（開発統括部 開発本部）,https://recruit.pokemon.co.jp/saiyo/staff/staff001.html,,2016-01-10,伊澤 景勝（開発統括部 開発本部）,6,ja,株式会社ポケモン 採用情報,interview,株式会社ポケモン; 开发统括部; 游戏制作; 项目管理; 员工特写; 招聘访谈,法经学专业出身的伊泽景胜，讲述加入宝可梦公司开发统括部后，如何作为桥梁协调各方开发团队、严格把控游戏完成度与上市日程的职责与自豪。,_posts/2016-01-10-interview-pokemon-recruit-staff-izawa.md,imported,
,宝可梦公司官方员工特写02 吉原有香：品牌管理部 让宝可梦魅力在全世界生根发芽,社員紹介02 吉原 有香（ブランド管理部）,https://recruit.pokemon.co.jp/saiyo/staff/staff002.html,,2016-01-10,吉原 有香（ブランド管理部）,6,ja,株式会社ポケモン 採用情報,interview,株式会社ポケモン; 品牌管理部; 全球宣发; 授权审查; 员工特写; 招聘访谈,品牌管理部资深成员吉原有香，分享如何细致审定全球数万种被授权商品和宣传活动，确保每一只宝可梦在世界上任何角落都呈现出最真实、最打动人心的神态。,_posts/2016-01-10-interview-pokemon-recruit-staff-yoshihara.md,imported,
,宝可梦公司官方员工特写03 古谷翔：App事业部 用移动应用连接玩家日常与数字生活,社員紹介03 古谷 翔（アプリ事業部）,https://recruit.pokemon.co.jp/saiyo/staff/staff003.html,,2016-01-10,古谷 翔（アプリ事業部）,6,ja,株式会社ポケモン 採用情報,interview,株式会社ポケモン; App事业部; 移动端应用; 智能手机; 员工特写; 招聘访谈,工学部情报学出身的古谷翔，讲述在 App 事业部规划并运营宝可梦各类移动应用服务，让玩家在主机之外的日常生活中无处不在感受宝可梦陪伴的开发历程。,_posts/2016-01-10-interview-pokemon-recruit-staff-furutani.md,imported,
,宝可梦公司官方员工特写04 小杉要：集团统括部 全球化战略布局与跨国协同,社員紹介04 小杉 要（グループ統括部）,https://recruit.pokemon.co.jp/saiyo/staff/staff004.html,,2016-01-10,小杉 要（グループ統括部）,6,ja,株式会社ポケモン 採用情報,interview,株式会社ポケモン; 集团统括部; 跨国协同; 全球化战略; 员工特写; 招聘访谈,中途加入集团统括部的小杉要，分享如何统筹欧美及亚太分支机构、制定全球协同战略，并在不同文化背景下推动宝可梦品牌稳步扩张的高管统筹经验。,_posts/2016-01-10-interview-pokemon-recruit-staff-kosugi.md,imported,
,宝可梦公司官方员工特写05 早川裕崇：法务部 构筑守护全球宝可梦世界观的法律长城,社員紹介05 早川 裕崇（管理本部 法務部）,https://recruit.pokemon.co.jp/saiyo/staff/staff005.html,,2016-01-10,早川 裕崇（管理本部 法務部）,6,ja,株式会社ポケモン 採用情報,interview,株式会社ポケモン; 法务部; 知识产权; 商标专利; 版权维权; 员工特写; 招聘访谈,管理本部法务部早川裕崇，解析在全世界错综复杂的法律环境中，如何为宝可梦的知识产权、跨国合同与商标版权保驾护航，使创作者能够无后顾之忧地挥洒灵感。,_posts/2016-01-10-interview-pokemon-recruit-staff-hayakawa.md,imported,
,宝可梦公司官方社长专访 石原恒和：宝可梦公司究竟是一家做什么的公司？——从《电视游戏大全》、大葱鸭次元跃迁到游戏与现实的优雅融合,株式会社ポケモンは、何をする会社か？ ｜ 代表取締役社長 石原 恒和,http://web.archive.org/web/20120531132153/http://www.pokemon.co.jp/corporate/interview/,,2012-05-01,石原 恒和（代表取締役社長）,5,ja,株式会社ポケモン 企業情報 (Wayback Machine 历史存档),interview,株式会社ポケモン; 石原恒和; 社长专访; 电视游戏大全; 品牌制作; 宝可梦哲学; Wayback历史存档,宝可梦公司官方绝版社长专访：石原恒和从自身早年耗时三年撰写《电视游戏大全》绘制世界游戏演变鸟瞰图谈起，阐释将宝可梦比作‘艺人事务所’的独门制作哲学；深情回忆在《红·绿》中与NPC交换大葱鸭从而打通虚拟与现实壁垒的启蒙体验；并系统性定义何为‘宝可梦Producing’——引导宝可梦成为让人忍不住向他人推荐的绝妙商品，构筑数字游戏与现实空间优雅融合的奇迹之网。,_posts/2012-05-01-interview-tpc-president-ishihara-what-we-do.md,imported,
,宝可梦公司官方员工特写 诸月纱保子：授权企划部——小学生眼中的宝可梦工作与跨界无尽可能,ポケモンの社員－諸月 紗保子（ライセンス企画部 マネジャー）,http://web.archive.org/web/20120531113059/http://www.pokemon.co.jp/corporate/job/employee/morotsuki/,,2012-05-01,諸月 紗保子（ライセンス企画部 マネジャー）,5,ja,株式会社ポケモン 採用情報 (Wayback Machine 历史存档),interview,株式会社ポケモン; 授权企划部; 品牌授权; 跨界合作; 招聘访谈; Wayback历史存档,授权企划部经理诸月纱保子接受小学生小凯的趣味提问：深入解析宝可梦如何成为赋能各行各业企业伙伴的强大纽带，以及宝可梦公司‘全员不设框架、贪婪追求最优解’的独特行动文化。,_posts/2012-05-01-interview-tpc-employee-morotsuki.md,imported,
,宝可梦公司官方员工特写 大日向俊：宝可梦中心东京店长——连接现实训练家的桥梁与‘大家庭’哲学,ポケモンの社員－大日向 俊（ポケモンセンタートウキョー ストアチーフ）,http://web.archive.org/web/20120531113059/http://www.pokemon.co.jp/corporate/job/employee/oohinata/,,2012-05-01,大日向 俊（ポケモンセンタートウキョー ストアチーフ）,5,ja,株式会社ポケモン 採用情報 (Wayback Machine 历史存档),interview,株式会社ポケモン; 宝可梦中心; 实体门店; 店长特写; 组织文化; 招聘访谈; Wayback历史存档,宝可梦中心东京店长大日向俊接受小学生小透的提问：讲述从门店店员到筹建大阪、福冈门店搬迁升级的心路历程，分享将顾客与员工视为‘无话不谈的大家庭’的温暖营运哲学。,_posts/2012-05-01-interview-tpc-employee-oohinata.md,imported,
,宝可梦公司官方领袖专访（初代版）：宣发、营业与品牌管理三大部长眼中的工作哲学与多维视野（河本拓 × 鹿瀬岛英介 × 福嶋ゆかり）,Special Interview 001 「リーダーが語る、仕事との向き合い方」（初代版）,http://web.archive.org/web/20140531170655/http://www.pokemon.co.jp/corporate/job/saiyo/interview/interview1.html,,2014-05-01,河本 拓（メディア企画部 部長）; 鹿瀬島 英介（営業企画部 部長）; 福嶋 ゆかり（ブランド管理部 部長）,6,ja,株式会社ポケモン 採用情報 (Wayback Machine 历史存档),interview,株式会社ポケモン; 媒体企划; 营业企划; 品牌管理; 领袖哲学; 招聘访谈; Wayback历史存档,2014年初代官方领袖专访：媒体宣全部长河本拓、营业策划部长鹿瀬岛英介与品牌管理部长福嶋ゆかり，分别从‘宣发的主动塑造’、‘为合作伙伴创造不可替代的附加价值’与‘守护品牌价值的严苛之眼’三大视角，深度解构宝可梦核心操盘手的工作哲学。,_posts/2014-05-01-interview-tpc-leaders-challenge.md,imported,
,宝可梦公司官方青年员工座谈（初代版）：打造深受女孩长久喜爱的内容与全人类总训练家化计划（大奈路まりな × 菅野隼人 × 古谷翔）,Special Interview 002 若手社員座談会 「僕らが未来を変えていく」（初代版）,http://web.archive.org/web/20140531170655/http://www.pokemon.co.jp/corporate/job/saiyo/interview/interview2.html,,2014-05-01,大奈路 まりな; 菅野 隼人; 古谷 翔,6,ja,株式会社ポケモン 採用情報 (Wayback Machine 历史存档),interview,株式会社ポケモン; 青年员工; 女性市场; 全人类总训练家化; App企划; 招聘访谈; Wayback历史存档,2014年青年员工对谈初代档案：大奈路、菅野与古谷三位年轻干将激荡创意，提出突破刻板印象‘打造深受女性儿童长久喜爱的宝可梦精品’与‘全人类全员宝可梦训练家化计划’，展现宝可梦公司赋予年轻人生猛决策权的蓬勃活力。,_posts/2014-05-01-interview-tpc-youth-roundtable.md,imported,
,宝可梦公司官方专访 广部圭太社长室部长：全球事业最前线——『宝可梦 X·Y』史上首次全球同步宣发与发售内幕,Special Interview 003 「グローバル事業、最前線」 （廣部 圭太）,http://web.archive.org/web/20140531170655/http://www.pokemon.co.jp/corporate/job/saiyo/interview/interview3.html,,2014-05-01,廣部 圭太（社長室 部長 経営企画担当）,6,ja,株式会社ポケモン 採用情報 (Wayback Machine 历史存档),interview,株式会社ポケモン; 广部圭太; 宝可梦XY; 全球同步发售; 跨国协同; 全球化战略; Wayback历史存档,2014年社长室部长（后升任役员）广部圭太亲述《宝可梦 X·Y》作为系列史上首次实现跨越七国语言全球同日发售（2013年10月12日）背后的巨大战役——从全球统一宣发情报解禁节奏、跨国供应链保障到如何在海外新兴市场掀起全球同步狂潮的战略操盘内幕。,_posts/2014-05-01-interview-tpc-global-business-hirobe.md,imported,
,宝可梦公司官方专访 『Pokémon GO』特别篇第2弹：以现实对战与社群日连接全新人际沟通纽带（江上周作）,Special Interview 「『Pokémon GO』がつなぐ新しいコミュニケーション」 （江上周作）,http://web.archive.org/web/20170601000000/https://recruit.pokemon.co.jp/saiyo/interview/communication.html,,2018-12-01,江上 周作（Pokémon GO推進室室長）,7,ja,株式会社ポケモン 採用情報 (Wayback Machine 历史存档),interview,株式会社ポケモン; Pokemon GO; 江上周作; 训练家对战; 社群日; AR社交; 招聘访谈; Wayback历史存档,《Pokémon GO》席卷全球两周年之际，推进室室长江上周作深度复盘‘热潮之后的长线运营与体验进化’：揭秘社群日（Community Day）、训练家对战（Trainer Battle）与好友交换功能如何重构人与人在现实生活中的社交温度。,_posts/2018-12-01-interview-pokemon-recruit-communication-egami.md,imported,
,电击独家专访《心金·魂银》总监森本茂树：集大成之作与梦幻诞生秘辛,『ポケットモンスター』最新作についてディレクターの森本茂樹さんを直撃！,https://dengekionline.com/elem/000/000/193/193021/,,2009-09-18,森本茂树,Gen 4,JA,電撃オンライン,Web Interview,心金·魂银; 森本茂树; GAME FREAK; 第四世代; HGSS; 宝可步数计; 梦幻; JA,电击在线独家专访GAME FREAK总监森本茂树，详解《心金·魂银》作为集系列十载大成之作的开发哲学、全493只宝可梦跟随系统、触控UI革新与梦幻诞生真相。,_posts/2009-09-18-interview-dengeki-hgss-shigeki-morimoto.md,imported,
,Fami通专访《名侦探皮卡丘》主创：热爱咖啡的大叔皮卡丘与人类宝可梦共生莱姆市,コーヒー好きの“ピカチュウ（CV大川透）”はこうして生まれた――『名探偵ピカチュウ』開発陣に直撃インタビュー！,https://www.famitsu.com/news/201803/30154405.html,,2018-03-30,阵内弘之; 宫下尚生,Gen 7,JA,ファミ通.com,Web Interview,名侦探皮卡丘; 阵内弘之; 宫下尚生; Creatures; 大川透; 第七世代; JA,法米通深度专访Creatures制片人阵内弘之与总监宫下尚生，披露大叔皮卡丘的大叔音、爱喝咖啡与讨厌甜食设定、莱姆市共生生态与面部表情动捕幕后。,_posts/2018-03-30-interview-famitsu-detective-pikachu-jinnai-miyashita.md,imported,
,Fami通专访《New 宝可梦随乐拍》：石原恒和社长×须崎春树总监畅谈相机生态与22年跨越,石原社長＆須崎Dに聞く『New ポケモンスナップ』開発秘話。写真を撮ることがより手軽になった2021年、ゲームデザインは前作からどう進化したのか？,https://www.famitsu.com/news/202104/30218824.html,,2021-04-30,石原恒和; 须崎春树,Gen 8,JA,ファミ通.com,Web Interview,New 宝可梦随乐拍; 石原恒和; 须崎春树; 株式会社宝可梦; 万代南梦宫; 第八世代; JA,法米通专访宝可梦社长石原恒和与万代南梦宫总监须崎春树，畅谈时隔22年从N64到Switch摄影文化变迁、自然生态动作设计与发光现象调查。,_posts/2021-04-30-interview-famitsu-new-pokemon-snap-ishihara-suzaki.md,imported,
,Famitsu / CEDEC 2022 专访《宝可梦 朱／紫》：皮卡丘实现系列史上最佳蓬松毛发质感——与《传说 阿尔宙斯》双线并行的开放世界技术秘辛,『ポケモン スカーレット・バイオレット』のピカチュウはシリーズ史上最高のふさふさ感を実現。『ポケモンレジェンズ アルセウス』との同時制作における制作環境を解説【CEDEC2022】,https://www.famitsu.com/news/202208/27273621.html,,2022-08-27,前座晃宏; 大谷一登,Gen 9,JA,ファミ通.com / CEDEC 2022,Web Interview,宝可梦 朱／紫; 宝可梦传说 阿尔宙斯; CEDEC; Game Freak; 3D建模; 着色器; 皮卡丘; 开放世界; 第九世代; JA,CEDEC 2022 官方技术专场报道：GAME FREAK R&D 部技术总监前座晃宏与角色模型工程师大谷一登，深度披露《宝可梦 朱／紫》与《宝可梦传说 阿尔宙斯》并行制作时 1000+ 宝可梦 3D 模型通用化、材质着色器（毛发/金属/绒毛）创新与开放世界管线管理秘辛。,_posts/2022-08-27-interview-famitsu-sv-arceus-cedec2022-shader-pipeline.md,imported,
,Famitsu 专访《名侦探皮卡丘 归来》：石原恒和×阵内弘之——大叔皮卡丘是“会说人类语言的宝可梦”的终点，兼谈《赤·绿》诞生秘话与《Pokémon Sleep》,『帰ってきた 名探偵ピカチュウ』陣内弘之氏＆石原恒和氏インタビュー。おっさんピカチュウは、人の言葉をしゃべるポケモンのひとつの到達点。『ポケモン 赤・緑』開発時の想い出話も,https://www.famitsu.com/news/202310/19320055.html,,2023-10-19,石原恒和; 阵内弘之,Gen 9,JA,ファミ通.com,Web Interview,名侦探皮卡丘; 石原恒和; 阵内弘之; Creatures; The Pokémon Company; 皮卡丘; Pokémon Sleep; 赤·绿; 第九世代; JA,Fami通深度对谈：宝可梦社长石原恒和与 Creatures 董事长阵内弘之畅谈《名侦探皮卡丘 归来》，追溯皮卡丘从《赤·绿》电子音到大谷育江人声再到“大叔人话”的设定演进，并揭秘《Pokémon Sleep》长达5年的睡眠数据研发历程。,_posts/2023-10-19-interview-famitsu-detective-pikachu-returns-ishihara-jinnai.md,imported,
,GAME Watch 独家专访：红白机名作《旋转方块（Quinty）》归来！GAME FREAK 创业元老杉森建×增田顺一×森本茂树回顾黎明期与宝可梦的原点,ついにファミコンの名作、あの「クインティ」が帰ってきた！ Wii Uバーチャルコンソールでプレイ可能!!制作を手掛けたゲームフリークの杉森建氏、増田順一氏、森本茂樹氏が当時を振り返る,https://game.watch.impress.co.jp/docs/news/655639.html,,2014-07-02,杉森建; 增田顺一; 森本茂树,Gen 1,JA,GAME Watch,Web Interview,Game Freak; 旋转方块; Quinty; 杉森建; 增田顺一; 森本茂树; 田尻智; 红白机; Famicom; 宝可梦原点; JA,GAME Watch 深度专访 GAME FREAK 创业三元老：杉森建、增田顺一与森本茂树回溯处女作《旋转方块（Quinty）》研发秘辛，披露田尻智自制纸箱开发机、汇编语言作曲、点阵像素绘制，以及直接奠定《宝可梦 赤·绿》创生基石的同人精神。,_posts/2014-07-02-interview-gamewatch-quinty-gamefreak-origins-sugimori-masuda-morimoto.md,imported,
,Game Informer 独家特写：Game Freak 是如何设计宝可梦的？——杉森建与增田顺一深度复盘生物设计法则、评审委员会机制与 3D 演进,Here's How Game Freak Designs Pokémon Creatures,https://www.gameinformer.com/b/features/archive/2017/08/10/heres-how-game-freak-designs-pokemon-creatures.aspx,,2017-08-10,杉森建; 增田顺一,Gen 7,EN,Game Informer,Web Feature,Game Informer; Game Freak; 杉森建; 增田顺一; 宝可梦设计; 生物设计; 角色设计; 第七世代; 日月; 3D建模; EN,2017年《Game Informer》深入探访 Game Freak 东京总部，艺术总监杉森建与制作人增田顺一首次完整解密宝可梦的诞生管线：从全员提案制、由核心主创组成的‘设计评审委员会’，到杉森建独创的‘反差美学法则’（在帅气的怪物上加点滑稽，在可爱的精灵上加点惊悚），以及从 2D 点阵过渡到 3D 全模型时代对宝可梦眼部表情与动态剪影的严苛要求。,_posts/2017-08-10-interview-gameinformer-how-game-freak-designs-pokemon-creatures.md,imported,
,Game Informer 独家专访：为何《红宝石·蓝宝石》是 Game Freak 史上最艰巨的一役？——增田顺一复盘 GBA 转型阵痛、健康危机与破局之道,Why Ruby And Sapphire Were The Most Challenging Pokémon To Make,https://www.gameinformer.com/b/features/archive/2017/08/14/why-ruby-and-sapphire-were-the-most-challenging-pokemon-to-make.aspx,,2017-08-14,增田顺一,Gen 3,EN,Game Informer,Web Interview,Game Informer; Game Freak; 增田顺一; 红宝石·蓝宝石; GBA; 第三世代; 开发秘辛; 丰缘地区; EN,在第三世代《宝可梦 红宝石·蓝宝石》开发期间，Game Freak 面临前所未有的生死关头：坊间充斥着‘宝可梦热潮已死’的断言，技术从黑白GB一跃进入GBA色彩绚烂的全新硬件。首次独自挑起总监兼作曲重担的增田顺一，因背负全社命运的极端焦虑与高压突发重度胃病送医急救、佩戴动态心电监护仪坚持研发。本访谈真实还原了增田顺一如何带领团队以特性、性格、双打对战等划时代系统实现逆风翻盘的悲壮历史。,_posts/2017-08-14-interview-gameinformer-why-ruby-and-sapphire-were-most-challenging.md,imported,
,FUN'S PROJECT 独家对谈：皮卡丘之母西田敦子 × 中川翔子角色设计特辑——从大福饼、松鼠颊囊到点阵原画与女性创作者心得,グラフィックデザイナー・イラストレーター にしだあつこ対談 - 中川翔子のポップカルチャー・ラボ,https://funs-project.com/poplab/007/,,2018-06-25,西田敦子; 中川翔子,Gen 7,JA,FUN'S PROJECT,Web Interview,西田敦子; 中川翔子; 皮卡丘; 仙子伊布; 风妖精; 角色设计; 点阵绘; FUN'S PROJECT; 伊布; 初代开发; JA,大日本印刷创作者共创服务‘FUN'S PROJECT’专栏特辑。宝可梦初代王牌设计师、‘皮卡丘之母’西田敦子与知名艺人兼漫画家中川翔子展开深度对谈。西田敦子首次详述：仙子伊布为何采用粉红配天蓝的大胆配色、成吉思汗烤肉如何启发风妖精、随身携带的A5大学笔记里藏着的‘大福饼’构想、宝可梦设计精髓‘尽量精简部件以确保剪影辨识度’的黄金法则，以及早期受制于Game Boy点阵与色阶限制如何反而锤炼出传世设计的独到心法。,_posts/2018-06-25-interview-funsproject-atsuko-nishida-shoko-nakagawa-character-design.md,imported,
,宝可梦官方绝密档案：『皮卡丘诞生秘话』——大福原型、幻之进化型“哥罗丘”与常青森林独占欲秘史（杉森建 × 西野弘二 × 西田敦子）,ピカチュウ誕生秘話（前編・後編 全景完全版）｜株式会社ポケモン（杉森建 × 西野弘二 × にしだあつこ）,https://web.archive.org/web/20190108050342/http://www.pokemon.co.jp/corporate/pikachu/,https://web.archive.org/web/20190108050342/http://www.pokemon.co.jp/corporate/pikachu/,2018-05-01,杉森建; 西野弘二; にしだあつこ,Gen 1,JA,株式会社ポケモン,Official Archive,皮卡丘; 雷丘; 哥罗丘; 杉森建; 西野弘二; 西田敦子; 初代御三家; 常青森林; 赤绿; Wayback历史存档,2018年5月宝可梦公司官方档案：打破22年沉默，首次由皮卡丘三位核心造物者全景复盘皮卡丘诞生历程。披露大福年糕原型、幻之进化型哥罗丘（Gorochu）、西田敦子包揽初代御三家设计、西野弘二严格可爱监修与常青森林独占欲秘闻。,_posts/2018-05-01-interview-tpc-pikachu-origin-sugimori-nishino-nishida.md,imported,
,株式会社宝可梦中心 官方招聘访谈 01：代表取缔役社长 上乡赖臣 × 执行役员 山冈梢——宝可梦中心是将宝可梦“直接送达”给顾客的最后一公里,代表取締役社長 上郷頼臣 × 執行役員 山岡梢｜株式会社ポケモンセンター 採用サイト INTERVIEW 01,https://recruit.pokemon.co.jp/pokemoncenter/interview/01/,https://recruit.pokemon.co.jp/pokemoncenter/interview/01/,2023-03-01,上郷頼臣; 山岡梢,Gen 9,JA,株式会社ポケモンセンター,Official Interview,宝可梦中心; 招聘访谈; 上乡赖臣; 山冈梢; 宝可梦中心线上商城; 最后一公里; 企业哲学; JA,株式会社宝可梦中心官方高管对谈：代表取缔役社长上乡赖臣与执行役员山冈梢详述宝可梦中心在集团中担纲的“最后一公里”角色、2016年线上商城重启时的心跳包装设计、全员“一切为了宝可梦”的组织文化，以及面向全球拓展常设发信基地的愿景。,_posts/2023-03-01-interview-pokemon-center-president-kamigo-yamaoka.md,imported,2020
,株式会社宝可梦中心 官方招聘访谈 04：宝可梦中心迈向海外的挑战——台北新光三越店与新加坡星耀樟宜店开拓团队跨国座谈,ポケモンセンター海外への挑戦｜株式会社ポケモンセンター 採用サイト INTERVIEW 04,https://recruit.pokemon.co.jp/pokemoncenter/interview/04/,https://recruit.pokemon.co.jp/pokemoncenter/interview/04/,2024-01-15,T.K; Y.H; Y.T; R.S; S.S,Gen 9,JA,株式会社ポケモンセンター,Official Interview,宝可梦中心; 招聘访谈; 宝可梦中心台北; 宝可梦中心新加坡; 快龙; 海外出海; 跨国运营; JA,宝可梦中心海外开拓座谈：台湾GM T.K与Y.H复盘台北首店（新光三越A11）设立、清晨3000人排队与合同进出口法务；空间总监Y.T拆解快龙信使与原声游戏影像专区；运营チーフR.S剖析赴日集训摒弃高情境、坚持严密语言化传达教学；新加坡GM S.S分享多元文化下本土团队自主PDCA接客改进心路。,_posts/2024-01-15-interview-pokemon-center-overseas-taipei-singapore.md,imported,2020
,株式会社宝可梦中心 官方招聘访谈 02：宝可梦中心涩谷店店长 S.O——以机制化与敏捷PDCA，为全球顾客打造超越期待的潮酷体验,ポケモンセンターシブヤ店長 S.O｜株式会社ポケモンセンター 採用サイト INTERVIEW 02,https://recruit.pokemon.co.jp/pokemoncenter/interview/02/,https://recruit.pokemon.co.jp/pokemoncenter/interview/02/,2023-06-01,S.O,Gen 9,JA,株式会社ポケモンセンター,Official Interview,宝可梦中心; 招聘访谈; 宝可梦中心涩谷; 超梦; 门店管理; PDCA; JA,涩谷旗舰店长S.O亲述从红茶店到执掌潮流地标店长的跨界历程；深度剖析涩谷店休眠舱超梦与黑白光影未来主义世界观；阐述以敏捷PDCA消除排队痛点、以信任放权构建自驱型团队的实战心法，提出“不能只依赖IP光环，自身也必须成为有魅力的人”的职业哲学。,_posts/2023-06-01-interview-pokemon-center-shibuya-store-manager.md,imported,2020
,株式会社宝可梦中心 官方招聘访谈 03：宝可梦中心出张所（流动巡回快闪店）活动企划部 K.K——把毛绒公仔视为鲜活生命，用3至4个月全流程PM将宝可梦带向无常设店的每一个角落,ポケモンセンター出張所ができるまで K.K｜株式会社ポケモンセンター 採用サイト INTERVIEW 03,https://recruit.pokemon.co.jp/pokemoncenter/interview/03/,https://recruit.pokemon.co.jp/pokemoncenter/interview/03/,2023-09-01,K.K,Gen 9,JA,株式会社ポケモンセンター,Official Interview,宝可梦中心; 招聘访谈; 宝可梦中心出张所; 快闪店; 呆呆兽; 卡比兽; 项目管理; JA,活动企划部PM K.K深度复盘将宝可梦输送至全国无常设门店地区的“宝可梦中心出张所”（POP UP STORE）；详解每场3至4个月周期、商场与物流全流程把控、香川呆呆兽与岩手小拳石地域应援联动；披露“宁可向场地协调延长搭建时间，也要把每一只毛绒公仔当活生生生命端正迎客”的极致品牌信仰。,_posts/2023-09-01-interview-pokemon-center-pop-up-store-project.md,imported,2020
,株式会社宝可梦 官方重大专题 01：寻找世界上独一无二的宝可梦井盖之旅——地方创生、地域振兴与长达数十年的日常风景,世界でただひとつだけのマンホールを見つける旅｜株式会社ポケモン｜The Pokémon Company,https://corporate.pokemon.co.jp/topics/detail/t-1/,https://corporate.pokemon.co.jp/topics/detail/t-1/,2020-08-18,株式会社ポケモン,Gen 8,JA,株式会社ポケモン,Official Corporate Topic,宝可梦公司; 官方专题; 宝可梦井盖; ポケふた; 地方创生; 伊布; 地域振兴; JA,宝可梦公司官网重大专题第01篇。详解地方创生项目“宝可梦井盖”（ポケふた）：2018年因“指宿”谐音“喜爱伊布”在指宿站前铺设第1号井盖；北海道比布町搭建雪中帐篷与“温柔寻找捕获”招牌成“日本第一过保护井盖”；直径63厘米、拒绝流水线、独一无二融入数十年日常风景的匠心。,_posts/2020-08-18-corporate-topic-01-pokefuta-manhole-travel.md,imported,2020
,"株式会社宝可梦 官方重大专题 02：如果1,000年后宝可梦被发掘出土？来自当代艺术的回答——Daniel Arsham 与“虚构考古学”的跨界碰撞","1,000年後にポケモンが発掘されたとしたら？ 現代アートからの回答｜株式会社ポケモン｜The Pokémon Company",https://corporate.pokemon.co.jp/topics/detail/t-2/,https://corporate.pokemon.co.jp/topics/detail/t-2/,2020-08-18,Daniel Arsham; 藤原浩,Gen 8,JA,株式会社ポケモン,Official Corporate Topic,宝可梦公司; 官方专题; 丹尼尔·阿尔轩; Daniel Arsham; 当代艺术; 虚构考古学; 皮卡丘; JA,当代艺术巨匠丹尼尔·阿尔轩（Daniel Arsham）跨界专题：从银座FRGMT联名重拾童年狂热，到提出“一千年后宝可梦作为化石被发掘会怎样？”；倾力打造《Relics of Kanto Through Time》（西历3020年关都遗构）矿物结晶风化雕塑，颠覆人们对当下日常与时间流转的固有认知。,_posts/2020-08-18-corporate-topic-02-daniel-arsham-1000-years-fictional-archaeology.md,imported,2020
,株式会社宝可梦 官方重大专题 07：宝可梦的原点，在拨开大自然的深处——“Pokémon WONDER”4500平米原生森林探险与田尻智童年昆虫采集的回归,ポケモンの原点は、自然をかき分けた先に｜株式会社ポケモン｜The Pokémon Company,https://corporate.pokemon.co.jp/topics/detail/t-7/,https://corporate.pokemon.co.jp/topics/detail/t-7/,2021-08-13,津田明子; 本山敬一; 松丸亮吾; 田尻智,Gen 8,JA,株式会社ポケモン,Official Corporate Topic,宝可梦公司; 官方专题; Pokémon WONDER; 田尻智; 昆虫采集; 本山敬一; 松丸亮吾; 津田明子; JA,沉浸式自然探险项目“Pokémon WONDER”解密：溯源田尻智少年时代昆虫采集初心，在东京读卖乐园4500平米原生次生林“伊奈木之森”中彻底抛弃电子屏幕；津田明子、本山敬一与松丸亮吾联手以橡果、落叶与手工打造野生宝可梦，让怕虫的孩子为了寻觅宝可梦勇敢扑入草丛。,_posts/2021-08-13-corporate-topic-07-pokemon-wonder-nature-forest-adventure.md,imported,2020
,株式会社宝可梦 官方重大专题 14：大人的动真格化作孩子的梦想——“丰田密勒顿企划”（Toyota Miraidon Project）1比1实物大变形未来载具研发现场全记录,大人の本気が子どもの夢になる「トヨタミライドンプロジェクト」｜株式会社ポケモン｜The Pokémon Company,https://corporate.pokemon.co.jp/topics/detail/t-14/,https://corporate.pokemon.co.jp/topics/detail/t-14/ ,2024-03-29,トヨタ技術会; 株式会社ポケモン,Gen 9,JA,株式会社ポケモン,Official Corporate Topic,宝可梦公司; 官方专题; 丰田汽车; 密勒顿; 未来移动出行; 工业工程; 机械科技; 朱紫; JA,丰田汽车×宝可梦“丰田密勒顿企划”实录：源于爱知县小学生问卷画作，丰田技术会300名工程师总动员；攻克有限模式龙腿机械塞入电机、驾驶模式尾部卷曲为驱动后轮的刚性挑战，纳米变色车漆与儿童直觉操纵；造出体长4米可变形实车，证明大人绝不让梦想只停留在梦里。,_posts/2024-03-29-corporate-topic-14-toyota-miraidon-project-future-mobility.md,imported,2020
,株式会社宝可梦 官方重大专题 08：你的“耳朵”还记得当年的冒险吗？——“Pokémon DP Sound Library”神奥原声全曲开源与音效记忆考古,“耳”は、あの冒険を覚えているか？｜株式会社ポケモン｜The Pokémon Company,https://corporate.pokemon.co.jp/topics/detail/t-8/,https://corporate.pokemon.co.jp/topics/detail/t-8/,2022-03-30,Yaffle,Gen 8,JA,株式会社ポケモン,Official Corporate Topic,宝可梦公司; 官方专题; 游戏音乐; DP Sound Library; 钻石·珍珠; Yaffle; 声音考古; JA,宝可梦公司官网重大专题第08篇。聚焦开启官方音乐遗产开放先河的重磅企划“Pokémon DP Sound Library”。从《宝可梦 红·绿》诞生25年以来，游戏音乐作为唤醒玩家心潮起伏的情感钥匙，却长期鲜有走出游戏媒介的触达渠道；2021年春宝可梦公司内部有志员工发起“Pokémon Music Spotlight”企划，不仅将《宝可梦 钻石·珍珠》全149首BGM、环境音效与总谱完全免费公开并开放二次创作，更力邀日本新锐音乐制作人Yaffle全面采样初代8位点阵芯片音效与经典旋律，打造跨越世代的殿堂级重构新曲《Reconnect》与《Grown》，让游戏音乐成为连接现实生活与宝可梦世界观的全新入口。,_posts/2022-03-30-corporate-topic-08-pokemon-dp-sound-library-music.md,imported,2020
,株式会社宝可梦 官方重大专题 09：倾注在睡眠中的心愿——《Pokémon Sleep》睡眠医学、动画总监督睡姿分镜与健康治愈哲学全景解密,『Pokémon Sleep』に込められた睡眠への想い｜株式会社ポケモン｜The Pokémon Company,https://corporate.pokemon.co.jp/topics/detail/t-9/,https://corporate.pokemon.co.jp/topics/detail/t-9/,2023-09-28,柳泽正史; 汤山邦彦; 冨安大贵; 景山将太,Gen 9,JA,株式会社ポケモン,Official Corporate Topic,宝可梦公司; 官方专题; Pokémon Sleep; 柳泽正史; 汤山邦彦; 冨安大贵; 景山将太; 睡眠医学; 卡比兽; JA,宝可梦公司官网重大专题第09篇。全景解密《Pokémon Sleep》：筑波大学柳泽正史博士监修睡眠机制，建立“睡眠评价优先于游戏进度”的开发铁律；动画总监督汤山邦彦携手冨安大贵手绘超百种宝可梦专属睡姿分镜，刻画呼吸节奏与呼噜气泡；景山将太量身谱写早晨觉醒、白天培育与夜间催眠三段式声景；让睡眠这项生理必然化作玩家每一个清晨期待的温柔馈赠。,_posts/2023-09-28-corporate-topic-09-pokemon-sleep-science-and-dream.md,imported,2020
,株式会社宝可梦 官方重大专题 13：Netflix 定格动画《宝可梦礼宾部》——dwarf studios 纯手作羊毛毡偶、竹内玛莉亚主题歌与治愈人心的慢生活哲学,Netflixとのストップモーションアニメ「ポケモンコンシェルジュ」｜株式会社ポケモン｜The Pokémon Company,https://corporate.pokemon.co.jp/topics/detail/t-13/,https://corporate.pokemon.co.jp/topics/detail/t-13/,2024-02-29,竹内玛莉亚; 小川育,Gen 9,JA,株式会社ポケモン,Official Corporate Topic,宝可梦公司; 官方专题; 宝可梦礼宾部; 定格动画; 可达鸭; dwarf studios; 竹内玛莉亚; 安妮奖; Netflix; JA,宝可梦公司官网重大专题第13篇。专访Netflix定格动画《宝可梦礼宾部》创作团队：携手名门dwarf studios耗时数年逐帧拍摄，用真实羊毛毡、木材与布料手工缝制玩偶；刻画失意都市新人春绘在度假村与头痛可达鸭相遇重获自我的慢调温情；竹内玛莉亚量身献唱《君の居場所（Have a Good Time Here）》；荣获第51届安妮奖提名的手作动画匠心全景呈现。,_posts/2024-02-29-corporate-topic-13-pokemon-concierge-stop-motion-craft.md,imported,2020
,株式会社宝可梦 官方重大专题 27：传统工艺赋予宝可梦的全新姿态——“宝可梦×工艺展：美与巧思的大发现”人间国宝与顶级非遗匠人的真剑胜负,工芸がつくりだす、ポケモンの新しい姿｜株式会社ポケモン｜The Pokémon Company,https://corporate.pokemon.co.jp/topics/detail/t-27/,https://corporate.pokemon.co.jp/topics/detail/t-27/,2024-11-27,唐泽昌宏; 今井阳子; 今井完眞,Gen 9,JA,株式会社ポケモン,Official Corporate Topic,宝可梦公司; 官方专题; 宝可梦×工艺展; 国立工艺馆; 唐泽昌宏; 今井阳子; 人间国宝; 传统非遗; 陶瓷金工; JA,宝可梦公司官网重大专题第27篇。聚焦石川县金泽国立工艺馆移驻纪念特展“宝可梦×工艺展：美与巧思的大发现”：从人间国宝到年轻新秀20余位大师级传统工艺家，通读《宝可梦图鉴》生态设定，以陶瓷、金工、漆艺、染织等千百年非遗绝技，与宝可梦进行毫不妥协的“真剑胜负”；创作出金工多龙巴鲁托、陶艺妙蛙种子等70余件传世名作，搭建传统工艺与流行文化相通的时代之桥。,_posts/2024-11-27-corporate-topic-27-pokemon-kogei-craft-exhibition-beauty.md,imported,2020
,株式会社宝可梦 官方重大专题 11：初音未来与宝可梦碰撞出的18种旋律——“Project VOLTAGE”官方跨界音乐企划与同人共创生态,初音ミクとポケモンがもたらす18の音楽｜株式会社ポケモン｜The Pokémon Company,https://corporate.pokemon.co.jp/topics/detail/t-11/,https://corporate.pokemon.co.jp/topics/detail/t-11/,2023-12-22,初音ミク; Crypton Future Media,Gen 9,JA,株式会社ポケモン,Official Corporate Topic,宝可梦公司; 官方专题; Project VOLTAGE; 初音未来; Vocaloid; Crypton; 音乐企划; 二次创作; JA,宝可梦公司官网重大专题第11篇。深度剖析轰动全球的官方跨界音乐企划“ポケモン feat. 初音ミク Project VOLTAGE 18 Types/Songs”。以“18种属性”为核心，携手Crypton打造18个属性的初音未来训练家及搭档宝可梦形象；联动18位传奇VOCALOID音乐制作人（P主）以历代游戏BGM和技能音效采样创作全新歌曲与MV，点燃官方IP拥抱二次创作与青年亚文化的300%热情。,_posts/2023-12-22-corporate-topic-11-project-voltage-hatsune-miku-music.md,imported,2020
,株式会社宝可梦 官方重大专题 15：AI让所有人都能享受“对战观赛”——“Pokémon Battle Scope”深度学习与电竞观赛革命,AIによって、誰もが「バトル観戦」を楽しめる時代へ｜株式会社ポケモン｜The Pokémon Company,https://corporate.pokemon.co.jp/topics/detail/t-15/,https://corporate.pokemon.co.jp/topics/detail/t-15/,2024-04-30,HEROZ; 読売新聞社; 日本将棋連盟,Gen 9,JA,株式会社ポケモン,Official Corporate Topic,宝可梦公司; 官方专题; 电子竞技; AI观赛; HEROZ; 龙王战; 宝可梦对战; 深度学习; JA,宝可梦公司官网重大专题第15篇。深度揭秘专为宝可梦正统对战打造的AI战况可视化系统“Pokémon Battle Scope（PBS）”。面对1000余种宝可梦、900多种技能及复杂属性相克的天文级算力难题，宝可梦公司与开发出《将棋Wars》的AI先驱HEROZ携手，经过数亿次深度学习与对局模拟，成功研发出实时推演胜率与推荐候选手的大模型；在“宝可梦龙王战2024”实装亮相，见证顶尖选手的反套路妙手与AI交相辉映。,_posts/2024-04-30-corporate-topic-15-pokemon-battle-scope-ai-esports.md,imported,2020
,株式会社宝可梦 官方重大专题 20：从“宝可梦Frienda”溯源街机框体20年进化之路——学龄前启蒙、触感实体卡与亲子连屏哲学,「ポケモンフレンダ」からたどる、ゲーム筐体開発への想い｜株式会社ポケモン｜The Pokémon Company,https://corporate.pokemon.co.jp/topics/detail/t-20/,https://corporate.pokemon.co.jp/topics/detail/t-20/,2024-07-03,マーベラス; タカラトミーアーツ,Gen 9,JA,株式会社ポケモン,Official Corporate Topic,宝可梦公司; 官方专题; 街机游戏; 宝可梦Frienda; 宝可梦Mezastar; 街机框体; 实体卡块; 亲子娱乐; JA,宝可梦公司官网重大专题第20篇。回顾面向4至8岁幼童量身定制的宝可梦街机（AM机台）近20年演进历程，深度解读2024年7月新作《宝可梦Frienda》。由宝可梦公司、Marvelous（程序框体）与Takara Tomy Arts（宣发制造）研发铁三角联手，从《Battrio》圆盘、《Tretta》《Ga-Olé》现场压制吐盘到《Mezastar》双子亲子连屏；并在《Frienda》首次引入大型电容触控双屏与直觉抛球，用沉甸甸实体卡块守候无数孩子的童年记忆。,_posts/2024-07-03-corporate-topic-20-pokemon-frienda-arcade-history.md,imported,2020
,株式会社宝可梦 官方重大专题 28：在数字世界绽放的卡牌魅力——《Pokémon Trading Card Game Pocket》触感还原、浸入式卡牌与5分钟对战秘话,デジタルで広がる　ポケモンカードゲームの世界｜株式会社ポケモン｜The Pokémon Company,https://corporate.pokemon.co.jp/topics/detail/t-28/,https://corporate.pokemon.co.jp/topics/detail/t-28/,2024-11-28,Creatures Inc.; DeNA,Gen 9,JA,株式会社ポケモン,Official Corporate Topic,宝可梦公司; 官方专题; PTCG Pocket; 宝可梦卡牌; Creatures; DeNA; 浸入式卡牌; 数字化重塑; 收藏文化; JA,宝可梦公司官网重大专题第28篇。深度专访2024年10月上线即风靡全球的移动端新游《Pokémon Trading Card Game Pocket（PTCG Pocket）》。株式会社宝可梦、Creatures与DeNA三强联合，确立“回归收集原点”哲学；每天免费拆2包、爽快物理撕裂音、全息反光质感，更以视差景深技术首创“浸入式卡牌”让玩家亲身步入画作深处；重构20张牌组5分钟快节奏对战与支持9种语言全球收藏，为古典卡牌注入数字新生。,_posts/2024-11-28-corporate-topic-28-pokemon-trading-card-game-pocket.md,imported,2020
,株式会社宝可梦 官方重大专题 03：将游戏拓展至“娱乐”之外的广阔世界——《Pokémon Smile》儿童刷牙生活习惯养成与严肃游戏探索,ゲームを「遊び」以外の領域に応用したい｜株式会社ポケモン｜The Pokémon Company,https://corporate.pokemon.co.jp/topics/detail/t-3/,https://corporate.pokemon.co.jp/topics/detail/t-3/,2020-08-18,LITALICO; カナヘイ; 前田高志; 裏谷玲央,Gen 8,JA,株式会社ポケモン,Official Corporate Topic,宝可梦公司; 官方专题; 严肃游戏; Pokémon Smile; 游戏化; LITALICO; 卡娜赫拉; 前田高志; 裏谷玲央; 儿童健康; JA,宝可梦公司官网重大专题第03篇。深度解读“严肃游戏”实践《Pokémon Smile（宝可梦微笑）》：携手LITALICO、卡娜赫拉软萌立绘、前田高志极简UI与裏谷玲央活力配乐；通过手机前置摄像头AI实时追踪刷牙姿势与节奏消灭龋齿菌、拯救并收服宝可梦。全球150多个国家和地区以12种语言免费发布，荣获日本齿科医师会推荐，证明宝可梦能够成为润泽日常健康的温柔伙伴。,_posts/2020-08-18-corporate-topic-03-pokemon-smile-gamification-health.md,imported,2020
,株式会社宝可梦 官方重大专题 22：日本环球影城与宝可梦缔造的非凡娱乐——“NO LIMIT!”大型日间游行、实景机关与沉浸乐园哲学,USJとポケモンが創る、ユニークなエンターテインメント｜株式会社ポケモン｜The Pokémon Company,https://corporate.pokemon.co.jp/topics/detail/t-22/,https://corporate.pokemon.co.jp/topics/detail/t-22/,2024-08-01,ユニバーサル・スタジオ・ジャパン,Gen 9,JA,株式会社ポケモン,Official Corporate Topic,宝可梦公司; 官方专题; 日本环球影城; USJ; 主题乐园; 实景娱乐; NO LIMIT!; 暴鲤龙; 喷火龙; JA,宝可梦公司官网重大专题第22篇。全景记录株式会社宝可梦与日本环球影城（USJ）实景娱乐创制：引爆全园的“NO LIMIT! 日间巡游”与夏季泼水大巡游，3位特技舞者高难度操纵的巨型暴鲤龙、花车最高点喷吐白烟破空振翅的巨型喷火龙；巧妙融入《Pokémon GO》地域限定彩粉蝶（日本摩登与美国荒野花纹）考据彩蛋；以及独家“暴鲤龙旋风冰沙”主题餐饮开发，展现顶级乐园与世界级IP强强联合的沉浸盛宴。,_posts/2024-08-01-corporate-topic-22-usj-no-limit-parade-entertainment.md,imported,2020
,株式会社宝可梦 官方重大专题 31：万米高空旅程的安心序章——全日空（ANA）× 宝可梦机上安全演示视频与航空文旅创新,空の旅のはじまりに　ポケモンの機内安全ビデオ｜株式会社ポケモン｜The Pokémon Company,https://corporate.pokemon.co.jp/topics/detail/t-31/,https://corporate.pokemon.co.jp/topics/detail/t-31/,2025-01-31,全日本空輸,Gen 9,JA,株式会社ポケモン,Official Corporate Topic,宝可梦公司; 官方专题; 全日空; ANA; 民航安全; 机上安全视频; 飞翔皮卡丘企划; 航空文旅; JA,宝可梦公司官网重大专题第31篇。深度剖析全日空（ANA）携手“飞翔皮卡丘企划”打造的《ANA机内安全视频 宝可梦特别版》与《降机视频》：在严格恪守日本国土交通省民航安全规章下，怪力商务舱示范肩带安全带、穿山鼠示范防冲击姿势、铁甲蛹示范“变硬”防护；真机客舱实拍、空乘全员参与，在万米高空将恐惧紧张化作安心微笑，视频播放破百万次，开创民航安全与文化IP深度融合标杆。,_posts/2025-01-31-corporate-topic-31-ana-in-flight-safety-video.md,imported,2020
,株式会社宝可梦 官方重大专题 33：巡回中国一线都市的宝可梦卡牌全国大赛——“大师赛”（Masters）地域文化融合与两万人竞技盛况,中国一線都市を巡る　ポケモンカードゲーム大会「マスターズ」｜株式会社ポケモン｜The Pokémon Company,https://corporate.pokemon.co.jp/topics/detail/t-33/,https://corporate.pokemon.co.jp/topics/detail/t-33/,2025-03-14,Pokémon Shanghai,Gen 9,JA,株式会社ポケモン,Official Corporate Topic,宝可梦公司; 官方专题; 宝可梦卡牌; 宝可梦上海; 大师赛; 电子竞技; 中国市场; 城市嘉年华; JA,宝可梦公司官网重大专题第33篇。深度揭秘现地法人“Pokémon Shanghai（宝可梦上海）”统筹运营的中国一线都市宝可梦卡牌全国顶级大赛“大师赛（Masters）”：巡回广州、北京、深圳、上海四大核心城市；在北京融合万里长城与京剧艺术、在深圳打造赛博朋克展厅并树立10米高巨型卡比兽、在上海南京路举办皮卡丘巡游；首创老手带新人的6人组队“团队赛”规则；单站规模从2023年广州6000人跃升至2024年深圳25000人，见证中国宝可梦卡牌生态的壮丽绽放。,_posts/2025-03-14-corporate-topic-33-pokemon-shanghai-tcg-masters-china.md,imported,2020
,株式会社宝可梦 官方重大专题 41：以行为生态学解构宝可梦的世界——《宝可梦生态图鉴》农学博士双人视界与万物探究之眼,行動生態学でポケモンの世界を紐解く『ポケモン生態図鑑』｜株式会社ポケモン｜The Pokémon Company,https://corporate.pokemon.co.jp/topics/detail/t-41/,https://corporate.pokemon.co.jp/topics/detail/t-41/,2025-08-12,米原善成; 木下千寻,Gen 9,JA,株式会社ポケモン,Official Corporate Topic,宝可梦公司; 官方专题; 宝可梦生态图鉴; 行为生态学; 小学馆; 米原善成; 木下千寻; 科学普及; 自然生态; JA,宝可梦公司官网重大专题第41篇。深度解密小学馆出版的划时代科普著作《宝可梦生态图鉴》：农学博士米原善成耗时2年整理7500余行历代图鉴数据库，以行为生态学（领地、捕食共生、形态适应）重构设定；同为农学博士的插画家木下千寻操刀科学绘图，从小笃儿尾羽力学支点到群落配置，用严谨科学之眼赋予虚拟生灵生命实感，成为儿童探索自然的宏大门阶。,_posts/2025-08-12-corporate-topic-41-pokemon-ecology-illustrated-book.md,imported,2020
,株式会社宝可梦 官方重大专题 16：传统非遗与流行革新的甘甜共鸣——“宝可梦京菓子”京都七条甘春堂160年和果子匠艺全解密,伝統と革新が生み出した「ポケモン京菓子」｜株式会社ポケモン｜The Pokémon Company,https://corporate.pokemon.co.jp/topics/detail/t-16/,https://corporate.pokemon.co.jp/topics/detail/t-16/,2024-05-10,七條甘春堂,Gen 9,JA,株式会社ポケモン,Official Corporate Topic,宝可梦公司; 官方专题; 京菓子; 七条甘春堂; 和果子; 传统非遗; 上生菓子; 皮皮; 冰鬼护; JA,宝可梦公司官网重大专题第16篇。全景记录宝可梦携手庆应元年（1865年）江户末期老铺“七条甘春堂”研发四季“宝可梦京菓子”：在留白意象与角色辨识度间求索黄金平衡；秋季中秋赏月皮皮上生菓子与手雕木模皮卡丘落雁、冬季节分以丹波黑大豆神还原冰鬼护岩冰肌理；随盒附赠传统岁时记折页，展现古老宫廷茶道非遗拥抱全球流行文化的典范。,_posts/2024-05-10-corporate-topic-16-pokemon-kyo-gashi-shichijo-kanshundo.md,imported,2020
,株式会社宝可梦 官方重大专题 42：跨越海峡的本土化旋律——《宝可梦 地平线》台湾独占华语主题曲《捉梦大师》与林宥嘉共创实录,台湾独自の主題歌を　視聴者とポケモンをつなぐアニメのローカライズ｜株式会社ポケモン｜The Pokémon Company,https://corporate.pokemon.co.jp/topics/detail/t-42/,https://corporate.pokemon.co.jp/topics/detail/t-42/,2025-08-20,林宥嘉,Gen 9,JA,株式会社ポケモン,Official Corporate Topic,宝可梦公司; 官方专题; 宝可梦动画; 宝可梦地平线; 台湾地区; 本土化; 林宥嘉; 捉梦大师; 华语流行音乐; JA,宝可梦公司官网重大专题第42篇。深度解密《宝可梦 地平线》在台湾播出时的本地化里程碑：自1998年开播27年以来首度打破惯例，力邀身为宝可梦死忠粉的华语乐坛天王林宥嘉亲手创作并献唱专属华语片头战歌《捉梦大师》；东京与台湾团队跨海协作逐帧重剪对齐华语韵律，展现宝可梦以至诚态度扎根每一个区域文化的本土化雄心。,_posts/2025-08-20-corporate-topic-42-taiwan-localized-anime-song-yoga-lin.md,imported,2020
,株式会社宝可梦 官方重大专题 47：解密宝可梦与宇宙之谜的宏大航程——“宝可梦天文台”国立天文台科学特展全记录,ポケモンと宇宙の謎を解き明かす「ポケモン天文台」｜株式会社ポケモン｜The Pokémon Company,https://corporate.pokemon.co.jp/topics/detail/t-47/,https://corporate.pokemon.co.jp/topics/detail/t-47/,2026-01-23,国立天文台; 相模原市立博物館,Gen 9,JA,株式会社ポケモン,Official Corporate Topic,宝可梦公司; 官方专题; 宝可梦天文台; 国立天文台; NAOJ; 天体科学; 科学普及; 科斯莫古; 彷徨夜灵; JA,宝可梦公司官网重大专题第47篇。深度解密“My First Pokémon 企划”继化石博物馆后，携手日本天体科学最高权威国立天文台（NAOJ）打造的巡回特展“宝可梦天文台”：以“多样性”与“探究心”为跨界锚点；以恒星演化完美映射科斯莫古到索尔迦雷欧形态蜕变、以气态中空条纹巨星映射彷徨夜灵；全员配发探究单颁发特任研究员认证，让无数孩童在仰望深空时立下探索真实物理世界的初心。,_posts/2026-01-23-corporate-topic-47-pokemon-observatory-naoj-astronomy.md,imported,2020
,株式会社宝可梦 官方重大专题 04：AI赋能“饥饿臭泥”让城市变洁净——日本IBM×可口可乐×宝可梦三社环保科技创新实录,AIを搭載した「はらぺこベトベター」が、楽しく街をキレイにします｜株式会社ポケモン｜The Pokémon Company,https://corporate.pokemon.co.jp/topics/detail/t-4/,https://corporate.pokemon.co.jp/topics/detail/t-4/,2020-11-30,日本コカ・コーラ株式会社; 日本アイ・ビー・エム株式会社; 株式会社ポケモン,Gen 8,JA,株式会社ポケモン,Official Corporate Topic,宝可梦公司; 官方专题; 臭泥; はらぺこベトベター; 日本IBM; IBM Watson; 日本可口可乐; 垃圾分类; 环境保护; 人工智能; JA,宝可梦公司官网重大专题第4篇。记录由日本可口可乐、日本IBM与宝可梦三社有志团队历时1年跨界打造的AI智能垃圾分类回收箱“饥饿臭泥”：以原作中以污泥为食的臭泥为载体，搭载IBM Watson视觉图像识别AI与微型摄像头；投入空瓶瞬间AI判定塑料瓶、玻璃瓶或易拉罐并给出欢快专属叫声反馈，云端数据实时可视化，以沉浸IP体验攻克分类回收异物混入的社会痛点。,_posts/2020-11-30-corporate-topic-04-harapeko-betbeter-ai-recycling.md,imported,2020
,株式会社宝可梦 官方重大专题 23：释放传统铸物与宝可梦的极致魅力——富山高冈400年老铺“能作宝可梦系列”匠心全录,ポケモンと鋳物の魅力を引き出す 「能作ポケモンコレクション」｜株式会社ポケモン｜The Pokémon Company,https://corporate.pokemon.co.jp/topics/detail/t-23/,https://corporate.pokemon.co.jp/topics/detail/t-23/,2024-08-15,株式会社能作; 株式会社ポケモン,Gen 9,JA,株式会社ポケモン,Official Corporate Topic,宝可梦公司; 官方专题; 株式会社能作; 高冈铜器; 传统工艺; 纯锡铸造; 百变怪; 精灵球; 风铃铃; 匠人精神; JA,宝可梦公司官网重大专题第23篇。记录富山县高冈市传承400年铸物文脉的老铺“株式会社能作”与宝可梦深度联动的“能作宝可梦系列”：将100%纯锡可自由手折形变的金属柔韧性与变身宝可梦百变怪达成天作之合，推出可徒手塑形的百变怪托盘；攻克精密微米级砂模生型铸造，造就上下球体严丝合缝、开盖底层浮现皮卡丘剪影的纯锡精灵球器皿；并融合风铃铃锡风铃、穿山鼠砂浴与喷火龙熔炼之火开启全国体验工坊，让非遗工艺与现代IP产生深刻共鸣。,_posts/2024-08-15-corporate-topic-23-nousaku-tin-casting-craftsmanship.md,imported,2020
,株式会社宝可梦 官方重大专题 34：与宝可梦围坐同一餐桌的奇迹——“Pokémon Cafe”常设咖啡厅极致体验价值与待客之道,「ポケモンカフェ」がつくり出す、かけがえのない体験価値｜株式会社ポケモン｜The Pokémon Company,https://corporate.pokemon.co.jp/topics/detail/t-34/,https://corporate.pokemon.co.jp/topics/detail/t-34/,2025-03-28,株式会社エスエルディー; 株式会社ポケモン,Gen 9,JA,株式会社ポケモン,Official Corporate Topic,宝可梦公司; 官方专题; 宝可梦咖啡厅; Pokémon Cafe; 皮卡丘; 米立龙; 体验价值; 餐饮文旅; 待客之道; JA,宝可梦公司官网重大专题第34篇。深度探访日本桥与心斋桥官方首座常设旗舰店“Pokémon Cafe”：打破传统角色快闪餐饮局限，以“极致沉浸式体验价值”为灵魂信条；独创主厨/侍者/甜点师皮卡丘必定登场的问候时光；菜单深度融合生态，从赤绿御三家点单初选咖喱拼盘，到米立龙拟态多彩压寿司，再到收录818只宝可梦图鉴的自选拉花拿铁；全店贯穿“小心别吵醒午睡中的宝可梦”等生态情境服务，造就跨越世代与国界的温暖餐饮奇迹。,_posts/2025-03-28-corporate-topic-34-pokemon-cafe-hospitality-experience.md,imported,2020
,株式会社宝可梦 官方重大专题 44：从枯叶市俱乐部到12道县地方创生——“宝可梦超喜欢俱乐部”20载社群传承与未来之路,思いを受け継ぎ20年　「ポケモンだいすきクラブ」の現在地｜株式会社ポケモン｜The Pokémon Company,https://corporate.pokemon.co.jp/topics/detail/t-44/,https://corporate.pokemon.co.jp/topics/detail/t-44/,2025-11-07,株式会社ポケモン,Gen 9,JA,株式会社ポケモン,Official Corporate Topic,宝可梦公司; 官方专题; 宝可梦超喜欢俱乐部; ポケモンだいすきクラブ; 地方创生; ポケモンローカルActs; 呆呆兽; 基拉祈; 粉丝社群; JA,宝可梦公司官网重大专题第44篇。跨越整整20年漫长时光，全景回顾官方粉丝社群“宝可梦超喜欢俱乐部”的演进史诗：从1996年《红·绿》枯叶市游戏场景到2004年破茧现实化；鼎盛期超300万儿童会员、开创夏日大作战实时榜单与聊天室、基拉祈七夕登门圆梦与全国Festa线下盛典；移动互联时代转型为开放媒体并确立“深挖每一只宝可梦独特魅力”宗旨，进而因“呆呆兽乐园”与香川县乌冬谐音奇缘，直接孵化出如今席卷日本12道县的“宝可梦Local Acts地方振兴计划”，成为连接虚实与涵养万物的温润沃土。,_posts/2025-11-07-corporate-topic-44-pokemon-daisuki-club-20-years-history.md,imported,2020
,株式会社宝可梦 官方重大专题 24：给高中生带来炙热夏日回忆——“Pokémon UNITE 甲子园”全国高校电竞盛典,高校生に熱い夏の思い出を　「ポケモンユナイト甲子園」｜株式会社ポケモン｜The Pokémon Company,https://corporate.pokemon.co.jp/topics/detail/t-24/,https://corporate.pokemon.co.jp/topics/detail/t-24/,2024-08-28,日本テレビ放送網株式会社; 株式会社ポケモン,Gen 9,JA,株式会社ポケモン,Official Corporate Topic,宝可梦公司; 官方专题; 宝可梦大集结; Pokémon UNITE; ポケモンユナイト甲子園; 日本电视台; 高校电竞; 电子竞技; 青春; JA,宝可梦公司官网重大专题第24篇。深度解密由日本电视台与宝可梦联合创设的全国高校专属电竞赛事“Pokémon UNITE 甲子园”：以5v5团队策略对战为纽带，填补高中生年龄层官方电竞赛事空白；打破世界赛禁选机制采用自由盲选以守护每位少年的心爱相伴宝可梦；面向非电竞受众定制低门槛转播，更成功孵化出跻身WCS世界锦标赛第4名的顶尖电竞新星，传承两代少年的盛夏梦想。,_posts/2024-08-28-corporate-topic-24-pokemon-unite-koshien-high-school-esports.md,imported,2020
,株式会社宝可梦 官方重大专题 25：让帕底亚大地降临人间——三重县志摩西班牙村×《宝可梦 朱·紫》实景课外教学全景纪实,志摩スペイン村で楽しむ「パルデア地方」の世界｜株式会社ポケモン｜The Pokémon Company,https://corporate.pokemon.co.jp/topics/detail/t-25/,https://corporate.pokemon.co.jp/topics/detail/t-25/,2024-09-25,志摩スペイン村; 株式会社ポケモン,Gen 9,JA,株式会社ポケモン,Official Corporate Topic,宝可梦公司; 官方专题; 宝可梦朱紫; 志摩西班牙村; 帕底亚地区; 主题乐园; 现实融合; 索财灵; 米立龙; JA,宝可梦公司官网重大专题第25篇。记录三重县志摩西班牙村迎来开园30周年之际，顺应玩家社群呼声与《宝可梦 朱·紫》展开的沉浸式实景联动特企“课外教学 in 志摩西班牙村”：将标志性马约尔广场包覆重构成学院对战球场并循环原声BGM；严格依循生态学，将向日花怪置于向日葵花田、迷你芙置于橄榄树下、米立龙按水生习性置于喷泉水池；推出全园索财灵寻宝与亲手手插星形牙签的野餐三明治料理，实现虚实合一的游园奇迹。,_posts/2024-09-25-corporate-topic-25-shima-spain-village-paldea-crossover.md,imported,2020
,株式会社宝可梦 官方重大专题 26：将“与宝可梦的相遇”传递向世界——印度尼西亚千岛之国的出海拓荒纪实,「ポケモンとの出会い」を世界へ　インドネシア地域での挑戦｜株式会社ポケモン｜The Pokémon Company,https://corporate.pokemon.co.jp/topics/detail/t-26/,https://corporate.pokemon.co.jp/topics/detail/t-26/,2024-10-16,ガルーダ・インドネシア航空; JKT48; 株式会社ポケモン アジア事業本部,Gen 9,JA,株式会社ポケモン,Official Corporate Topic,宝可梦公司; 官方专题; 印度尼西亚; 东南亚出海; 飞翔皮卡丘企划; 印尼鹰航; JKT48; 巴迪克蜡染; 文化交融; JA,宝可梦公司官网重大专题第26篇。记录宝可梦亚洲事业本部深耕东南亚第一人口大国印度尼西亚的横断型出海文化盛典“Pikachu's Indonesia Journey”：携手印尼国家航空印尼鹰航执飞“皮卡丘彩绘客机GA”穿梭万岛群山；在巴厘岛携手国民女团JKT48共演、在泗水与日惹开展卡牌体验与万人亲子路跑；更在雅加达出动1600架无人机创下印尼国家历史最大天幕秀，并由身披印尼非遗国服“巴迪克蜡染服饰”的皮卡丘闪耀登台，以真诚尊重本土文化的姿态筑牢全东盟的信赖基石。,_posts/2024-10-16-corporate-topic-26-indonesia-pikachu-jet-garuda-journey.md,imported,2020
,株式会社宝可梦 官方重大专题 36：从竞技牌手到生态基石——宝可梦卡牌官方裁判与赛事组织者认证体系探秘,プレイヤーから支える立場へ　ポケモンカードゲーム公式資格｜株式会社ポケモン｜The Pokémon Company,https://corporate.pokemon.co.jp/topics/detail/t-36/,https://corporate.pokemon.co.jp/topics/detail/t-36/,2025-05-12,株式会社ポケモン,Gen 9,JA,株式会社ポケモン,Official Corporate Topic,宝可梦公司; 官方专题; 宝可梦卡牌; PTCG; 官方裁判; 公認ジャッジ; イベントオーガナイザー; 赛事组织; 社区生态; JA,宝可梦公司官网重大专题第36篇。深度探访支撑宝可梦集换式卡牌繁荣发展的核心支柱——2015年创立的官方资格认证体系：设立“赛事组织者”与“公认裁判”双轨制度；经历严苛线上笔试与线上面试选拔；吸纳大量家长以“少年棒球教练”般的奉献精神在各地开辟新手公认对战温床；单场超7000人规模的冠军联赛（CL）配置200名专业裁判（2024年全国举办超2000场赛事、出动逾万人次裁判），以卓越榜样姿态让爱卡牌的人亲手将火种传递下去。,_posts/2025-05-12-corporate-topic-36-ptcg-official-judge-organizer-certification.md,imported,2020
,株式会社宝可梦 官方重大专题 19：涩谷十字路口之上的雅致秘境——“POKÉMON CARD LOUNGE”高端卡牌沙龙全貌,渋谷に“特別な場所”が誕生「POKÉMON CARD LOUNGE」｜株式会社ポケモン｜The Pokémon Company,https://corporate.pokemon.co.jp/topics/detail/t-19/,https://corporate.pokemon.co.jp/topics/detail/t-19/,2024-06-14,カルチュア・コンビニエンス・クラブ株式会社; 株式会社ポケモン,Gen 9,JA,株式会社ポケモン,Official Corporate Topic,宝可梦公司; 官方专题; 宝可梦卡牌; PTCG; SHIBUYA TSUTAYA; 涩谷; POKEMON CARD LOUNGE; 高端沙龙; 成年人社交; JA,宝可梦公司官网重大专题第19篇。探访由CCC与宝可梦携手进驻东京涩谷全景地标SHIBUYA TSUTAYA 5楼的官方首家面向成年人的高级卡牌社交沙龙“POKÉMON CARD LOUNGE”：打破传统卡牌店喧嚣狭窄印象，配置82席定制行政隔断席与柔和精灵球吊灯；提供全套套牌与殿堂级“宝可梦卡牌Classic”免费借阅，更备齐无限茶饮与能量极简皮具周边，构筑起都市成年玩家的精神绿洲与奇妙空间。,_posts/2024-06-14-corporate-topic-19-shibuya-tsutaya-pokemon-card-lounge.md,imported,2020
,株式会社宝可梦 官方重大专题 30：以宝可梦之力为印度带来欢笑——14亿人口大国的文化交融与文教拓荒纪实,ポケモンの力で、インドに笑顔を｜株式会社ポケモン｜The Pokémon Company,https://corporate.pokemon.co.jp/topics/detail/t-30/,https://corporate.pokemon.co.jp/topics/detail/t-30/,2024-12-27,ヴィシャール＆シェーカル; ムンバイ・インディアンズ; 株式会社ポケモン インドマーケティング室,Gen 9,JA,株式会社ポケモン,Official Corporate Topic,宝可梦公司; 官方专题; 印度; 全球化出海; 宝莱坞; 板球联赛; 孟买印第安人队; 纱丽; 跨文化交融; JA,宝可梦公司官网重大专题第30篇。全景披露株式会社宝可梦面向全球人口第一大国印度（超14亿人）设立“印度营销室”开启文化开拓的历程：邀宝莱坞国宝级作曲大师组合Vishal–Shekhar操刀专属动画主题曲，首播斩获全印度900个频道收视冠军；联动印度国民第一运动板球，与豪门孟买印第安人队达成全季主场合作吸引1.5万名儿童参与；让皮卡丘身披印度国服“纱丽”与“库尔塔”走入千家万户，轻盈跨越文明隔阂带去纯真笑颜。,_posts/2024-12-27-corporate-topic-30-pokemon-india-cricket-festivals-expansion.md,imported,2020
,株式会社宝可梦 官方重大专题 46：直击粉丝心灵的造物之魂——宝可梦中心直营原创商品开发哲学深度解密,ファンの心に響くものづくりを　ポケモンセンターオリジナルグッズ開発の想い｜株式会社ポケモン｜The Pokémon Company,https://corporate.pokemon.co.jp/topics/detail/t-46/,https://corporate.pokemon.co.jp/topics/detail/t-46/,2025-12-24,株式会社ポケモン 商品部,Gen 9,JA,株式会社ポケモン,Official Corporate Topic,宝可梦公司; 官方专题; 宝可梦中心; 原创商品开发; 破坏光线; 肯泰罗; 天气队; 周边设计; 极客文化; JA,宝可梦公司官网重大专题第46篇。深入宝可梦总部商品部揭秘直营中心原创周边的开发哲学：专为死忠玩家深挖冷门生态与硬核梗，从开发者童年红绿回忆出发、携手赛博朋克工作室融合像素美学与潮牌并加入初代对战霸主肯泰罗的“破坏光线”系列；到利用紫外线光致变色油墨在阳光下如同触发大晴天特性般变色的“天气队”系列；以当虚拟游戏机制与现实物理造物共振的奇迹，发射出直击粉丝心扉的震撼光线。,_posts/2025-12-24-corporate-topic-46-pokemon-center-original-goods-philosophy.md,imported,2020
,株式会社宝可梦 官方重大专题 54：能登百年渔村非遗“五目”与宝可梦的宿命交汇——传统传承认定游艺新风与文化复兴录,能登の伝承娯楽「ごいた」とポケモンの出会い｜株式会社ポケモン｜The Pokémon Company,https://corporate.pokemon.co.jp/topics/detail/t-54/,https://corporate.pokemon.co.jp/topics/detail/t-54/,2026-09-01,能登ごいた保存会; 株式会社ポケモン,Gen 9,JA,株式会社ポケモン,Official Corporate Topic,宝可梦公司; 官方专题; 能登; 石川县; ごいた; 传统游艺; 非物质文化遗产; 桌游; 文化复兴; JA,宝可梦公司官网重大专题第54篇（2026年9月最新特稿）。记录诞生于石川县能登半岛宇出津渔村、自江户末期传承逾百年的非遗棋牌游艺“五目（Goita）”与宝可梦结合的《宝可梦五目》诞生史诗：被严禁言语、全凭2v2无言心理博弈的高维乐趣打动，历经30余次手工打样打磨出最适合孩童手感的竹木棋子；融合精灵球品级与宝可梦代表图腾；配套四向对称对战布垫与免费教学App，参展游戏市集并入选能登灾区校园非遗教材，以心眼之契重燃百年渔火生机。,_posts/2026-09-01-corporate-topic-54-noto-goita-traditional-game-revival.md,imported,2020
,株式会社宝可梦 官方重大专题 18：具象化“抹茶宝可梦”的“斯魔茶茶室”——和风摩登美学与沉浸式世界观构筑录,まっちゃポケモンを具現化した「喫茶チャデス」｜株式会社ポケモン｜The Pokémon Company,https://corporate.pokemon.co.jp/topics/detail/t-18/,https://corporate.pokemon.co.jp/topics/detail/t-18/,2024-05-31,株式会社ポケモン 商品企画チーム; 株式会社ポケモン カフェ事業チーム; 株式会社ポケモン アートディレクションチーム,Gen 9,JA,株式会社ポケモン,Official Corporate Topic,宝可梦公司; 官方专题; 斯魔茶; 来悲粗茶; 斯魔茶茶室; 宝可梦咖啡厅; 和风摩登; 周边开发; 世界观构筑; JA,宝可梦公司官网重大专题第18篇（2024年5月特稿）。深度记录围绕《宝可梦 朱／紫 零之秘宝》北上乡抹茶宝可梦——斯魔茶与来悲粗茶打造的“斯魔茶茶室（喫茶チャデス）”跨界企划：确立和风摩登设计语言，以真实陶瓷烧造斯魔茶调味罐与来悲粗茶茶碗，在碗底严格还原凡作与杰作底款；于东京与大阪宝可梦咖啡厅推出特制宇治抹茶餐点与茶席布景，展现周边与餐饮同样是构筑宝可梦深邃世界观主角的造物智慧。,_posts/2024-05-31-corporate-topic-18-kissa-poltchageist-matcha-tea-experience.md,imported,2020
,株式会社宝可梦 官方重大专题 38：融入地方社区日常的宝可梦——全国“宝可梦公园”与安全游具创生录,地域の生活に溶け込むポケモンたち「ポケモン公園」｜株式会社ポケモン｜The Pokémon Company,https://corporate.pokemon.co.jp/topics/detail/t-38/,https://corporate.pokemon.co.jp/topics/detail/t-38/,2025-06-13,株式会社ポケモン 地域共生チーム; 株式会社コトブキ,Gen 9,JA,株式会社ポケモン,Official Corporate Topic,宝可梦公司; 官方专题; 宝可梦公园; 地方创生; Local Acts; 吉利蛋; 小拳石; 穿山鼠; 安全设计; KOTOBUKI; JA,宝可梦公司官网重大专题第38篇（2025年6月特稿）。记录宝可梦公司携手地方自治体与百年游乐设施巨头株式会社寿（KOTOBUKI），在全国社区建设永久性“宝可梦公园”的创生历程：结合福岛吉利蛋、岩手小拳石、鸟取穿山鼠、香川呆呆兽等应援宝可梦特性定制巨型滑梯与攀岩设施；攻克利爪尖角安全隐患，推行微米级倒角与防护工程；8座公园载入数字地图，成为守护儿童日常成长的公共基础设施。,_posts/2025-06-13-corporate-topic-38-pokemon-parks-community-playground.md,imported,2020
,株式会社宝可梦 官方重大专题 40：首尔蚕室化身“宝可梦小镇”——韩国乐天集团跨界联名与百态百变怪的城市奇遇,ソウル・チャムシルが「ポケモンタウン」に　韓国ロッテコラボ｜株式会社ポケモン｜The Pokémon Company,https://corporate.pokemon.co.jp/topics/detail/t-40/,https://corporate.pokemon.co.jp/topics/detail/t-40/,2025-07-25,"Pokémon Korea, Inc.; 韓国ロッテグループ",Gen 9,JA,株式会社ポケモン,Official Corporate Topic,宝可梦公司; 官方专题; 韩国; 首尔蚕室; 乐天集团; LOTTE; 宝可梦小镇; 百变怪; 城市地标; 海外拓展; KO; JA,宝可梦公司官网重大专题第40篇（2025年7月特稿）。记录韩国宝可梦与跨国商业财阀乐天集团在首尔蚕室石村湖与乐天商业综合体举办的“Pokémon Town with LOTTE 2025”：源于横滨WCS全城狂欢的震撼启发，第二届活动大胆打破“宝可梦=皮卡丘”的单一认知，起用百变怪为灵魂主角；升起石村湖巨型乘龙气模，在广场布置100只喜怒哀乐神态各异的百变怪群像并联动零售全域，3周吸引超500万人流，展现都市商业向童话小镇变身的神奇魔力。,_posts/2025-07-25-corporate-topic-40-seoul-jamsil-pokemon-town-lotte.md,imported,2020
,株式会社宝可梦 官方重大专题 35：打造温暖快乐的“心灵归宿”——宝可梦儿童食堂公益支援行动录,楽しく過ごせる「居場所」づくりを　ポケモンのこども食堂応援活動｜株式会社ポケモン｜The Pokémon Company,https://corporate.pokemon.co.jp/topics/detail/t-35/,https://corporate.pokemon.co.jp/topics/detail/t-35/,2025-04-18,一般財団法人ポケモン・ウィズ・ユー財団; 株式会社ポケモン CSR・社会貢献チーム,Gen 9,JA,株式会社ポケモン,Official Corporate Topic,宝可梦公司; 官方专题; こども食堂; 儿童食堂; POKÉMON with YOU; 社会公益; CSR; 皮卡丘; 心灵归宿; 社区互助; JA,宝可梦公司官网重大专题第35篇（2025年4月特稿）。深度记录POKÉMON with YOU财团5载坚守开展的“宝可梦儿童食堂应援队！”公益事业：洞察儿童食堂不仅是温饱之所、更是孩子们的心灵归宿（居場所）；为破除贫困施舍成见与心理门槛，定期寄送圣诞树手工纸模、为志愿者定制皮卡丘黄色围裙，并派出皮卡丘亲临现场开展零距离温暖互动；以和睦相处的善意力量融化隔阂，带动更多跨界企业共同守护儿童成长。,_posts/2025-04-18-corporate-topic-35-pokemon-kodomo-shokudo-community-support.md,imported,2020
,株式会社宝可梦 官方重大专题 37：医疗一线陪伴患儿的宝可梦——小儿MRI检查说明视频与“绝不撒谎”的温柔守护,医療現場で子どもたちに寄り添う　ポケモンの小児向けMRI検査説明用動画｜株式会社ポケモン｜The Pokémon Company,https://corporate.pokemon.co.jp/topics/detail/t-37/,https://corporate.pokemon.co.jp/topics/detail/t-37/,2025-06-02,キヤノンメディカルシステムズ株式会社; 株式会社ポケモン CSR・映像企画チーム,Gen 9,JA,株式会社ポケモン,Official Corporate Topic,宝可梦公司; 官方专题; 小儿医疗; MRI核磁共振; 佳能医疗系统; 医疗心理辅导; 准备疗法; 镇静剂风险; 社会公益; JA,宝可梦公司官网重大专题第37篇（2025年6月特稿）。深度记录宝可梦携手全球先进医疗设备巨头佳能医疗系统，为儿科临床一线联合研发的专用“小儿MRI检查准备辅导视频”：直面儿童对幽闭狭小舱体与机械轰鸣的剧烈恐惧、以及避免使用存在副作用风险镇静剂的医疗痛点，坚守“绝不撒谎”原则，采用360度儿童等高视角与真实机械声进行脱敏辅导；全日本无数患儿在皮卡丘陪伴下免除镇静药物、主动勇敢受检，展现宝可梦守护患儿心灵的崇高社会担当。,_posts/2025-06-02-corporate-topic-37-pediatric-mri-pokemon-preparation-video.md,imported,2020
,株式会社宝可梦 官方重大专题 21：守护全日本小学新生的交通安全——传承60载的“黄色皮卡丘胸章”公益行动录,子どもたちの交通安全を願って　「黄色い“ピカチュウ”ワッペン」｜株式会社ポケモン｜The Pokémon Company,https://corporate.pokemon.co.jp/topics/detail/t-21/,https://corporate.pokemon.co.jp/topics/detail/t-21/,2024-07-16,株式会社みずほフィナンシャルグループ; 損害保険ジャパン株式会社; 明治安田生命保険相互会社; 第一生命保険株式会社; 株式会社ポケモン My First Pokémon プロジェクト,Gen 9,JA,株式会社ポケモン,Official Corporate Topic,宝可梦公司; 官方专题; 交通安全; 黄色胸章; 皮卡丘; 日本小学; 瑞穗金融集团; 损保日本; 社会公益; CSR; JA,宝可梦公司官网重大专题第21篇（2024年7月特稿）。深度记录拥有60年历史的日本国民级公益“黄色胸章赠呈事业”迎来花甲之年之际与宝可梦的历史性跨界：瑞穗、损保日本、明治安田生命、第一生命四社联合，面向全日本100多万名小学一年级新生全量无偿配发印有皮卡丘剪影的黄色交通安全胸章，并附带专属交通事故意外伤害险；宝可梦员工亲历为人父母共鸣，皮卡丘惊喜现身赠呈式，以全社会合力为脆弱新生平分安全防线。,_posts/2024-07-16-corporate-topic-21-pikachu-yellow-traffic-safety-badge.md,imported,2020
,株式会社宝可梦 官方重大专题 50：宝可梦开进你的小镇——“宝可梦中心出张所”全国巡回与机动空间营造录,ポケモンがあなたの町へやってくる「ポケモンセンター出張所」｜株式会社ポケモン｜The Pokémon Company,https://corporate.pokemon.co.jp/topics/detail/t-50/,https://corporate.pokemon.co.jp/topics/detail/t-50/,2026-02-24,株式会社ポケモンセンター,Gen 9,JA,株式会社ポケモン,Official Corporate Topic,宝可梦公司; 官方专题; 宝可梦中心出张所; 快闪店; 地方巡回; Pokémon LEGENDS Z-A; 东北祭典; 羽田机场; 零售空间; JA,宝可梦公司官网重大专题第50篇（2026年2月特稿）。深度记录负责直营网络的株式会社宝可梦中心（22家常设店）为打破地理壁垒所推行的机动巡回快闪专门店“宝可梦中心出张所”：拒绝简单周转库存，推行与当地时令结合的一期一会空间策展；从茨城水户万圣节与《Pokémon LEGENDS Z-A》超前视觉美陈，到东北6县祭典限定皮卡丘巡回巡演，再到羽田机场《红·绿》初代关都情怀专区，以高速移动的敏捷身法将世界观温暖送达全国各地。,_posts/2026-02-24-corporate-topic-50-pokemon-center-pop-up-store-nationwide.md,imported,2020
,株式会社宝可梦 官方重大专题 45：要把百变怪“变身”成什么？——“百变怪模具杯”设计哲学与森井由佳黏土匠心录,メタモンを、何に「へんしん」させる？｜株式会社ポケモン｜The Pokémon Company,https://corporate.pokemon.co.jp/topics/detail/t-45/,https://corporate.pokemon.co.jp/topics/detail/t-45/,2025-11-26,森井ユカ; アッシュコンセプト株式会社; 株式会社ポケモン ライセンスプロデュース部,Gen 9,JA,株式会社ポケモン,Official Corporate Topic,宝可梦公司; 官方专题; 百变怪; 森井由佳; 森井ユカ; h concept; Neko Cup; 周边设计; 生活美学; PTCG; JA,宝可梦公司官网重大专题第45篇（2025年11月特稿）。深度记录宝可梦授权制作部携手日本设计名门h concept及PTCG殿堂级立体黏土艺术家森井由佳（森井ユカ），共同研发风靡全网的“百变怪模具杯（メタモンカップ）”全案：源于猫咪杯脱模布丁Q弹跳动质感与百变怪生态的宿命共鸣，森井由佳时隔20年再度亲手雕琢立体百变怪原型；米饭、果冻、冰块乃至海滩泥雪引发全网全民二度创作狂欢，展现让使用者的想象力一同变身的生活美学。,_posts/2025-11-26-corporate-topic-45-ditto-cup-design-philosophy-yuka-morii.md,imported,2020
,株式会社宝可梦 官方重大专题 51：亲近大自然的第一步——童子军野外探索与宝可梦训练家的自然共育录,自然に親しむ最初の一歩 ボーイスカウト体験をポケモンと共に｜株式会社ポケモン｜The Pokémon Company,https://corporate.pokemon.co.jp/topics/detail/t-51/,https://corporate.pokemon.co.jp/topics/detail/t-51/,2026-04-24,公益財団法人ボーイスカウト日本連盟; 株式会社ポケモン My First Pokémon プロジェクト,Gen 9,JA,株式会社ポケモン,Official Corporate Topic,宝可梦公司; 官方专题; 童子军; 自然教育; 野外探险; My First Pokémon; 狙射树枭; 团队协作; 户外技能; JA,宝可梦公司官网重大专题第51篇（2026年4月特稿）。深度记录宝可梦“My First Pokémon”携手拥有百年历史的“童子军日本联盟”，在全日本森林联合开展的“童子军：目标是成为宝可梦训练家！”自然体验工程：借用10岁训练家启程与童子军10岁探索自然的宿命交集，提炼团队协作、技能、急救等6大生存支柱；用自制弹弓助狙射树枭打树果、绳结解救岩壁宝可梦，将虚拟游戏转化为对真实大自然的敬畏与实践。,_posts/2026-04-24-corporate-topic-51-boy-scouts-nature-pokemon-trainer-program.md,imported,2020
,株式会社宝可梦 官方重大专题 52：将宝可梦的奇妙力量注入美妆——Naturaglacé纯天然护肤彩妆的生活美学录,コスメにポケモンの力を宿して｜株式会社ポケモン｜The Pokémon Company,https://corporate.pokemon.co.jp/topics/detail/t-52/,https://corporate.pokemon.co.jp/topics/detail/t-52/,2026-05-20,株式会社ネイチャーズウェイ; 株式会社ポケモン ライセンスビジネスチーム,Gen 9,JA,株式会社ポケモン,Official Corporate Topic,宝可梦公司; 官方专题; 美妆个护; Naturaglace; 有机护肤; 水伊布; 梦幻; 生活美学; 宫下公园; 快闪店; JA,宝可梦公司官网重大专题第52篇（2026年5月特稿）。深度记录株式会社宝可梦携手日本先锋有机美妆Naturaglacé历时两年半研发的高定跨界美妆系列：打破贴图联名套路，将水属性水伊布转化为通透水光隔离底霜、万能梦幻转化为24小时养肤定妆蜜粉；兼顾成年女性化妆台的雅致极简瓶身，在涩谷宫下公园打造真树草皮沉浸式森林快闪店，销售额达同规模4.6倍，让自然草木生机滋润现代女性生活。,_posts/2026-05-20-corporate-topic-52-naturaglace-organic-cosmetics-collaboration.md,imported,2020
,株式会社宝可梦 官方重大专题 48：让深度思考化作快乐日常——《Pokemon Friends》脑力习惯养成与知育开发录,『ポケモンフレンズ』で頭をほぐす習慣を｜株式会社ポケモン｜The Pokémon Company,https://corporate.pokemon.co.jp/topics/detail/t-48/,https://corporate.pokemon.co.jp/topics/detail/t-48/,2026-02-06,ワンダーファイ株式会社; 株式会社ポケモン アプリ開発・教育知育チーム,Gen 9,JA,株式会社ポケモン,Official Corporate Topic,宝可梦公司; 官方专题; Pokemon Friends; 思考力; WonderLab; ThinkThink; 益智游戏; 儿童教育; 毛线玩偶; JA,宝可梦公司官网重大专题第48篇（2026年2月特稿）。深度记录继《Pokémon Smile》后宝可梦携手儿童思维教育先锋WonderLab打造的全新官方思考力训练游戏《Pokemon Friends》：依托《Think!Think!》教研体系定制1200余道融入宝可梦生态的迷宫与空间认知谜题；独创“解开谜题舒展思维 -> 获得线团 -> 制作毛线宝可梦玩偶”的治愈自驱闭环，结合自适应难度算法，让全年龄段家庭在思考中茁壮成长。,_posts/2026-02-06-corporate-topic-48-pokemon-friends-brain-training-wonderlab.md,imported,2020
,株式会社宝可梦 官方重大专题 17：送往能登地震灾区孩子手中的“皮卡丘武士头盔”——传统端午折纸与心灵抚慰录,被災地の子どもたちに届ける「ピカチュウかぶと」｜株式会社ポケモン｜The Pokémon Company,https://corporate.pokemon.co.jp/topics/detail/t-17/,https://corporate.pokemon.co.jp/topics/detail/t-17/,2024-05-22,一般財団法人ポケモン・ウィズ・ユー財団; 株式会社ポケモン デザインチーム; 北國新聞社; NHK交響楽団,Gen 9,JA,株式会社ポケモン,Official Corporate Topic,宝可梦公司; 官方专题; 能登半岛地震; 灾区支援; POKÉMON with YOU; 皮卡丘头盔; 北国新闻; 儿童节; 心理抚慰; CSR; JA,宝可梦公司官网重大专题第17篇（2024年5月特稿）。深度记录在2024年能登半岛大地震后，POKÉMON with YOU财团联合石川县主流日刊《北国新闻》，在儿童节推行的特别心理援助行动：在报纸整版彩印可剪裁折叠的日本传统“皮卡丘武士头盔”，并在背面密布历代全世代上百只宝可梦图鉴；随报送达千家万户并深入避难所分发，加急印制避难生活手账、携手NHK交响乐团亲赴灾区校园举办慰问音乐会，承袭东日本与熊本地震大爱，为灾区送去驱散阴霾的温暖礼物。,_posts/2024-05-22-corporate-topic-17-noto-earthquake-pikachu-kabuto-children-support.md,imported,2020
,週刊Fami通 No.1146 独家专访剧本主笔松宫稔展：“当双方的主张看起来都有道理时，人究竟会相信什么”——《宝可梦 黑／白》“宝可梦解放”、神秘少年N与双英雄传说诞生原点,週刊ファミ通 2010年12月16日号 No.1146 シナリオ担当・松宮稔展氏インタビュー「どちらの主張も正しいと思えるときに人は何を信じるのかを問いたかったのです」,https://w.atwiki.jp/bwhuman2/pages/16.html#id_88bbce1a,https://web.archive.org/web/20140713004800/http://www59.atwiki.jp/bwhuman2/pages/16.html#id_88bbce1a,2010-12-02,松宮稔展,Gen 5,JA,週刊ファミ通 (Weekly Famitsu),Interview,週刊ファミ通; 松宮稔展; ポケモンBW; N; プラズマ団; シナリオ; JA,《週刊Fami通》No.1146刊载《宝可梦 黑／白》剧本负责人松宫稔展专访。松宫详述本作‘宝可梦解放’主题确立始末、神秘少年N与等离子队的思想原点，探讨‘当双方主张看似都有道理时人会相信什么’的黑白哲学，以及黑连追寻强大与白露探寻多重人生的角色深意。,_posts/2010-12-02-interview-famitsu-1146-matsumiya-bw-scenario.md,imported,
,週刊Fami通 No.1155「比克提尼也大吃一惊！开发团队讲述对战的秘密」：战斗总监森本茂树 × 程序田谷正夫 × 策划岩尾和昌谈三打对战、轮盘对战、大爆炸削弱原因与梦特性诞生,週刊ファミ通 2011年2月3日号 No.1155「ビクティニもビックリ！ 『開発スタッフが語るバトルの秘密』」森本茂樹×田谷正夫×岩尾和昌,https://w.atwiki.jp/bwhuman2/pages/85.html#id_b0e59677,https://web.archive.org/web/20140227025600/http://www59.atwiki.jp/bwhuman2/pages/85.html#id_b0e59677,2011-01-20,森本茂樹; 田谷正夫; 岩尾和昌,Gen 5,JA,週刊ファミ通 (Weekly Famitsu),Roundtable,週刊ファミ通; 森本茂樹; 田谷正夫; 岩尾和昌; 対戦バランス; トリプルバトル; だいばくはつ; JA,《週刊Fami通》No.1155刊发战斗核心团队专访。森本茂树详述双打博弈中大爆炸遭到削弱的原因，田谷正夫解释三打高策略性与轮盘对战运气元素的互补机制，岩尾和昌分享特性与新招式设计困境，并揭秘首度引入梦特性（隐藏特性）的战术考量。,_posts/2011-01-20-interview-famitsu-1155-morimoto-taya-iwao-battle-secrets.md,imported,
,《Otona Fami》2011年2月号独家专访：艺术总监杉森建详解合众御三家设计秘辛——三大武将文明演变史、水水獭雀斑与“违和感”设计哲学、胜利之神比克提尼,オトナファミ 2011年2月号 杉森建インタビュー：イッシュ御三家（ツタージャ・ポカブ・ミジュマル）とビクティニの誕生秘話、「引っかかり」のデザイン美学,https://w.atwiki.jp/bwhuman2/pages/85.html#id_0fc6adb4,https://web.archive.org/web/20140227025600/http://www59.atwiki.jp/bwhuman2/pages/85.html#id_0fc6adb4,2010-12-20,杉森建,Gen 5,JA,オトナファミ (Otona Fami),Interview,オトナファミ; 杉森建; 御三家; ミジュマル; ポカブ; ツタージャ; ビクティニ; JA,《Otona Fami》2011年2月号刊载杉森建长篇专访。杉森披露增田顺一决意全部更新156只宝可梦的争执历程，详解合众御三家（大剑鬼、炎武王、君主蛇）分别对应日本武士、三国张飞与欧洲近卫骑士的设计内核，阐明‘违和感成就长久爱意’的独门设计哲学，并揭示比克提尼与考试合格御守的诞生趣闻。,_posts/2010-12-20-interview-otonafami-sugimori-starters-victini.md,imported,
,週刊Fami通 No.1153「公开通信开发的幕后秘密！！」：太田哲司（通信系统）× 大森滋（地图与C-Gear）谈 C-Gear 的极低操作门槛与“不打扰冒险的过路通信哲学”,週刊ファミ通 2011年1月20日号 No.1153「通信開発のウラ側を公開！！」太田哲司×大森滋,https://w.atwiki.jp/bwhuman2/pages/16.html#id_3db841f3,https://web.archive.org/web/20140713004800/http://www59.atwiki.jp/bwhuman2/pages/16.html#id_3db841f3,2011-01-06,太田哲司; 大森滋,Gen 5,JA,週刊ファミ通 (Weekly Famitsu),Roundtable,週刊ファミ通; 太田哲司; 大森滋; Cギア; すれ違い通信; 通信システム; JA,《週刊Fami通》No.1153刊发太田哲司与大森滋专访。二人畅谈C-Gear如何将连线门槛降至极致，揭示在说明书刻意保留未公开彩蛋的社交心机，以及连入之洞‘不打扰他人’的东方距离美学。,_posts/2011-01-06-interview-famitsu-1153-ota-ohmori-c-gear.md,imported,
,《宝可梦 黑／白 超级音乐集》官方原声带 Liner Notes 专访：增田顺一、景山将太、一之濑刚、佐藤仁美与足立美奈子详谈合众动态音效与世界音乐构建,『ポケットモンスターブラック・ホワイト スーパーミュージックコレクション』ブックレット インタビュー：増田順一・景山将太・一之瀬剛・佐藤仁美・足立美奈子,https://w.atwiki.jp/bwhuman2/pages/82.html,https://web.archive.org/web/20140227014600/http://www59.atwiki.jp/bwhuman2/pages/82.html,2010-10-20,増田順一; 景山将太; 一之瀬剛; 佐藤仁美; 足立美奈子,Gen 5,JA,Media Factory / The Pokémon Company (CD Liner Notes),Liner Notes,サウンドトラック; 増田順一; 景山将太; 一之瀬剛; 佐藤仁美; 足立美奈子; JA,《宝可梦 黑／白 超级音乐集》官方CD衬纸专访。五位音频主创增田顺一、景山将太、一之濑刚、佐藤仁美、足立美奈子逐一作答，揭示合众城镇异国风情音乐、步行动态打击乐、四季旋律差分与双龙苏醒交响乐制作全貌。,_posts/2010-10-20-interview-bw-music-collection-liner-notes.md,imported,
,週刊Fami通 No.1137 发售特别专访石原恒和 × 增田顺一：“为什么我们拒绝等待新掌机，而要在NDS上挑战开发极限”——《宝可梦 黑／白》156只全新宝可梦、PGL日常生态与合众网络战略,週刊ファミ通 2010年9月30日号 No.1137『ポケットモンスターブラック・ホワイト』発売直前開発スタッフインタビュー 石原恒和氏×増田順一氏,,,2010-09-16,,,,週刊ファミ通 (Weekly Famitsu),,,,_posts/2010-09-16-interview-famitsu-1137-ishihara-masuda-bw-launch.md,imported,
,週刊Fami通 No.1138 独家专访总监增田顺一：“让大人重新体验‘踢罐子’的惊喜”——打破宝可梦毕业现象、156只全新精灵、与神秘少年N专属超高速台词系统,週刊ファミ通 2010年10月7日号 No.1138『ポケットモンスターブラック・ホワイト』開発キーパーソンインタビュー ディレクター・増田順一氏,,,2010-09-23,,,,週刊ファミ通 (Weekly Famitsu),,,,_posts/2010-09-23-interview-famitsu-1138-masuda-bw-secrets.md,imported,
,Nintendo DREAM Vol.108 独家专访增田顺一 × 渡边哲也 × 海野隆雄：“让60岁的母亲也能单指享受RPG”——《宝可梦 火红／叶绿》无线适配器革命、帮助电视与七宝群岛诞生秘话,Nintendo DREAM 2004年3月21日号 Vol.108『ポケットモンスター ファイアレッド・リーフグリーン』開発者ロングインタビュー,,,2004-03-21,,,,Nintendo DREAM,,,,_posts/2004-03-21-interview-nintendodream-108-masuda-watanabe-unno-frlg.md,imported,
,Nintendo DREAM Vol.221 独家专访总监海野隆雄 × 制作人增田顺一（前篇）：“从3D美术向总监请缨的两年”——Game Freak不设壁垒的创作文化、N流浪两年后的真实去向与暗黑·焰白酋雷姆,Nintendo DREAM 2012年9月号 Vol.221『ポケットモンスターブラック2・ホワイト2』開発スタッフインタビュー（前編）海野隆雄ディレクター×増田順一プロデューサー,,,2012-07-21,,,,Nintendo DREAM,,,,_posts/2012-07-21-interview-nintendodream-221-unno-masuda-b2w2-direction.md,imported,
,Nintendo DREAM Vol.222 独家专访总监海野隆雄 × 策划团队（后篇）：“历代馆主与冠军的全明星嘉年华”——《宝可梦 黑2／白2》PWT世界锦标赛、绿幕好莱坞电影与“龙之谐音”音乐秘辛,Nintendo DREAM 2012年10月号 Vol.222『ポケットモンスターブラック2・ホワイト2』開発スタッフインタビュー（後編）海野隆雄ディレクター×企画開発チーム,,,2012-08-21,,,,Nintendo DREAM,,,,_posts/2012-08-21-interview-nintendodream-222-unno-b2w2-pwt-pokewood.md,imported,
,週刊Fami通 No.1233 独家专访海野隆雄 × 斉藤優史：“打破版本的界限，让100个人在合众共鸣”——《宝可梦 黑2／白2》百人祭典任务、加盟大道与通信新要素,週刊ファミ通 2012年8月2・9日合併号 No.1233『ポケットモンスターブラック2・ホワイト2』キーパーソンインタビュー 海野隆雄氏×斉藤優史氏,,,2012-07-19,,,,週刊ファミ通 (Weekly Famitsu),,,,_posts/2012-07-19-interview-famitsu-1233-unno-saito-b2w2-fes-mission.md,imported,
,Nintendo DREAM Vol.235 附录独家专访增田顺一 × 森本茂树：“颠覆系列常识的14年变革”——《宝可梦 X／Y》新属性‘妖精’克制龙系平衡哲学与超级进化终极构想,Nintendo DREAM 2013年11月号別冊付録 Vol.235『ポケットモンスター X・Y』増田順一氏・森本茂樹氏 直撃取材インタビュー,,,2013-09-21,,,,Nintendo DREAM,,,,_posts/2013-09-21-interview-nintendodream-235-masuda-morimoto-xy-battle-revolution.md,imported,
,週刊Fami通 No.1355 附录特刊专访大森滋 × 增田顺一：“时隔12年飞越丰缘大陆天空的感动”——《宝可梦 终极红宝石／始源蓝宝石》无限之笛与全3D化再构想,週刊ファミ通 2014年12月4日号付録 No.1355『ポケットモンスター オメガルビー・アルファサファイア』発売記念インタビュー 大森滋氏×増田順一氏,,,2014-11-20,,,,週刊ファミ通 (Weekly Famitsu),,,,,cataloged,
,週刊Fami通 No.1361 发售后独家解密大森滋 × 增田顺一：“德尔塔篇章与流星之民的真正宿命”——《宝可梦 终极红宝石／始源蓝宝石》神秘少女希嘉娜与裂空座MEGA进化秘辛,週刊ファミ通 2015年1月15日号 No.1361『ポケットモンスター オメガルビー・アルファサファイア』クリア後開発者インタビュー 大森滋氏×増田順一氏,,,2014-12-25,,,,週刊ファミ通 (Weekly Famitsu),,,,,cataloged,
,Nintendo DREAM Vol.254 独家专访总监大森滋：“解开所有MEGA进化与平行世界的谜团”——《宝可梦 终极红宝石／始源蓝宝石》开发秘闻全记录,Nintendo DREAM 2015年6月号 Vol.254『ポケットモンスター オメガルビー・アルファサファイア』大森滋ディレクター単独ロングインタビュー,,,2015-04-21,,,,Nintendo DREAM,,,,,cataloged,
,Otonafamily 2011年3月号 专访增田顺一：“为大人量身打造的合众旅行指南”——《宝可梦 黑／白》水水獭的逆风翻盘与都市青年文化投影,オトナファミ 2011年3月号『ポケットモンスターブラック・ホワイト』増田順一インタビュー「大人がハマるポケモンの秘密」,https://archive.org/details/otonafamily_201103_bwinterview,https://archive.org/details/otonafamily_201103_bwinterview,2011-01-20,,,,オトナファミ (Otonafami),Print Magazine 1200DPI Scan,,角川《Otonafamily》1200DPI高精度实体杂志扫本专访增田顺一。详解为大人量身打造合众世界的支柱：角色年龄提升、等离子团思想思辨、水水獭从初期受争议到灵动动态大反转的历程。,_posts/2011-01-20-interview-otonafamily-masuda-bw-adults.md,imported,
,达芬奇 (Da Vinci) 2011年2月号 增田顺一特别撰文：“回望宝可梦14年历史——从像素到思想的文学之旅”,ダ・ヴィンチ 2011年2月号『ポケットモンスター』14年の歴史を振り返る ゲームフリーク・増田順一寄稿＆インタビュー,https://archive.org/details/davinci_201102_bwcomment,https://archive.org/details/davinci_201102_bwcomment,2010-12-06,,,,ダ・ヴィンチ (Da Vinci),Print Magazine 1200DPI Scan,,角川文艺书评月刊《达芬奇》1200DPI高精扫本。增田顺一特别特稿与深度访谈。以宏阔文学视角系统梳理宝可梦14年精神史、等离子团与N背后的道德相对主义、私人爱读书单与叙事美学。,_posts/2011-01-06-interview-davinci-masuda-pokemon-14-years.md,imported,
,宝岛社 WE LOVE Pokémon! 专访增田顺一：“在法国的古堡与时尚中寻找新生的灵感”——《宝可梦 X／Y》卡洛斯大陆的诞生,WE LOVE Pokémon! -BLANKET- (宝島社) 2013年11月『ポケットモンスター X・Y』増田順一ディレクター特別インタビュー,,,2013-10-31,,,,WE LOVE Pokémon! (宝島社),,,,,cataloged,
,月刊CoroCoro Comic 2005年8月号 附录特刊独家专访增田顺一：“神奥地区最初的预告——双屏幕与全新冒险的黎明”,月刊コロコロコミック 2005年8月号別冊付録『ポケットモンスター ダイヤモンド・パール』増田順一氏スクープインタビュー,,,2005-07-15,,,,月刊コロコロコミック (CoroCoro),,,,_posts/2005-07-15-interview-corocoro-masuda-diamond-pearl-scoop.md,imported,
,读卖新闻 深层采访 杉森建 × 西野弘二 × 西田敦子：“皮卡丘是大福？首次公开的雷丘后进化型‘高老大（Gorochu）’与设计秘闻”,読売新聞 2018年5月2日「ピカチュウは大福？ 初めて明かされる誕生秘話」杉森建×西野弘二×にしだあつこ,,,2018-05-02,,,,読売新聞 (Yomiuri Shimbun),,,,_posts/2018-05-02-interview-yomiuri-sugimori-nishino-nishida-pikachu-birth.md,imported,
,週刊ASCII 独家专访增田顺一：“杂志版面容纳不下的黑白开发秘话——黑白二元论与纽约曼哈顿世界观”,週刊アスキー 2010年9月13日「誌面では語りきれなかった、ポケットモンスター ブラック・ホワイトの開発秘話!!」増田順一氏,https://weekly.ascii.jp/elem/000/002/602/2602549/,http://web.archive.org/web/20260207082000/https://weekly.ascii.jp/elem/000/002/602/2602549/,2010-09-13,,,,週刊アスキー (Weekly ASCII),Print / Magazine Extended Interview,,角川《週刊ASCII》实体杂志联动网络加长版专访增田顺一。详解追求极致后为何以黑白二元论立项、以纽约曼哈顿为模板塑造合众、通关前封印旧怪的豪赌、PGL跨端联动与三打对战心理学，以及片尾前15秒的增田执念。,_posts/2010-09-13-interview-weekly-ascii-masuda-bw-secrets.md,imported,
,1997 Space World 极秘专访田尻智 × 宫本茂 × 石原恒和：“不是培养最强的宝可梦，而是将最喜欢的宝可梦培养到最强”——《宝可梦2：金·银》初代200只原案、8兆位大容量与跨机种构想,1997年 スペースワールド開発者鼎談『ポケットモンスター2（金・銀）』田尻智×宮本茂×石原恒和,,,1997-11-27,,,,Space World 1997 官方文献 / Game Staff List,,,,_posts/1997-11-27-interview-spaceworld-tajiri-miyamoto-ishihara-pokemon2.md,imported,
,Nintendo DREAM Vol.84 独家专访增田顺一 × 杉森建：“赋予每只精灵独特的灵魂”——《宝可梦 红宝石／蓝宝石》特性与性格革命、双打对战与丰缘丰饶自然,Nintendo DREAM 2003年2月21日号 Vol.84『ポケットモンスター ルビー・サファイア』大特集 開発スタッフインタビュー 増田順一氏×杉森建氏,,,2003-02-21,,,,Nintendo DREAM,,,,_posts/2003-02-21-interview-nintendodream-084-masuda-sugimori-ruby-sapphire.md,imported,
,Nintendo Acción No.199 独家专访增田顺一 × 河内丸武史：“时空对极的反物质世界”——《宝可梦 白金》骑拉帝纳、破损世界的物理颠覆与跨代羁绊,Nintendo Acción 2009年5月号 No.199『ポケットモンスター プラチナ』河内丸武史ディレクター×増田順一プロデューサー対面独占インタビュー,,,2009-05-15,,,,Nintendo Acción,,,,_posts/2009-05-15-interview-nintendoaccion-199-masuda-kawachimaru-platinum.md,imported,
,电击Online 直击森本茂树总监：“《宝可梦 心金·魂银》全493只跟随背后的极致执念与宝可计步器秘密”,『ポケットモンスター』最新作についてディレクターの森本茂樹さんを直撃！,https://dengekionline.com/elem/000/000/193/193021/,https://web.archive.org/web/20090922221650/https://dengekionline.com/elem/000/000/193/193021/,2009-09-18,,Gen 4,,電撃オンライン (ASCII Media Works),Magazine / Web Feature Interview,,电击Online对《心金·魂银》总监森本茂树的五页全长深度专访。揭秘从钻石珍珠阿蜜客串埋下的重制伏笔、全493只宝可梦跟随系统（含晃晃斑斑纹与闪光）的天文级美术物量、城都关东3D地图重构、水晶版米那君主线融合与Pokéwalker红外联动设计。,,unimported,
,Game Atsumaru 独家纪实 增田顺一：“曾经有一群自制红白机卡带的人——Game Freak从同人志、自制FC到初代《红·绿》9人开发秘闻”,かつてファミコンソフトを自作した集団がいた――ゲームフリーク・増田順一氏が語ったゲーム制作の魅力,https://sp.ch.nicovideo.jp/indies-game/blomaga/ar604905,https://web.archive.org/web/20230204141619/https://sp.ch.nicovideo.jp/indies-game/blomaga/ar604905?s=09,2014-08-22,,Gen 1,,ゲームアツマール / ニコニコ (Dwango),Indie / Historical Retrospective,,角川多玩国自作游戏嘉年华长篇专访增田顺一。回顾Game Freak最初拆解红白机、自制电路板做卡带的狂热拓荒史；初代《红·绿》历经6年漫长苦旅、9人团队与电脑发热冒烟数据丢失的险境；田尻智从DQ魔法之帽萌生交换灵感；增田研读列维-斯特劳斯人类学与40种波形调制151只宝可梦叫声的声学奇迹。,_posts/2014-08-22-interview-gameatsumaru-masuda-indie-gamefreak-origins.md,imported,
,G4TV 深度专访 增田顺一 × 河内丸武史：“《宝可梦 白金》爱因斯坦相对论、反物质粒子物理学与破损世界的哲学”,"Junichi Masuda & Takeshi Kawachimaru Talk 'Pokemon Platinum', Particle Physics, Bridges, And More!",http://www.g4tv.com/thefeed/blog/post/694081/junichi-masuda-takeshi-kawachimaru-talk-pokemon-platinum-particle-physics-bridges-and-more/,https://web.archive.org/web/20120924075934/http://www.g4tv.com/thefeed/blog/post/694081/junichi-masuda-takeshi-kawachimaru-talk-pokemon-platinum-particle-physics-bridges-and-more/,2009-05-17,,Gen 4,,G4TV (The Feed),TV Network / Print Media Interview,,欧美知名游戏媒体G4TV专访增田顺一与河内丸武史。深入剖析《白金》中融入爱因斯坦相对论、物质与反物质、以及粒子物理学中的CP对称性破缺哲学；骑拉帝纳破损世界（Distortion World）颠倒重力与视听营造；阿尔宙斯之上力量天花板与增田对桥梁的迷恋。,_posts/2009-05-17-interview-g4tv-masuda-kawachimaru-platinum-particle-physics.md,imported,
,Pokemon.com 官方直击 GAME FREAK 六大主创：“《心金·魂银》跨越十年的传承与蜕变——增田顺一、森本茂树、大森滋等谈跟随、音效与新系统”,"Go Behind the Scenes with the Pokémon Masters at GAME FREAK, inc.!",http://www.pokemon.com/us/pokemon-news/vg_hgss_interview-2010-03-31/,https://web.archive.org/web/20120211023721/http://www.pokemon.com/us/pokemon-news/vg_hgss_interview-2010-03-31/,2010-03-31,,Gen 4,,Pokemon.com (The Pokémon Company International),Official Developer Roundtable,,宝可梦国际官方直击GAME FREAK六大核心领跑者（增田顺一、森本茂树、大森滋、松岛贤二、森昭人、海野隆雄）。回顾十年硬件飞跃与不变的亲民初心；大森滋从十年前沉迷金银的学生到执掌重制主策划的心路；宝可梦翻倍导致底层数据重写与美术克制运用技术原则；普世玩法与Pokéwalker现实训练家梦想。,,unimported,
,任天堂官方特别对谈 桐谷美玲 直击 增田顺一 × 杉森建：“妙蛙花是青蛙原型？首次披露合众御三家命名秘密与‘宝可梦解放’的哲学思辨”,女子大生が訊く『ポケットモンスターブラック・ホワイト』増田順一×杉森建×桐谷美玲,http://www.nintendo.co.jp/ds/interview/irbj/sp/index.html,https://web.archive.org/web/20101227010653/http://www.nintendo.co.jp/ds/interview/irbj/sp/index.html,2010-12-24,,Gen 5,,任天堂公式サイト (Nintendo Official Special Feature),Official Special Dialogue,,岩田聪社长亲自撰写前言的特别对谈企划。女大学生桐谷美玲在宝可梦中心东京直击增田顺一与杉森建。主创首度直面‘等离子团与解放宝可梦’的严肃伦理探讨；杉森建确认妙蛙花的原型确凿来自蟾蜍与青蛙；增田顺一详细解构合众御三家文化符号并爆料水水獭开发初期废案原名‘クルマル’；解答雷吉奇卡斯造词神话。,_posts/2010-12-24-interview-nintendo-sp-kiritani-masuda-sugimori-bw.md,imported,
,Nintendo Power Issue 134 摘译：森本茂树谈梦幻的诞生,Nintendo Power Chats with Pokémon Bigwigs,https://archive.org/details/nintendo-power-issue-134-july-2000,https://archive.org/details/nintendo-power-issue-134-july-2000,2000-07-01,,Gen 2,,Nintendo Power (Official US Magazine),Print Magazine Scan,,《Nintendo Power》第134期中，森本茂树说自己在初代《宝可梦》开发结束前两周创造了梦幻。约300字节的卡带空间细节另来自后续 Iwata Asks 访谈，已作为作者补充单独标注。,,unimported,
,Nintendo Power Issue 265 摘译：增田顺一与杉森建谈黑白主题、设计筛选与宝可梦阵容,Nintendo Power: Pokémon Black & White Developer Interview,https://archive.org/details/nintendo-power-issue-265-march-2011,https://archive.org/details/nintendo-power-issue-265-march-2011,2011-03-01,,Gen 5,,Nintendo Power (Official US Magazine),Print Magazine Scan,,《Nintendo Power》第265期采访增田顺一与杉森建：增田将黑白主题称为“两极性”，杉森介绍设计流程与筛选标准。400–500份设计是 Dr. Lava 根据约三倍设计量和156只新增宝可梦作出的推算；关于《剑／盾》阵容争议的回顾也是作者评论，均非受访者原话。,,unimported,
,Nintendo Power Issue 240 摘译：增田顺一与河内丸武史谈《白金》的反世界构想,Interview: Masuda on Developing Gens 1-4,https://lavacutcontent.com/masuda-interview-pokemon-platinum/,https://library.gamehistory.org/repositories/2/digital_objects/12428,2009-04-01,,Gen 4,,Nintendo Power (Official US Magazine),Print Magazine Scan,,这篇《白金》访谈刊于《Nintendo Power》第240期（2009年4月号）。节选呈现增田对骑拉帝纳“反世界”构想的说明、河内丸在《白金》开发时才接触相关设定的回答，并将 Dr. Lava 的推测明确作为作者评论。,,unimported,
,Game Informer 独家专访增田顺一：“为什么不是《宝可梦 灰》？GAME FREAK首度破例打造正统带编号续作《黑2·白2》的真正考量”,Game Freak Talks Pokémon’s First Numbered Sequel (Game Informer Exclusive Interview),https://web.archive.org/web/20130112034434/http://www.gameinformer.com/b/features/archive/2012/09/17/gamefreak-talks-pok-233-mon-s-first-numbered-sequel.aspx,https://web.archive.org/web/20130112034434/http://www.gameinformer.com/b/features/archive/2012/09/17/gamefreak-talks-pok-233-mon-s-first-numbered-sequel.aspx,2012-09-17,,Gen 5,,Game Informer (Official Magazine Feature),Print Magazine Extended Feature,,欧美著名纸媒《Game Informer》专访增田顺一。首次详细揭秘‘不做《灰》、做《黑2·白2》’的战略心境：黑与白的二元思想不可被灰色稀释；跨越2年时光呈现世界剧变；坚守1.5亿装机量的NDS平台守护全球玩家社交生态；2D动态点阵美学与初代隐藏HP条的设计原点。,,unimported,
,GAME FREAK 官方秘密基地 #10 专访增田顺一 × 大森滋：“幻之宝可梦‘梦幻’诞生秘闻与森本茂树瞒天过海偷塞卡带的真相”,【公式】世間を騒がせた幻のポケモン「ミュウ」の誕生秘話！【ゲームフリーク ひみつきち #10】,https://www.youtube.com/watch?v=TTjUKpNjW-g,https://www.youtube.com/watch?v=TTjUKpNjW-g,2019-02-15,,Gen 1,,GAME FREAK 公式チャンネル (YouTube Official Video),Official Video Interview,,GAME FREAK 官方频道代表作。増田順一与大森滋在演播室首度完整复盘初代《红·绿》调试完成后的惊险一幕：程序员森本茂树在卡带只剩几百字节空余、任天堂调试工具被移除的最后两周，瞒着所有人偷偷写进第151号宝可梦‘梦幻’的全部代码与点阵图。增田顺一现场谈及当时‘一旦出BUG整批卡带全部报废’的巨大心理恐惧，以及通过コロコロ杂志抽选20名引发全国社会级轰动的历史转折点。,,unimported,
,GAME FREAK 官方秘密基地 #41 专访增田顺一 × 大森滋：“幻之宝可梦‘雪拉比’诞生秘话：时空穿梭之神与桐树林神社的信仰原点”,【公式】幻のポケモン「セレビィ」誕生秘話！時を超えるポケモンの秘密【ゲームフリーク ひみつきち #41】,https://www.youtube.com/watch?v=vVjE3aD7yqI,https://www.youtube.com/watch?v=vVjE3aD7yqI,2019-10-18,,Gen 2,,GAME FREAK 公式チャンネル (YouTube Official Video),Official Video Interview,,増田順一与大森滋详述第二世代《金·银》幻之宝可梦雪拉比（Celebi）的构想源起。雪拉比被定位为‘森林之神’与‘穿梭时空的旅人’，灵感源自日本古老神道教对巨木、神社与自然森严法则的敬畏。增田透露原本在桐树林（ウバメの森）祠堂隐藏了与手机适配器（Mobile System GB）联动的事件线，揭示由于时代通信网络限制未能在初代直接普及无线联机、最终在水晶版中借由GS球与手机适配器实现下载的坎坷历程。,,unimported,
,Game Informer 独家视频专访增田顺一：“为什么宝可梦坚守单机与面对面社交、坚决不做万人在线MMO？”,Why There's No Pokemon MMO (Game Informer Exclusive Studio Interview),https://www.youtube.com/watch?v=HgTUuEG96K4,https://www.youtube.com/watch?v=HgTUuEG96K4,2019-10-18,,跨世代/设计哲学,,Game Informer (Official Studio Video Feature),Video Interview Feature,,增田顺一正面回应全球玩家长达二十年的世纪之问：为什么宝可梦不做《魔兽世界》式的大型多人在线网游（MMO）？增田顺一深度解析宝可梦的核心社交基因为何必须建立在‘面对面、交换与现实联结’，冰冷的匿名万人网络社区会彻底稀释通信交换的仪式感与人与人之间的温度。,,unimported,
,Game Informer 101个宝可梦终极快问快答：增田顺一 × 大森滋 东京演播室现场直击,101 Rapid-Fire Questions About Pokémon Sword And Shield & Beyond (Game Informer),https://www.youtube.com/watch?v=5SlzAXoO6CE,https://www.youtube.com/watch?v=5SlzAXoO6CE,2019-10-09,,Gen 8/世界观,,Game Informer (Official Studio Video Feature),Video Interview Feature,,欧美电玩史上最知名、信息密度最大的主创快问快答。Game Informer 资深记者直飞东京 GAME FREAK 总部演播室，以极高语速向增田顺一与大森滋抛出101个硬核问题。涵盖大木博士全名、宝可梦是否会被人类食用、幽灵系本质、宝可梦世界的税收与经济学、创作者私人珍藏等，全面展现主创的幽默与严谨世界观设定。,,unimported,
,日经／BS Japan 商业纪录片特别专访增田顺一：“日以继夜的游戏人！宝可梦还将如何进化？”,BSジャパン・日経特別番組：『寝ても覚めてもゲーム！ ポケモンはまだ進化する？』増田順一 ドキュメンタリー,https://www.youtube.com/watch?v=C-iE1WIpaFE,https://www.youtube.com/watch?v=C-iE1WIpaFE,2015-11-03,,跨世代/商业口述,,BSテレ東 / 日経ビジネス (Japanese TV Documentary),TV Documentary Video Feature,,日本国家级商业电视台跟拍增田顺一日常工作的珍贵商业纪录片。摄像机深入东京总部拍摄增田顺一早晨主持晨会、审查新精灵草图、闭门作曲以及在录音棚调校音效的真实全过程；增田顺一在白板前阐述宝可梦如何从一款单一软件演化为跨越全球万亿级日元产值的文化超级符号。,,unimported,
,Rock oN Company 独家技术专访一之濑刚：“宝可梦系列的声音炼金术：从8-bit极限方波到现代动态互动音频”,Rock oN Company: 田辺恵二の音楽をいっぱいいじっちゃうぞVIDEOS Vol 48 一之瀬 剛さんインタビュー,https://www.youtube.com/watch?v=5v0m1P9pP8t,https://www.youtube.com/watch?v=5v0m1P9pP8t,2018-09-21,,跨世代/音频工程,,Rock oN Company (Audio Professional Video Feature),Audio Tech Video Feature,,专业音频设备机构 Rock oN Company 对初代元老作曲家一之濑刚的长篇技术视频专访。一之濑刚坐在合成器前，现场演示从初代 Game Boy 的 4 通道限制如何编写循环节，到现代宿主软件（Cubase/ProTools）中的虚拟乐器编排，分享宝可梦经典战斗音乐的编曲律动与配器奥秘。,,unimported,
,CVG 独家专访 Game Freak 三巨头：增田顺一 × 杉森建 × 森本茂树畅谈《红·蓝宝石》欧洲首发、昆虫灵感与对战哲学,Nintendo Interview: Game Freak on Pokemon!,http://www.computerandvideogames.com/article.php?id=91965,https://web.archive.org/web/20080116030930/http://www.computerandvideogames.com/article.php?id=91965,2003-05-30,增田顺一; 杉森建; 森本茂树,Gen 3,EN,Computer and Video Games (CVG),Web Media Interview,CVG; 红宝石·蓝宝石; 增田顺一; 杉森建; 森本茂树; Game Freak; GBA; 死链复原; EN,失落网络死链抢救：2003年英国已倒闭老牌游戏门户 CVG 越洋电话会议连线 Game Freak 创世级三巨头增田顺一、杉森建与森本茂树。主创全面复盘丰缘世代开发秘辛：驳斥日本媒体所谓“宝可梦热潮已退”流言、详解昆虫图鉴与金属质感设计法、公开因卡带容量砍掉的皮卡丘多重情绪叫声、阐述简朴美术保护游戏性的哲学，并公开三巨头各自最爱的三代宝可梦（大嘴娃、波士可多拉、木守宫、固拉多、变隐龙、阿勃梭鲁）。,_posts/2003-05-30-interview-cvg-ruby-sapphire-gamefreak-masuda-sugimori-morimoto.md,imported,2003
,GamePro 独家专访：增田顺一 × 河内丸武史谈《宝可梦 白金》——反转世界、对战提速与全球冠军赛,Pokemon Platinum: Developer Interview!,http://www.gamepro.com/article/previews/209339/Pokemon-platinum-developer-interview,https://web.archive.org/web/20090327072922/http://www.gamepro.com/article/previews/209339/Pokemon-platinum-developer-interview,2009-03-23,增田顺一; 河内丸武史,Gen 4,EN,GamePro (GamePro.com),Web Media Interview,GamePro; 白金; 钻石·珍珠; 增田顺一; 河内丸武史; Game Freak; NDS; 死链复原; EN,失落网络死链抢救：2009年3月北美《白金》发售前夕，已倒闭老牌电玩杂志 GamePro 记者直击任天堂旧金山湾区总部，面对面专访总监河内丸武史与制作人增田顺一。深度拆解以贵金属白金命名的内涵、反转世界作为时空对立面的构筑哲学、Wi-Fi 语音实时通话机制、纯属性道馆设计、以及主创各自在 GF 内部比赛中的核心队伍（耿鬼、玛狃拉与冲浪水系）。,_posts/2009-03-23-interview-gamepro-platinum-masuda-kawachimaru.md,imported,2009
,1UP.com 深度特稿：增田顺一 × 河内丸武史谈《为何玩家仍为宝可梦着迷》——从493只收集科学到极致简约哲学,Why Gamers Still Play Pokémon,http://www.1up.com/features/gamers-play-pokemon,https://web.archive.org/web/20110805141019/http://www.1up.com/features/gamers-play-pokemon,2009-03-24,增田顺一; 河内丸武史,Gen 4,EN,1UP.com,Web Media Interview,1UP; 白金; 钻石·珍珠; 增田顺一; 河内丸武史; Game Freak; NDS; 游戏哲学; 死链复原; EN,失落网络死链抢救：2009年已倒闭知名游戏门户 1UP 深度专访增田顺一与河内丸武史。面对 1.86 亿套全球销量的奇迹，主创深刻拆解宝可梦打破‘儿童狂热退潮即死’诅咒的底层逻辑：增田顺一旗帜鲜明阐述‘拒绝过度核心化、坚守简约亲民’的游戏哲学；河内丸武史剖析‘宝可梦世界作为安心避风港’的情感依恋；解构 493 只图鉴的跨世代数据继承体系、水面之下努力值/个体值的硬核数学博弈，以及为何坚守掌机平台、坚决拒绝万人在线主机 MMO。,_posts/2009-03-24-interview-1up-why-gamers-still-play-pokemon-masuda.md,imported,2009
